"session_id","game_id","start_date","start_time","duration_minutes","game_mode","controller_style","location","platform","user_id"
1,40,"2018-09-09","08:00 AM",60,"Singleplayer","Controller","Bed","PC","17a87e84-cecb-44fa-9d43-476c8ad9954f"
2,63,"2018-09-09","02:00 PM",45,"Singleplayer","Handheld","Computer Room","Switch","17a87e84-cecb-44fa-9d43-476c8ad9954f"
3,64,"2018-09-09","09:00 PM",60,"Local Multiplayer","Controller","Simone & Kyles","Xbox","17a87e84-cecb-44fa-9d43-476c8ad9954f"
4,63,"2018-09-10","06:00 PM",60,"Singleplayer","Handheld","Computer Room","Switch","17a87e84-cecb-44fa-9d43-476c8ad9954f"
5,63,"2018-09-11","06:00 PM",45,"Singleplayer","Handheld","Computer Room","Switch","17a87e84-cecb-44fa-9d43-476c8ad9954f"
6,63,"2018-09-14","07:00 AM",30,"Singleplayer","Handheld","Ohakune","Switch","17a87e84-cecb-44fa-9d43-476c8ad9954f"
7,63,"2018-09-15","07:00 AM",30,"Singleplayer","Handheld","Ohakune","Switch","17a87e84-cecb-44fa-9d43-476c8ad9954f"
8,63,"2018-09-16","10:00 AM",45,"Singleplayer","Handheld","Computer Room","Switch","17a87e84-cecb-44fa-9d43-476c8ad9954f"
9,63,"2018-09-18","06:00 PM",45,"Singleplayer","Handheld","Computer Room","Switch","17a87e84-cecb-44fa-9d43-476c8ad9954f"
10,65,"2018-09-20","08:00 PM",15,"Singleplayer","Controller","Lounge","PS4","17a87e84-cecb-44fa-9d43-476c8ad9954f"
11,63,"2018-09-20","10:00 PM",30,"Singleplayer","Handheld","Computer Room","Switch","17a87e84-cecb-44fa-9d43-476c8ad9954f"
12,63,"2018-09-21","07:00 AM",30,"Singleplayer","Handheld","Computer Room","Switch","17a87e84-cecb-44fa-9d43-476c8ad9954f"
13,63,"2018-09-21","07:00 PM",15,"Singleplayer","Handheld","Computer Room","Switch","17a87e84-cecb-44fa-9d43-476c8ad9954f"
14,57,"2018-09-21","08:00 PM",90,"Local Multiplayer","Controller","Lounge","PS4","17a87e84-cecb-44fa-9d43-476c8ad9954f"
15,61,"2018-09-21","09:00 PM",60,"Local Multiplayer","Controller","Lounge","PS4","17a87e84-cecb-44fa-9d43-476c8ad9954f"
16,63,"2018-09-22","07:00 AM",45,"Singleplayer","Handheld","Computer Room","Switch","17a87e84-cecb-44fa-9d43-476c8ad9954f"
17,40,"2018-09-22","10:00 AM",30,"Singleplayer","Controller","Computer Room","PC","17a87e84-cecb-44fa-9d43-476c8ad9954f"
18,63,"2018-09-23","07:00 AM",75,"Singleplayer","Handheld","Bed","Switch","17a87e84-cecb-44fa-9d43-476c8ad9954f"
19,63,"2018-09-23","04:00 PM",30,"Singleplayer","Handheld","Computer Room","Switch","17a87e84-cecb-44fa-9d43-476c8ad9954f"
20,63,"2018-09-26","07:00 PM",45,"Singleplayer","Handheld","Computer Room","Switch","17a87e84-cecb-44fa-9d43-476c8ad9954f"
21,63,"2018-09-26","09:00 PM",30,"Singleplayer","Handheld","Computer Room","Switch","17a87e84-cecb-44fa-9d43-476c8ad9954f"
22,63,"2018-09-27","07:00 AM",30,"Singleplayer","Handheld","Computer Room","Switch","17a87e84-cecb-44fa-9d43-476c8ad9954f"
23,63,"2018-09-27","07:00 PM",30,"Singleplayer","Handheld","Computer Room","Switch","17a87e84-cecb-44fa-9d43-476c8ad9954f"
24,63,"2018-09-28","06:00 AM",15,"Singleplayer","Handheld","Bed","Switch","17a87e84-cecb-44fa-9d43-476c8ad9954f"
25,63,"2018-09-29","07:00 AM",30,"Singleplayer","Handheld","Computer Room","Switch","17a87e84-cecb-44fa-9d43-476c8ad9954f"
26,63,"2018-09-29","10:00 AM",15,"Singleplayer","Handheld","Computer Room","Switch","17a87e84-cecb-44fa-9d43-476c8ad9954f"
27,63,"2018-09-29","05:00 PM",30,"Singleplayer","Handheld","Work","Switch","17a87e84-cecb-44fa-9d43-476c8ad9954f"
28,63,"2018-10-01","07:00 PM",30,"Singleplayer","Handheld","Computer Room","Switch","17a87e84-cecb-44fa-9d43-476c8ad9954f"
29,63,"2018-10-02","08:00 PM",30,"Singleplayer","Handheld","Computer Room","Switch","17a87e84-cecb-44fa-9d43-476c8ad9954f"
30,63,"2018-10-03","07:00 AM",15,"Singleplayer","Handheld","Computer Room","Switch","17a87e84-cecb-44fa-9d43-476c8ad9954f"
31,66,"2018-10-03","06:00 PM",105,"Singleplayer","Controller","Computer Room","PC","17a87e84-cecb-44fa-9d43-476c8ad9954f"
32,63,"2018-10-04","06:00 PM",15,"Singleplayer","Handheld","Computer Room","Switch","17a87e84-cecb-44fa-9d43-476c8ad9954f"
33,66,"2018-10-05","08:00 AM",45,"Singleplayer","Controller","Computer Room","PC","17a87e84-cecb-44fa-9d43-476c8ad9954f"
34,57,"2018-10-05","06:00 PM",45,"Local Multiplayer","Controller","Lounge","PS4","17a87e84-cecb-44fa-9d43-476c8ad9954f"
35,66,"2018-10-05","06:00 PM",60,"Singleplayer","Controller","Computer Room","PC","17a87e84-cecb-44fa-9d43-476c8ad9954f"
36,63,"2018-10-06","07:00 AM",15,"Singleplayer","Handheld","Computer Room","Switch","17a87e84-cecb-44fa-9d43-476c8ad9954f"
37,66,"2018-10-06","09:00 AM",60,"Singleplayer","Controller","Computer Room","PC","17a87e84-cecb-44fa-9d43-476c8ad9954f"
38,66,"2018-10-07","09:00 AM",90,"Singleplayer","Controller","Computer Room","PC","17a87e84-cecb-44fa-9d43-476c8ad9954f"
39,66,"2018-10-07","02:00 PM",60,"Singleplayer","Controller","Computer Room","PC","17a87e84-cecb-44fa-9d43-476c8ad9954f"
40,66,"2018-10-07","06:00 PM",15,"Singleplayer","Controller","Computer Room","PC","17a87e84-cecb-44fa-9d43-476c8ad9954f"
41,66,"2018-10-08","09:00 PM",60,"Singleplayer","Controller","Computer Room","PC","17a87e84-cecb-44fa-9d43-476c8ad9954f"
42,63,"2018-10-09","07:00 AM",15,"Singleplayer","Handheld","Computer Room","Switch","17a87e84-cecb-44fa-9d43-476c8ad9954f"
43,63,"2018-10-10","06:00 PM",30,"Singleplayer","Handheld","Computer Room","Switch","17a87e84-cecb-44fa-9d43-476c8ad9954f"
44,63,"2018-10-12","07:00 AM",15,"Singleplayer","Handheld","Bed","Switch","17a87e84-cecb-44fa-9d43-476c8ad9954f"
45,67,"2018-10-12","06:00 PM",60,"Local Multiplayer","Controller","Lounge","Switch","17a87e84-cecb-44fa-9d43-476c8ad9954f"
46,9,"2018-10-12","07:00 PM",60,"Local Multiplayer","Controller","Lounge","Switch","17a87e84-cecb-44fa-9d43-476c8ad9954f"
47,68,"2018-10-12","08:00 PM",45,"Local Multiplayer","Controller","Lounge","Nintendo 64","17a87e84-cecb-44fa-9d43-476c8ad9954f"
48,69,"2018-10-12","09:00 PM",60,"Local Multiplayer","Controller","Lounge","Nintendo 64","17a87e84-cecb-44fa-9d43-476c8ad9954f"
49,63,"2018-10-13","08:00 AM",30,"Singleplayer","Handheld","Computer Room","Switch","17a87e84-cecb-44fa-9d43-476c8ad9954f"
50,66,"2018-10-13","09:00 AM",60,"Singleplayer","Controller","Computer Room","PC","17a87e84-cecb-44fa-9d43-476c8ad9954f"
51,66,"2018-10-13","04:00 PM",75,"Online Multiplayer","Controller","Simone & Kyles","PC","17a87e84-cecb-44fa-9d43-476c8ad9954f"
52,66,"2018-10-14","05:00 PM",60,"Singleplayer","Controller","Computer Room","PC","17a87e84-cecb-44fa-9d43-476c8ad9954f"
53,57,"2018-10-14","06:00 PM",30,"Local Multiplayer","Controller","Computer Room","PS4","17a87e84-cecb-44fa-9d43-476c8ad9954f"
54,64,"2018-10-14","07:00 PM",60,"Local Multiplayer","Controller","Simone & Kyles","Xbox","17a87e84-cecb-44fa-9d43-476c8ad9954f"
55,63,"2018-10-15","06:00 PM",15,"Singleplayer","Handheld","Computer Room","Switch","17a87e84-cecb-44fa-9d43-476c8ad9954f"
56,63,"2018-10-16","07:00 AM",30,"Singleplayer","Handheld","Computer Room","Switch","17a87e84-cecb-44fa-9d43-476c8ad9954f"
57,66,"2018-10-17","09:00 PM",60,"Singleplayer","Controller","Computer Room","PC","17a87e84-cecb-44fa-9d43-476c8ad9954f"
58,66,"2018-10-18","07:00 AM",30,"Singleplayer","Controller","Computer Room","PC","17a87e84-cecb-44fa-9d43-476c8ad9954f"
59,63,"2018-10-19","07:00 AM",45,"Singleplayer","Handheld","Bed","Switch","17a87e84-cecb-44fa-9d43-476c8ad9954f"
60,57,"2018-10-19","08:00 PM",30,"Local Multiplayer","Controller","Computer Room","PS4","17a87e84-cecb-44fa-9d43-476c8ad9954f"
61,67,"2018-10-19","09:00 PM",90,"Local Multiplayer","Controller","Computer Room","Switch","17a87e84-cecb-44fa-9d43-476c8ad9954f"
62,63,"2018-10-20","07:00 AM",30,"Singleplayer","Handheld","Computer Room","Switch","17a87e84-cecb-44fa-9d43-476c8ad9954f"
63,66,"2018-10-20","09:00 AM",60,"Singleplayer","Controller","Computer Room","PC","17a87e84-cecb-44fa-9d43-476c8ad9954f"
64,66,"2018-10-21","08:00 AM",60,"Singleplayer","Controller","Computer Room","PC","17a87e84-cecb-44fa-9d43-476c8ad9954f"
65,70,"2018-10-21","02:00 PM",45,"Online Multiplayer","Oculus Touch","Computer Room","PC","17a87e84-cecb-44fa-9d43-476c8ad9954f"
66,71,"2018-10-22","12:00 AM",60,"Local Multiplayer","Controller","Simone & Kyles","Xbox","17a87e84-cecb-44fa-9d43-476c8ad9954f"
67,71,"2018-10-22","11:00 AM",60,"Local Multiplayer","Controller","Simone & Kyles","Xbox","17a87e84-cecb-44fa-9d43-476c8ad9954f"
68,66,"2018-10-23","06:00 PM",30,"Singleplayer","Controller","Computer Room","PC","17a87e84-cecb-44fa-9d43-476c8ad9954f"
69,63,"2018-10-24","07:00 AM",15,"Singleplayer","Handheld","Bed","Switch","17a87e84-cecb-44fa-9d43-476c8ad9954f"
70,66,"2018-10-24","08:00 PM",90,"Singleplayer","Controller","Computer Room","PC","17a87e84-cecb-44fa-9d43-476c8ad9954f"
71,63,"2018-10-25","10:00 PM",15,"Singleplayer","Handheld","Computer Room","Switch","17a87e84-cecb-44fa-9d43-476c8ad9954f"
72,66,"2018-10-26","06:00 PM",45,"Singleplayer","Controller","Computer Room","PC","17a87e84-cecb-44fa-9d43-476c8ad9954f"
73,63,"2018-10-27","07:00 AM",30,"Singleplayer","Handheld","Bed","Switch","17a87e84-cecb-44fa-9d43-476c8ad9954f"
74,66,"2018-10-27","08:00 AM",90,"Singleplayer","Controller","Computer Room","PC","17a87e84-cecb-44fa-9d43-476c8ad9954f"
75,44,"2018-10-27","01:00 PM",45,"Singleplayer","Oculus Touch","Computer Room","Oculus","17a87e84-cecb-44fa-9d43-476c8ad9954f"
76,66,"2018-10-27","04:00 PM",60,"Singleplayer","Controller","Computer Room","PC","17a87e84-cecb-44fa-9d43-476c8ad9954f"
77,67,"2018-10-27","06:00 PM",90,"Local Multiplayer","Controller","Computer Room","Switch","17a87e84-cecb-44fa-9d43-476c8ad9954f"
78,63,"2018-10-28","06:00 AM",30,"Singleplayer","Handheld","Computer Room","Switch","17a87e84-cecb-44fa-9d43-476c8ad9954f"
79,66,"2018-10-28","04:00 PM",60,"Singleplayer","Controller","Computer Room","PC","17a87e84-cecb-44fa-9d43-476c8ad9954f"
80,66,"2018-11-01","06:00 PM",45,"Singleplayer","Controller","Computer Room","PC","17a87e84-cecb-44fa-9d43-476c8ad9954f"
81,63,"2018-11-01","10:00 PM",30,"Singleplayer","Handheld","Bed","Switch","17a87e84-cecb-44fa-9d43-476c8ad9954f"
82,63,"2018-11-02","06:00 AM",30,"Singleplayer","Handheld","Bed","Switch","17a87e84-cecb-44fa-9d43-476c8ad9954f"
83,63,"2018-11-03","06:00 AM",45,"Singleplayer","Handheld","Bed","Switch","17a87e84-cecb-44fa-9d43-476c8ad9954f"
84,66,"2018-11-03","08:00 AM",60,"Singleplayer","Controller","Computer Room","PC","17a87e84-cecb-44fa-9d43-476c8ad9954f"
85,72,"2018-11-03","10:00 AM",60,"Singleplayer","Controller","Computer Room","PC","17a87e84-cecb-44fa-9d43-476c8ad9954f"
86,66,"2018-11-04","08:00 AM",60,"Singleplayer","Controller","Computer Room","PC","17a87e84-cecb-44fa-9d43-476c8ad9954f"
87,39,"2018-11-04","04:00 PM",150,"Online Multiplayer","Controller","Computer Room","PC","17a87e84-cecb-44fa-9d43-476c8ad9954f"
88,63,"2018-11-06","06:00 AM",15,"Singleplayer","Handheld","Bed","Switch","17a87e84-cecb-44fa-9d43-476c8ad9954f"
89,66,"2018-11-07","09:00 PM",15,"Singleplayer","Controller","Computer Room","PC","17a87e84-cecb-44fa-9d43-476c8ad9954f"
90,66,"2018-11-14","07:00 AM",45,"Singleplayer","Controller","Computer Room","PC","17a87e84-cecb-44fa-9d43-476c8ad9954f"
91,73,"2018-11-14","10:00 AM",75,"Singleplayer","Controller","Simone & Kyles","Xbox","17a87e84-cecb-44fa-9d43-476c8ad9954f"
92,73,"2018-11-14","02:00 PM",90,"Singleplayer","Controller","Simone & Kyles","Xbox","17a87e84-cecb-44fa-9d43-476c8ad9954f"
93,74,"2018-11-14","09:00 PM",15,"Local Multiplayer","Kinect","Simone & Kyles","Xbox","17a87e84-cecb-44fa-9d43-476c8ad9954f"
94,72,"2018-11-15","09:00 PM",60,"Singleplayer","Controller","Computer Room","PC","17a87e84-cecb-44fa-9d43-476c8ad9954f"
95,75,"2018-11-17","06:00 AM",60,"Singleplayer","Handheld","Bed","Switch","17a87e84-cecb-44fa-9d43-476c8ad9954f"
96,76,"2018-11-17","06:00 PM",120,"Local Multiplayer","Rockband Controllers","Simone & Kyles","Xbox","17a87e84-cecb-44fa-9d43-476c8ad9954f"
97,75,"2018-11-18","07:00 AM",30,"Singleplayer","Handheld","Computer Room","Switch","17a87e84-cecb-44fa-9d43-476c8ad9954f"
98,75,"2018-11-18","11:00 AM",30,"Singleplayer","Handheld","Computer Room","Switch","17a87e84-cecb-44fa-9d43-476c8ad9954f"
99,72,"2018-11-18","05:00 PM",45,"Singleplayer","Controller","Computer Room","PC","17a87e84-cecb-44fa-9d43-476c8ad9954f"
100,75,"2018-11-18","06:00 PM",45,"Singleplayer","Handheld","Computer Room","Switch","17a87e84-cecb-44fa-9d43-476c8ad9954f"
101,75,"2018-11-19","06:00 AM",30,"Singleplayer","Handheld","Bed","Switch","17a87e84-cecb-44fa-9d43-476c8ad9954f"
102,75,"2018-11-19","06:00 PM",15,"Singleplayer","Handheld","Lounge","Switch","17a87e84-cecb-44fa-9d43-476c8ad9954f"
103,75,"2018-11-19","09:00 PM",60,"Singleplayer","Handheld","Computer Room","Switch","17a87e84-cecb-44fa-9d43-476c8ad9954f"
104,75,"2018-11-20","09:00 PM",45,"Singleplayer","Handheld","Computer Room","Switch","17a87e84-cecb-44fa-9d43-476c8ad9954f"
105,75,"2018-11-21","09:00 PM",45,"Singleplayer","Handheld","Computer Room","Switch","17a87e84-cecb-44fa-9d43-476c8ad9954f"
106,75,"2018-11-22","09:00 PM",60,"Singleplayer","Handheld","Computer Room","Switch","17a87e84-cecb-44fa-9d43-476c8ad9954f"
107,75,"2018-11-23","01:00 PM",30,"Singleplayer","Handheld","Beach","Switch","17a87e84-cecb-44fa-9d43-476c8ad9954f"
108,75,"2018-11-24","06:00 AM",60,"Singleplayer","Handheld","Bed","Switch","17a87e84-cecb-44fa-9d43-476c8ad9954f"
109,57,"2018-11-24","08:00 PM",60,"Local Multiplayer","Controller","Regan, Amy & Braydens","PS4","17a87e84-cecb-44fa-9d43-476c8ad9954f"
110,67,"2018-11-24","09:00 PM",60,"Local Multiplayer","Controller","Regan, Amy & Braydens","Switch","17a87e84-cecb-44fa-9d43-476c8ad9954f"
111,73,"2018-11-25","11:00 AM",90,"Singleplayer","Controller","Simone & Kyles","Xbox","17a87e84-cecb-44fa-9d43-476c8ad9954f"
112,73,"2018-11-25","04:00 PM",60,"Singleplayer","Controller","Simone & Kyles","Xbox","17a87e84-cecb-44fa-9d43-476c8ad9954f"
113,75,"2018-11-26","08:00 AM",60,"Singleplayer","Handheld","Computer Room","Switch","17a87e84-cecb-44fa-9d43-476c8ad9954f"
114,73,"2018-11-26","01:00 PM",105,"Singleplayer","Controller","Simone & Kyles","Xbox","17a87e84-cecb-44fa-9d43-476c8ad9954f"
115,75,"2018-11-26","04:00 PM",45,"Singleplayer","Handheld","Computer Room","Switch","17a87e84-cecb-44fa-9d43-476c8ad9954f"
116,75,"2018-11-27","10:00 PM",15,"Singleplayer","Handheld","Bed","Switch","17a87e84-cecb-44fa-9d43-476c8ad9954f"
117,75,"2018-11-28","10:00 PM",45,"Singleplayer","Handheld","Bed","Switch","17a87e84-cecb-44fa-9d43-476c8ad9954f"
118,75,"2018-11-28","05:00 PM",15,"Singleplayer","Handheld","Computer Room","Switch","17a87e84-cecb-44fa-9d43-476c8ad9954f"
119,75,"2018-11-28","10:00 PM",45,"Singleplayer","Handheld","Bed","Switch","17a87e84-cecb-44fa-9d43-476c8ad9954f"
120,75,"2018-11-30","06:00 AM",60,"Singleplayer","Handheld","Bed","Switch","17a87e84-cecb-44fa-9d43-476c8ad9954f"
121,75,"2018-12-01","06:00 AM",60,"Singleplayer","Handheld","Bed","Switch","17a87e84-cecb-44fa-9d43-476c8ad9954f"
122,75,"2018-12-01","10:00 AM",45,"Singleplayer","Handheld","Computer Room","Switch","17a87e84-cecb-44fa-9d43-476c8ad9954f"
123,39,"2018-12-01","03:00 PM",150,"Online Multiplayer","Controller","Computer Room","PC","17a87e84-cecb-44fa-9d43-476c8ad9954f"
124,75,"2018-12-02","07:00 AM",30,"Singleplayer","Handheld","Bed","Switch","17a87e84-cecb-44fa-9d43-476c8ad9954f"
125,73,"2018-12-03","09:00 PM",30,"Singleplayer","Controller","Simone & Kyles","Xbox","17a87e84-cecb-44fa-9d43-476c8ad9954f"
126,75,"2018-12-04","06:00 AM",45,"Singleplayer","Handheld","Bed","Switch","17a87e84-cecb-44fa-9d43-476c8ad9954f"
127,75,"2018-12-04","09:00 PM",30,"Singleplayer","Handheld","Computer Room","Switch","17a87e84-cecb-44fa-9d43-476c8ad9954f"
128,75,"2018-12-05","09:00 PM",30,"Singleplayer","Handheld","Computer Room","Switch","17a87e84-cecb-44fa-9d43-476c8ad9954f"
129,75,"2018-12-06","06:00 AM",30,"Singleplayer","Handheld","Bed","Switch","17a87e84-cecb-44fa-9d43-476c8ad9954f"
130,75,"2018-12-07","06:00 AM",30,"Singleplayer","Handheld","Bed","Switch","17a87e84-cecb-44fa-9d43-476c8ad9954f"
131,75,"2018-12-08","06:00 AM",15,"Singleplayer","Handheld","Bed","Switch","17a87e84-cecb-44fa-9d43-476c8ad9954f"
132,66,"2018-12-08","01:00 PM",45,"Singleplayer","Controller","Computer Room","PC","17a87e84-cecb-44fa-9d43-476c8ad9954f"
133,44,"2018-12-08","04:00 PM",30,"Singleplayer","Oculus Touch","Computer Room","Oculus","17a87e84-cecb-44fa-9d43-476c8ad9954f"
134,75,"2018-12-08","06:00 PM",30,"Singleplayer","Handheld","Computer Room","Switch","17a87e84-cecb-44fa-9d43-476c8ad9954f"
135,77,"2018-12-09","04:00 AM",30,"Singleplayer","Controller","Simone & Kyles","Xbox","17a87e84-cecb-44fa-9d43-476c8ad9954f"
136,73,"2018-12-09","06:00 AM",60,"Singleplayer","Controller","Simone & Kyles","Xbox","17a87e84-cecb-44fa-9d43-476c8ad9954f"
137,73,"2018-12-09","09:00 AM",75,"Singleplayer","Controller","Simone & Kyles","Xbox","17a87e84-cecb-44fa-9d43-476c8ad9954f"
138,75,"2018-12-09","05:00 PM",90,"Singleplayer","Handheld","Computer Room","Switch","17a87e84-cecb-44fa-9d43-476c8ad9954f"
139,75,"2018-12-10","10:00 PM",30,"Singleplayer","Handheld","Bed","Switch","17a87e84-cecb-44fa-9d43-476c8ad9954f"
140,66,"2018-12-11","08:00 PM",60,"Singleplayer","Controller","Computer Room","PC","17a87e84-cecb-44fa-9d43-476c8ad9954f"
141,75,"2018-12-12","07:00 AM",30,"Singleplayer","Handheld","Computer Room","Switch","17a87e84-cecb-44fa-9d43-476c8ad9954f"
142,78,"2018-12-13","09:00 PM",90,"Online Multiplayer","Keyboard & Mouse","Simone & Kyles","PC","17a87e84-cecb-44fa-9d43-476c8ad9954f"
143,75,"2018-12-15","07:00 AM",30,"Singleplayer","Handheld","Computer Room","Switch","17a87e84-cecb-44fa-9d43-476c8ad9954f"
144,66,"2018-12-15","11:00 AM",45,"Singleplayer","Controller","Computer Room","PC","17a87e84-cecb-44fa-9d43-476c8ad9954f"
145,75,"2018-12-18","09:00 PM",45,"Singleplayer","Handheld","Bed","Switch","17a87e84-cecb-44fa-9d43-476c8ad9954f"
146,75,"2018-12-19","10:00 PM",30,"Singleplayer","Handheld","Bed","Switch","17a87e84-cecb-44fa-9d43-476c8ad9954f"
147,78,"2018-12-20","07:00 PM",120,"Online Multiplayer","Keyboard & Mouse","Computer Room","PC","17a87e84-cecb-44fa-9d43-476c8ad9954f"
148,78,"2018-12-20","09:00 PM",45,"Online Multiplayer","Keyboard & Mouse","Computer Room","PC","17a87e84-cecb-44fa-9d43-476c8ad9954f"
149,73,"2018-12-22","08:00 PM",60,"Singleplayer","Controller","Simone & Kyles","Xbox","17a87e84-cecb-44fa-9d43-476c8ad9954f"
150,75,"2018-12-23","07:00 AM",30,"Singleplayer","Handheld","Bed","Switch","17a87e84-cecb-44fa-9d43-476c8ad9954f"
151,73,"2018-12-23","11:00 AM",150,"Singleplayer","Controller","Simone & Kyles","Xbox","17a87e84-cecb-44fa-9d43-476c8ad9954f"
152,57,"2018-12-23","08:00 PM",60,"Local Multiplayer","Controller","Simone & Kyles","PS4","17a87e84-cecb-44fa-9d43-476c8ad9954f"
153,73,"2018-12-24","01:00 PM",120,"Singleplayer","Controller","Simone & Kyles","Xbox","17a87e84-cecb-44fa-9d43-476c8ad9954f"
154,75,"2018-12-27","01:00 PM",30,"Singleplayer","Handheld","Lounge","Switch","17a87e84-cecb-44fa-9d43-476c8ad9954f"
155,79,"2018-12-28","03:00 PM",90,"Local Multiplayer","Controller","Lounge","Switch","17a87e84-cecb-44fa-9d43-476c8ad9954f"
156,71,"2018-12-28","08:00 PM",75,"Local Multiplayer","Controller","Simone & Kyles","Xbox","17a87e84-cecb-44fa-9d43-476c8ad9954f"
157,62,"2018-12-29","05:00 PM",30,"Local Multiplayer","Controller","Lounge","PS4","17a87e84-cecb-44fa-9d43-476c8ad9954f"
158,80,"2019-01-01","08:00 PM",165,"Local Multiplayer","Keyboard & Mouse","Simone & Kyles","PC","17a87e84-cecb-44fa-9d43-476c8ad9954f"
159,1,"2019-01-06","04:00 PM",75,"Singleplayer","Keyboard & Mouse","Plane","Switch","17a87e84-cecb-44fa-9d43-476c8ad9954f"
160,1,"2019-01-07","04:00 PM",45,"Singleplayer","Keyboard & Mouse","Lounge","Switch","17a87e84-cecb-44fa-9d43-476c8ad9954f"
161,1,"2019-01-08","09:00 AM",30,"Singleplayer","Keyboard & Mouse","Lounge","Switch","17a87e84-cecb-44fa-9d43-476c8ad9954f"
162,1,"2019-01-10","04:00 PM",105,"Singleplayer","Keyboard & Mouse","Lounge","Switch","17a87e84-cecb-44fa-9d43-476c8ad9954f"
163,1,"2019-01-11","07:00 AM",30,"Singleplayer","Keyboard & Mouse","Lounge","Switch","17a87e84-cecb-44fa-9d43-476c8ad9954f"
164,1,"2019-01-12","08:00 AM",60,"Singleplayer","Keyboard & Mouse","Lounge","Switch","17a87e84-cecb-44fa-9d43-476c8ad9954f"
165,1,"2019-01-13","08:00 AM",90,"Singleplayer","Keyboard & Mouse","Lounge","Switch","17a87e84-cecb-44fa-9d43-476c8ad9954f"
166,1,"2019-01-14","07:00 AM",45,"Singleplayer","Keyboard & Mouse","Lounge","Switch","17a87e84-cecb-44fa-9d43-476c8ad9954f"
167,1,"2019-01-14","06:00 PM",30,"Singleplayer","Keyboard & Mouse","Lounge","Switch","17a87e84-cecb-44fa-9d43-476c8ad9954f"
168,1,"2019-01-14","09:00 PM",30,"Singleplayer","Keyboard & Mouse","Lounge","Switch","17a87e84-cecb-44fa-9d43-476c8ad9954f"
169,1,"2019-01-15","07:00 AM",30,"Singleplayer","Keyboard & Mouse","Lounge","Switch","17a87e84-cecb-44fa-9d43-476c8ad9954f"
170,1,"2019-01-15","09:00 PM",30,"Singleplayer","Keyboard & Mouse","Lounge","Switch","17a87e84-cecb-44fa-9d43-476c8ad9954f"
171,1,"2019-01-16","07:00 AM",30,"Singleplayer","Keyboard & Mouse","Lounge","Switch","17a87e84-cecb-44fa-9d43-476c8ad9954f"
172,1,"2019-01-16","05:00 PM",45,"Singleplayer","Keyboard & Mouse","Lounge","Switch","17a87e84-cecb-44fa-9d43-476c8ad9954f"
173,1,"2019-01-17","05:00 PM",45,"Singleplayer","Keyboard & Mouse","Lounge","Switch","17a87e84-cecb-44fa-9d43-476c8ad9954f"
174,1,"2019-01-18","06:00 PM",30,"Singleplayer","Keyboard & Mouse","Lounge","Switch","17a87e84-cecb-44fa-9d43-476c8ad9954f"
175,1,"2019-01-19","04:00 PM",30,"Singleplayer","Keyboard & Mouse","Lounge","Switch","17a87e84-cecb-44fa-9d43-476c8ad9954f"
176,1,"2019-01-20","07:00 AM",30,"Singleplayer","Keyboard & Mouse","Bed","Switch","17a87e84-cecb-44fa-9d43-476c8ad9954f"
177,1,"2019-01-21","07:00 PM",45,"Online Multiplayer","Keyboard & Mouse","Bed","PC","17a87e84-cecb-44fa-9d43-476c8ad9954f"
178,1,"2019-01-23","05:00 PM",30,"Singleplayer","Keyboard & Mouse","Lounge","Switch","17a87e84-cecb-44fa-9d43-476c8ad9954f"
179,1,"2019-01-24","06:00 PM",30,"Singleplayer","Keyboard & Mouse","Lounge","Switch","17a87e84-cecb-44fa-9d43-476c8ad9954f"
180,81,"2019-01-25","05:00 AM",45,"Singleplayer","Controller","Bed","Switch","17a87e84-cecb-44fa-9d43-476c8ad9954f"
181,81,"2019-01-25","06:00 PM",45,"Singleplayer","Controller","Lounge","Switch","17a87e84-cecb-44fa-9d43-476c8ad9954f"
182,1,"2019-01-25","07:00 PM",45,"Singleplayer","Keyboard & Mouse","Lounge","Switch","17a87e84-cecb-44fa-9d43-476c8ad9954f"
183,81,"2019-01-26","07:00 AM",30,"Singleplayer","Controller","Bed","Switch","17a87e84-cecb-44fa-9d43-476c8ad9954f"
184,78,"2019-01-26","06:00 PM",135,"Online Multiplayer","Keyboard & Mouse","Lounge","PC","17a87e84-cecb-44fa-9d43-476c8ad9954f"
185,81,"2019-01-27","07:00 AM",30,"Singleplayer","Controller","Bed","Switch","17a87e84-cecb-44fa-9d43-476c8ad9954f"
186,1,"2019-01-27","01:00 PM",45,"Singleplayer","Keyboard & Mouse","Lounge","Switch","17a87e84-cecb-44fa-9d43-476c8ad9954f"
187,81,"2019-01-27","03:00 PM",45,"Singleplayer","Controller","Lounge","Switch","17a87e84-cecb-44fa-9d43-476c8ad9954f"
188,1,"2019-01-28","02:00 PM",30,"Singleplayer","Keyboard & Mouse","Lounge","Switch","17a87e84-cecb-44fa-9d43-476c8ad9954f"
189,81,"2019-01-28","07:00 PM",30,"Singleplayer","Controller","Lounge","Switch","17a87e84-cecb-44fa-9d43-476c8ad9954f"
190,1,"2019-01-28","09:00 PM",30,"Singleplayer","Keyboard & Mouse","Lounge","Switch","17a87e84-cecb-44fa-9d43-476c8ad9954f"
191,81,"2019-01-30","06:00 PM",15,"Singleplayer","Controller","Lounge","Switch","17a87e84-cecb-44fa-9d43-476c8ad9954f"
192,81,"2019-02-01","07:00 AM",30,"Singleplayer","Controller","Lounge","Switch","17a87e84-cecb-44fa-9d43-476c8ad9954f"
193,81,"2019-02-01","06:00 PM",60,"Singleplayer","Controller","Lounge","Switch","17a87e84-cecb-44fa-9d43-476c8ad9954f"
194,81,"2019-02-01","09:00 PM",45,"Singleplayer","Controller","Lounge","Switch","17a87e84-cecb-44fa-9d43-476c8ad9954f"
195,82,"2019-02-02","01:00 PM",45,"Local Multiplayer","Controller","Lounge","PS4","17a87e84-cecb-44fa-9d43-476c8ad9954f"
196,82,"2019-02-02","07:00 PM",120,"Local Multiplayer","Controller","Lounge","PS4","17a87e84-cecb-44fa-9d43-476c8ad9954f"
197,81,"2019-02-03","08:00 AM",30,"Singleplayer","Controller","Bed","Switch","17a87e84-cecb-44fa-9d43-476c8ad9954f"
198,82,"2019-02-03","06:00 PM",45,"Local Multiplayer","Controller","Lounge","PS4","17a87e84-cecb-44fa-9d43-476c8ad9954f"
199,82,"2019-02-04","09:00 PM",60,"Local Multiplayer","Controller","Lounge","PS4","17a87e84-cecb-44fa-9d43-476c8ad9954f"
200,81,"2019-02-06","06:00 PM",30,"Singleplayer","Controller","Lounge","Switch","17a87e84-cecb-44fa-9d43-476c8ad9954f"
201,82,"2019-02-06","09:00 PM",60,"Local Multiplayer","Controller","Lounge","PS4","17a87e84-cecb-44fa-9d43-476c8ad9954f"
202,82,"2019-02-07","09:00 PM",45,"Local Multiplayer","Controller","Lounge","PS4","17a87e84-cecb-44fa-9d43-476c8ad9954f"
203,82,"2019-02-09","09:00 AM",60,"Local Multiplayer","Controller","Lounge","PS4","17a87e84-cecb-44fa-9d43-476c8ad9954f"
204,81,"2019-02-09","06:00 PM",30,"Singleplayer","Controller","Lounge","Switch","17a87e84-cecb-44fa-9d43-476c8ad9954f"
205,82,"2019-02-09","10:00 PM",45,"Local Multiplayer","Controller","Lounge","PS4","17a87e84-cecb-44fa-9d43-476c8ad9954f"
206,75,"2019-02-11","05:00 PM",30,"Singleplayer","Handheld","Train / Train Station","Switch","17a87e84-cecb-44fa-9d43-476c8ad9954f"
207,82,"2019-02-11","09:00 PM",45,"Local Multiplayer","Controller","Lounge","PS4","17a87e84-cecb-44fa-9d43-476c8ad9954f"
208,82,"2019-02-13","09:00 PM",60,"Local Multiplayer","Controller","Lounge","PS4","17a87e84-cecb-44fa-9d43-476c8ad9954f"
209,83,"2019-02-14","06:00 PM",45,"Online Multiplayer","Controller","Lounge","Switch","17a87e84-cecb-44fa-9d43-476c8ad9954f"
210,82,"2019-02-14","08:00 PM",60,"Local Multiplayer","Controller","Lounge","PS4","17a87e84-cecb-44fa-9d43-476c8ad9954f"
211,83,"2019-02-15","05:00 PM",15,"Online Multiplayer","Controller","Lounge","Switch","17a87e84-cecb-44fa-9d43-476c8ad9954f"
212,83,"2019-02-16","10:00 AM",15,"Online Multiplayer","Controller","Lounge","Switch","17a87e84-cecb-44fa-9d43-476c8ad9954f"
213,75,"2019-02-16","05:00 PM",30,"Singleplayer","Handheld","Lounge","Switch","17a87e84-cecb-44fa-9d43-476c8ad9954f"
214,82,"2019-02-16","07:00 PM",120,"Local Multiplayer","Controller","Lounge","PS4","17a87e84-cecb-44fa-9d43-476c8ad9954f"
215,75,"2019-02-17","07:00 AM",45,"Singleplayer","Handheld","Bed","Switch","17a87e84-cecb-44fa-9d43-476c8ad9954f"
216,83,"2019-02-17","07:00 PM",15,"Online Multiplayer","Controller","Lounge","Switch","17a87e84-cecb-44fa-9d43-476c8ad9954f"
217,82,"2019-02-17","09:00 PM",45,"Local Multiplayer","Controller","Lounge","PS4","17a87e84-cecb-44fa-9d43-476c8ad9954f"
218,75,"2019-02-18","05:00 PM",30,"Singleplayer","Handheld","Train / Train Station","Switch","17a87e84-cecb-44fa-9d43-476c8ad9954f"
219,82,"2019-02-20","09:00 PM",15,"Local Multiplayer","Controller","Lounge","PS4","17a87e84-cecb-44fa-9d43-476c8ad9954f"
220,82,"2019-02-21","09:00 PM",30,"Local Multiplayer","Controller","Lounge","PS4","17a87e84-cecb-44fa-9d43-476c8ad9954f"
221,5,"2019-02-23","07:00 PM",15,"Singleplayer","Controller","Lounge","Switch","17a87e84-cecb-44fa-9d43-476c8ad9954f"
222,82,"2019-02-23","09:00 PM",30,"Local Multiplayer","Controller","Lounge","PS4","17a87e84-cecb-44fa-9d43-476c8ad9954f"
223,5,"2019-02-24","07:00 AM",45,"Singleplayer","Controller","Bed","Switch","17a87e84-cecb-44fa-9d43-476c8ad9954f"
224,5,"2019-02-25","05:00 PM",15,"Singleplayer","Controller","Train / Train Station","Switch","17a87e84-cecb-44fa-9d43-476c8ad9954f"
225,5,"2019-02-25","09:00 PM",45,"Singleplayer","Controller","Lounge","Switch","17a87e84-cecb-44fa-9d43-476c8ad9954f"
226,5,"2019-02-26","07:00 AM",45,"Singleplayer","Controller","Lounge","Switch","17a87e84-cecb-44fa-9d43-476c8ad9954f"
227,82,"2019-02-26","09:00 PM",45,"Local Multiplayer","Controller","Lounge","PS4","17a87e84-cecb-44fa-9d43-476c8ad9954f"
228,5,"2019-02-28","07:00 AM",45,"Singleplayer","Controller","Lounge","Switch","17a87e84-cecb-44fa-9d43-476c8ad9954f"
229,82,"2019-02-28","08:00 PM",60,"Local Multiplayer","Controller","Lounge","PS4","17a87e84-cecb-44fa-9d43-476c8ad9954f"
230,5,"2019-03-01","07:00 AM",45,"Singleplayer","Controller","Lounge","Switch","17a87e84-cecb-44fa-9d43-476c8ad9954f"
231,5,"2019-03-03","07:00 AM",60,"Singleplayer","Controller","Bed","Switch","17a87e84-cecb-44fa-9d43-476c8ad9954f"
232,82,"2019-03-05","08:00 PM",45,"Local Multiplayer","Controller","Conors Room","PS4","17a87e84-cecb-44fa-9d43-476c8ad9954f"
233,5,"2019-03-06","07:00 PM",15,"Singleplayer","Controller","Train / Train Station","Switch","17a87e84-cecb-44fa-9d43-476c8ad9954f"
234,5,"2019-03-06","09:00 PM",30,"Singleplayer","Controller","Bed","Switch","17a87e84-cecb-44fa-9d43-476c8ad9954f"
235,5,"2019-03-07","07:00 PM",15,"Singleplayer","Controller","Lounge","Switch","17a87e84-cecb-44fa-9d43-476c8ad9954f"
236,82,"2019-03-07","08:00 PM",60,"Local Multiplayer","Controller","Conors Room","PS4","17a87e84-cecb-44fa-9d43-476c8ad9954f"
237,75,"2019-03-10","07:00 AM",30,"Singleplayer","Handheld","Bed","Switch","17a87e84-cecb-44fa-9d43-476c8ad9954f"
238,75,"2019-03-11","07:00 AM",45,"Singleplayer","Handheld","Bed","Switch","17a87e84-cecb-44fa-9d43-476c8ad9954f"
239,82,"2019-03-11","04:00 PM",60,"Local Multiplayer","Controller","Conors Room","PS4","17a87e84-cecb-44fa-9d43-476c8ad9954f"
240,75,"2019-03-11","08:00 PM",15,"Singleplayer","Handheld","Lounge","Switch","17a87e84-cecb-44fa-9d43-476c8ad9954f"
241,75,"2019-03-12","07:00 PM",30,"Singleplayer","Handheld","Lounge","Switch","17a87e84-cecb-44fa-9d43-476c8ad9954f"
242,75,"2019-03-12","09:00 PM",30,"Singleplayer","Handheld","Bed","Switch","17a87e84-cecb-44fa-9d43-476c8ad9954f"
243,75,"2019-03-13","09:00 PM",60,"Singleplayer","Handheld","Lounge","Switch","17a87e84-cecb-44fa-9d43-476c8ad9954f"
244,75,"2019-03-14","06:00 AM",15,"Singleplayer","Handheld","Bed","Switch","17a87e84-cecb-44fa-9d43-476c8ad9954f"
245,75,"2019-03-14","06:00 PM",30,"Singleplayer","Handheld","Lounge","Switch","17a87e84-cecb-44fa-9d43-476c8ad9954f"
246,82,"2019-03-14","09:00 PM",45,"Local Multiplayer","Controller","Conors Room","PS4","17a87e84-cecb-44fa-9d43-476c8ad9954f"
247,82,"2019-03-23","10:00 AM",30,"Local Multiplayer","Controller","Conors Room","PS4","17a87e84-cecb-44fa-9d43-476c8ad9954f"
248,82,"2019-03-23","05:00 PM",30,"Local Multiplayer","Controller","Conors Room","PS4","17a87e84-cecb-44fa-9d43-476c8ad9954f"
249,82,"2019-03-24","02:00 PM",60,"Local Multiplayer","Controller","Conors Room","PS4","17a87e84-cecb-44fa-9d43-476c8ad9954f"
250,1,"2019-03-24","06:00 PM",60,"Singleplayer","Keyboard & Mouse","Bedroom","Switch","17a87e84-cecb-44fa-9d43-476c8ad9954f"
251,1,"2019-03-25","05:00 PM",15,"Singleplayer","Keyboard & Mouse","Train / Train Station","Switch","17a87e84-cecb-44fa-9d43-476c8ad9954f"
252,82,"2019-03-26","08:00 PM",75,"Local Multiplayer","Controller","Conors Room","PS4","17a87e84-cecb-44fa-9d43-476c8ad9954f"
253,1,"2019-03-27","05:00 PM",15,"Singleplayer","Keyboard & Mouse","Train / Train Station","Switch","17a87e84-cecb-44fa-9d43-476c8ad9954f"
254,1,"2019-03-30","10:00 AM",15,"Singleplayer","Keyboard & Mouse","Bedroom","Switch","17a87e84-cecb-44fa-9d43-476c8ad9954f"
255,1,"2019-03-30","07:00 PM",75,"Singleplayer","Keyboard & Mouse","Bed","Switch","17a87e84-cecb-44fa-9d43-476c8ad9954f"
256,82,"2019-03-30","11:00 PM",45,"Local Multiplayer","Controller","Conors Room","PS4","17a87e84-cecb-44fa-9d43-476c8ad9954f"
257,1,"2019-03-31","07:00 AM",30,"Singleplayer","Keyboard & Mouse","Bed","Switch","17a87e84-cecb-44fa-9d43-476c8ad9954f"
258,1,"2019-03-31","07:00 PM",30,"Singleplayer","Keyboard & Mouse","Lounge","Switch","17a87e84-cecb-44fa-9d43-476c8ad9954f"
259,1,"2019-04-01","08:00 AM",45,"Singleplayer","Keyboard & Mouse","Bed","Switch","17a87e84-cecb-44fa-9d43-476c8ad9954f"
260,1,"2019-04-01","01:00 PM",45,"Singleplayer","Keyboard & Mouse","Lounge","Switch","17a87e84-cecb-44fa-9d43-476c8ad9954f"
261,1,"2019-04-02","06:00 PM",15,"Singleplayer","Keyboard & Mouse","Lounge","Switch","17a87e84-cecb-44fa-9d43-476c8ad9954f"
262,82,"2019-04-02","09:00 PM",15,"Local Multiplayer","Controller","Conors Room","PS4","17a87e84-cecb-44fa-9d43-476c8ad9954f"
263,82,"2019-04-03","09:00 PM",60,"Local Multiplayer","Controller","Conors Room","PS4","17a87e84-cecb-44fa-9d43-476c8ad9954f"
264,82,"2019-04-04","08:00 PM",45,"Local Multiplayer","Controller","Conors Room","PS4","17a87e84-cecb-44fa-9d43-476c8ad9954f"
265,1,"2019-04-05","06:00 PM",30,"Singleplayer","Keyboard & Mouse","Lounge","Switch","17a87e84-cecb-44fa-9d43-476c8ad9954f"
266,82,"2019-04-06","03:00 PM",60,"Local Multiplayer","Controller","Conors Room","PS4","17a87e84-cecb-44fa-9d43-476c8ad9954f"
267,1,"2019-04-07","07:00 AM",15,"Singleplayer","Keyboard & Mouse","Bed","Switch","17a87e84-cecb-44fa-9d43-476c8ad9954f"
268,82,"2019-04-07","01:00 PM",30,"Local Multiplayer","Controller","Conors Room","PS4","17a87e84-cecb-44fa-9d43-476c8ad9954f"
269,82,"2019-04-07","08:00 PM",45,"Local Multiplayer","Controller","Conors Room","PS4","17a87e84-cecb-44fa-9d43-476c8ad9954f"
270,1,"2019-04-08","07:00 PM",15,"Singleplayer","Keyboard & Mouse","Lounge","Switch","17a87e84-cecb-44fa-9d43-476c8ad9954f"
271,82,"2019-04-08","08:00 PM",75,"Local Multiplayer","Controller","Conors Room","PS4","17a87e84-cecb-44fa-9d43-476c8ad9954f"
272,82,"2019-04-10","09:00 PM",45,"Local Multiplayer","Controller","Conors Room","PS4","17a87e84-cecb-44fa-9d43-476c8ad9954f"
273,1,"2019-04-11","05:00 PM",15,"Singleplayer","Keyboard & Mouse","Bus / Bus Stop","Switch","17a87e84-cecb-44fa-9d43-476c8ad9954f"
274,1,"2019-04-11","09:00 PM",15,"Singleplayer","Keyboard & Mouse","Train / Train Station","Switch","17a87e84-cecb-44fa-9d43-476c8ad9954f"
275,1,"2019-04-12","07:00 AM",15,"Singleplayer","Keyboard & Mouse","Bedroom","Switch","17a87e84-cecb-44fa-9d43-476c8ad9954f"
276,82,"2019-04-12","07:00 PM",75,"Local Multiplayer","Controller","Conors Room","PS4","17a87e84-cecb-44fa-9d43-476c8ad9954f"
277,1,"2019-04-13","07:00 PM",30,"Singleplayer","Keyboard & Mouse","Bedroom","Switch","17a87e84-cecb-44fa-9d43-476c8ad9954f"
278,1,"2019-04-14","08:00 AM",30,"Singleplayer","Keyboard & Mouse","Bedroom","Switch","17a87e84-cecb-44fa-9d43-476c8ad9954f"
279,1,"2019-04-14","06:00 PM",15,"Singleplayer","Keyboard & Mouse","Bedroom","Switch","17a87e84-cecb-44fa-9d43-476c8ad9954f"
280,1,"2019-04-14","08:00 PM",30,"Singleplayer","Keyboard & Mouse","Bed","Switch","17a87e84-cecb-44fa-9d43-476c8ad9954f"
281,1,"2019-04-15","08:00 PM",30,"Singleplayer","Keyboard & Mouse","Bed","Switch","17a87e84-cecb-44fa-9d43-476c8ad9954f"
282,1,"2019-04-16","07:00 AM",15,"Singleplayer","Keyboard & Mouse","Train / Train Station","Switch","17a87e84-cecb-44fa-9d43-476c8ad9954f"
283,1,"2019-04-16","06:00 PM",15,"Singleplayer","Keyboard & Mouse","Lounge","Switch","17a87e84-cecb-44fa-9d43-476c8ad9954f"
284,1,"2019-04-21","07:00 AM",30,"Singleplayer","Keyboard & Mouse","Bed","Switch","17a87e84-cecb-44fa-9d43-476c8ad9954f"
285,1,"2019-04-23","10:00 AM",30,"Singleplayer","Keyboard & Mouse","Lounge","Switch","17a87e84-cecb-44fa-9d43-476c8ad9954f"
286,1,"2019-04-25","04:00 PM",45,"Singleplayer","Keyboard & Mouse","Plane","Switch","17a87e84-cecb-44fa-9d43-476c8ad9954f"
287,1,"2019-04-27","07:00 AM",15,"Singleplayer","Keyboard & Mouse","Bed","Switch","17a87e84-cecb-44fa-9d43-476c8ad9954f"
288,1,"2019-04-28","07:00 AM",30,"Singleplayer","Keyboard & Mouse","Bed","Switch","17a87e84-cecb-44fa-9d43-476c8ad9954f"
289,1,"2019-05-04","07:00 AM",15,"Singleplayer","Keyboard & Mouse","Bed","Switch","17a87e84-cecb-44fa-9d43-476c8ad9954f"
290,1,"2019-05-04","09:00 AM",15,"Singleplayer","Keyboard & Mouse","Bedroom","Switch","17a87e84-cecb-44fa-9d43-476c8ad9954f"
291,82,"2019-05-04","10:00 AM",30,"Local Multiplayer","Controller","Conors Room","PS4","17a87e84-cecb-44fa-9d43-476c8ad9954f"
292,82,"2019-05-04","08:00 PM",75,"Local Multiplayer","Controller","Conors Room","PS4","17a87e84-cecb-44fa-9d43-476c8ad9954f"
293,82,"2019-05-05","09:00 AM",45,"Local Multiplayer","Controller","Conors Room","PS4","17a87e84-cecb-44fa-9d43-476c8ad9954f"
294,82,"2019-05-05","06:00 PM",60,"Local Multiplayer","Controller","Conors Room","PS4","17a87e84-cecb-44fa-9d43-476c8ad9954f"
295,1,"2019-05-06","08:00 PM",15,"Singleplayer","Keyboard & Mouse","Train / Train Station","Switch","17a87e84-cecb-44fa-9d43-476c8ad9954f"
296,82,"2019-05-07","09:00 PM",15,"Local Multiplayer","Controller","Conors Room","PS4","17a87e84-cecb-44fa-9d43-476c8ad9954f"
297,82,"2019-05-09","08:00 PM",60,"Local Multiplayer","Controller","Conors Room","PS4","17a87e84-cecb-44fa-9d43-476c8ad9954f"
298,1,"2019-05-11","08:00 AM",150,"Online Multiplayer","Keyboard & Mouse","Bedroom","PC","17a87e84-cecb-44fa-9d43-476c8ad9954f"
299,82,"2019-05-12","08:00 PM",30,"Local Multiplayer","Controller","Conors Room","PS4","17a87e84-cecb-44fa-9d43-476c8ad9954f"
300,82,"2019-05-16","07:00 PM",45,"Local Multiplayer","Controller","Conors Room","PS4","17a87e84-cecb-44fa-9d43-476c8ad9954f"
301,82,"2019-05-19","08:00 PM",45,"Local Multiplayer","Controller","Conors Room","PS4","17a87e84-cecb-44fa-9d43-476c8ad9954f"
302,82,"2019-05-21","09:00 PM",45,"Local Multiplayer","Controller","Conors Room","PS4","17a87e84-cecb-44fa-9d43-476c8ad9954f"
303,82,"2019-05-23","07:00 PM",90,"Local Multiplayer","Controller","Conors Room","PS4","17a87e84-cecb-44fa-9d43-476c8ad9954f"
304,82,"2019-05-25","10:00 AM",45,"Local Multiplayer","Controller","Conors Room","PS4","17a87e84-cecb-44fa-9d43-476c8ad9954f"
305,82,"2019-05-25","07:00 PM",60,"Local Multiplayer","Controller","Conors Room","PS4","17a87e84-cecb-44fa-9d43-476c8ad9954f"
306,82,"2019-05-26","08:00 PM",45,"Local Multiplayer","Controller","Conors Room","PS4","17a87e84-cecb-44fa-9d43-476c8ad9954f"
307,82,"2019-05-30","08:00 PM",45,"Local Multiplayer","Controller","Conors Room","PS4","17a87e84-cecb-44fa-9d43-476c8ad9954f"
308,82,"2019-06-04","07:00 PM",45,"Local Multiplayer","Controller","Conors Room","PS4","17a87e84-cecb-44fa-9d43-476c8ad9954f"
309,82,"2019-06-05","07:00 PM",30,"Local Multiplayer","Controller","Conors Room","PS4","17a87e84-cecb-44fa-9d43-476c8ad9954f"
310,82,"2019-06-10","01:00 PM",45,"Local Multiplayer","Controller","Conors Room","PS4","17a87e84-cecb-44fa-9d43-476c8ad9954f"
311,82,"2019-06-10","08:00 PM",45,"Local Multiplayer","Controller","Conors Room","PS4","17a87e84-cecb-44fa-9d43-476c8ad9954f"
312,82,"2019-06-11","07:00 PM",60,"Local Multiplayer","Controller","Conors Room","PS4","17a87e84-cecb-44fa-9d43-476c8ad9954f"
313,82,"2019-06-12","06:00 PM",30,"Local Multiplayer","Controller","Conors Room","PS4","17a87e84-cecb-44fa-9d43-476c8ad9954f"
314,82,"2019-06-13","08:00 PM",60,"Local Multiplayer","Controller","Conors Room","PS4","17a87e84-cecb-44fa-9d43-476c8ad9954f"
315,82,"2019-06-15","06:00 PM",60,"Local Multiplayer","Controller","Conors Room","PS4","17a87e84-cecb-44fa-9d43-476c8ad9954f"
316,82,"2019-06-15","09:00 PM",45,"Local Multiplayer","Controller","Conors Room","PS4","17a87e84-cecb-44fa-9d43-476c8ad9954f"
317,84,"2019-06-16","02:00 PM",60,"Singleplayer","Handheld","Plane","Switch","17a87e84-cecb-44fa-9d43-476c8ad9954f"
318,84,"2019-06-17","07:00 AM",45,"Singleplayer","Handheld","Bed","Switch","17a87e84-cecb-44fa-9d43-476c8ad9954f"
319,84,"2019-06-18","08:00 AM",15,"Singleplayer","Handheld","Lounge","Switch","17a87e84-cecb-44fa-9d43-476c8ad9954f"
320,84,"2019-06-20","07:00 AM",30,"Singleplayer","Handheld","Bed","Switch","17a87e84-cecb-44fa-9d43-476c8ad9954f"
321,82,"2019-07-08","08:00 PM",30,"Local Multiplayer","Controller","Conors Room","PS4","17a87e84-cecb-44fa-9d43-476c8ad9954f"
322,84,"2019-07-08","09:00 PM",90,"Singleplayer","Handheld","Bed","Switch","17a87e84-cecb-44fa-9d43-476c8ad9954f"
323,84,"2019-07-09","11:00 AM",30,"Singleplayer","Handheld","Lounge","Switch","17a87e84-cecb-44fa-9d43-476c8ad9954f"
324,84,"2019-07-09","04:00 PM",45,"Singleplayer","Handheld","Bedroom","Switch","17a87e84-cecb-44fa-9d43-476c8ad9954f"
325,85,"2019-07-10","10:00 AM",45,"Singleplayer","Keyboard & Mouse","Bed","PC","17a87e84-cecb-44fa-9d43-476c8ad9954f"
326,85,"2019-07-10","12:00 PM",45,"Singleplayer","Keyboard & Mouse","Lounge","PC","17a87e84-cecb-44fa-9d43-476c8ad9954f"
327,84,"2019-07-10","02:00 PM",30,"Singleplayer","Handheld","Lounge","Switch","17a87e84-cecb-44fa-9d43-476c8ad9954f"
328,84,"2019-07-10","04:00 PM",45,"Singleplayer","Handheld","Lounge","Switch","17a87e84-cecb-44fa-9d43-476c8ad9954f"
329,85,"2019-07-10","06:00 PM",15,"Singleplayer","Keyboard & Mouse","Bedroom","PC","17a87e84-cecb-44fa-9d43-476c8ad9954f"
330,84,"2019-07-10","09:00 PM",45,"Singleplayer","Handheld","Bed","Switch","17a87e84-cecb-44fa-9d43-476c8ad9954f"
331,82,"2019-07-10","07:00 PM",45,"Local Multiplayer","Controller","Conors Room","PS4","17a87e84-cecb-44fa-9d43-476c8ad9954f"
332,82,"2019-07-11","07:00 PM",60,"Local Multiplayer","Controller","Conors Room","PS4","17a87e84-cecb-44fa-9d43-476c8ad9954f"
333,84,"2019-07-11","09:00 PM",60,"Singleplayer","Handheld","Bed","Switch","17a87e84-cecb-44fa-9d43-476c8ad9954f"
334,84,"2019-07-14","09:00 AM",45,"Singleplayer","Handheld","Bedroom","Switch","17a87e84-cecb-44fa-9d43-476c8ad9954f"
335,84,"2019-07-14","09:00 PM",75,"Singleplayer","Handheld","Bed","Switch","17a87e84-cecb-44fa-9d43-476c8ad9954f"
336,84,"2019-07-15","05:00 PM",30,"Singleplayer","Handheld","Train / Train Station","Switch","17a87e84-cecb-44fa-9d43-476c8ad9954f"
337,84,"2019-07-15","09:00 PM",30,"Singleplayer","Handheld","Bed","Switch","17a87e84-cecb-44fa-9d43-476c8ad9954f"
338,84,"2019-07-16","06:00 PM",30,"Singleplayer","Handheld","Bedroom","Switch","17a87e84-cecb-44fa-9d43-476c8ad9954f"
339,84,"2019-07-16","09:00 PM",30,"Singleplayer","Handheld","Bed","Switch","17a87e84-cecb-44fa-9d43-476c8ad9954f"
340,63,"2019-07-17","05:00 PM",15,"Singleplayer","Handheld","Train / Train Station","Switch","17a87e84-cecb-44fa-9d43-476c8ad9954f"
341,63,"2019-07-21","06:00 PM",30,"Singleplayer","Handheld","Bedroom","Switch","17a87e84-cecb-44fa-9d43-476c8ad9954f"
342,63,"2019-07-22","05:00 PM",15,"Singleplayer","Handheld","Train / Train Station","Switch","17a87e84-cecb-44fa-9d43-476c8ad9954f"
343,63,"2019-07-22","09:00 PM",30,"Singleplayer","Handheld","Bedroom","Switch","17a87e84-cecb-44fa-9d43-476c8ad9954f"
344,82,"2019-07-23","04:00 PM",45,"Local Multiplayer","Controller","Conors Room","PS4","17a87e84-cecb-44fa-9d43-476c8ad9954f"
345,63,"2019-07-23","09:00 PM",15,"Singleplayer","Handheld","Bedroom","Switch","17a87e84-cecb-44fa-9d43-476c8ad9954f"
346,63,"2019-07-24","05:00 PM",15,"Singleplayer","Handheld","Train / Train Station","Switch","17a87e84-cecb-44fa-9d43-476c8ad9954f"
347,63,"2019-07-24","10:00 PM",15,"Singleplayer","Handheld","Bed","Switch","17a87e84-cecb-44fa-9d43-476c8ad9954f"
348,63,"2019-07-25","05:00 PM",15,"Singleplayer","Handheld","Bedroom","Switch","17a87e84-cecb-44fa-9d43-476c8ad9954f"
349,82,"2019-07-25","08:00 PM",60,"Local Multiplayer","Controller","Conors Room","PS4","17a87e84-cecb-44fa-9d43-476c8ad9954f"
350,63,"2019-07-25","10:00 PM",15,"Singleplayer","Handheld","Bedroom","Switch","17a87e84-cecb-44fa-9d43-476c8ad9954f"
351,86,"2019-07-26","06:00 PM",15,"Singleplayer","Controller","Bedroom","PC","17a87e84-cecb-44fa-9d43-476c8ad9954f"
352,82,"2019-07-26","08:00 PM",75,"Local Multiplayer","Controller","Conors Room","PS4","17a87e84-cecb-44fa-9d43-476c8ad9954f"
353,86,"2019-07-26","11:00 PM",30,"Singleplayer","Controller","Bedroom","PC","17a87e84-cecb-44fa-9d43-476c8ad9954f"
354,63,"2019-07-27","07:00 AM",30,"Singleplayer","Handheld","Bed","Switch","17a87e84-cecb-44fa-9d43-476c8ad9954f"
355,86,"2019-07-27","09:00 AM",60,"Singleplayer","Controller","Bedroom","PC","17a87e84-cecb-44fa-9d43-476c8ad9954f"
356,63,"2019-07-27","05:00 PM",30,"Singleplayer","Handheld","Train / Train Station","Switch","17a87e84-cecb-44fa-9d43-476c8ad9954f"
357,86,"2019-07-28","09:00 AM",30,"Singleplayer","Controller","Bedroom","PC","17a87e84-cecb-44fa-9d43-476c8ad9954f"
358,86,"2019-07-28","04:00 PM",45,"Singleplayer","Controller","Bedroom","PC","17a87e84-cecb-44fa-9d43-476c8ad9954f"
359,82,"2019-07-28","05:00 PM",60,"Local Multiplayer","Controller","Conors Room","PS4","17a87e84-cecb-44fa-9d43-476c8ad9954f"
360,86,"2019-07-28","09:00 PM",45,"Singleplayer","Controller","Bedroom","PC","17a87e84-cecb-44fa-9d43-476c8ad9954f"
361,82,"2019-07-30","06:00 PM",45,"Local Multiplayer","Controller","Conors Room","PS4","17a87e84-cecb-44fa-9d43-476c8ad9954f"
362,86,"2019-07-30","09:00 PM",60,"Singleplayer","Controller","Bedroom","PC","17a87e84-cecb-44fa-9d43-476c8ad9954f"
363,82,"2019-08-01","09:00 PM",30,"Local Multiplayer","Controller","Conors Room","PS4","17a87e84-cecb-44fa-9d43-476c8ad9954f"
364,82,"2019-08-02","08:00 PM",45,"Local Multiplayer","Controller","Conors Room","PS4","17a87e84-cecb-44fa-9d43-476c8ad9954f"
365,86,"2019-08-03","08:00 AM",60,"Singleplayer","Controller","Bedroom","PC","17a87e84-cecb-44fa-9d43-476c8ad9954f"
366,82,"2019-08-03","08:00 PM",45,"Local Multiplayer","Controller","Conors Room","PS4","17a87e84-cecb-44fa-9d43-476c8ad9954f"
367,86,"2019-08-04","09:00 AM",30,"Singleplayer","Controller","Bedroom","PC","17a87e84-cecb-44fa-9d43-476c8ad9954f"
368,82,"2019-08-04","05:00 PM",45,"Local Multiplayer","Controller","Conors Room","PS4","17a87e84-cecb-44fa-9d43-476c8ad9954f"
369,82,"2019-08-06","06:00 PM",45,"Local Multiplayer","Controller","Conors Room","PS4","17a87e84-cecb-44fa-9d43-476c8ad9954f"
370,48,"2019-08-06","08:00 PM",60,"Online Multiplayer","Controller","Bedroom","PC","17a87e84-cecb-44fa-9d43-476c8ad9954f"
371,82,"2019-08-08","08:00 PM",60,"Local Multiplayer","Controller","Conors Room","PS4","17a87e84-cecb-44fa-9d43-476c8ad9954f"
372,86,"2019-08-10","04:00 PM",45,"Singleplayer","Controller","Bedroom","PC","17a87e84-cecb-44fa-9d43-476c8ad9954f"
373,86,"2019-08-11","09:00 AM",15,"Singleplayer","Controller","Bedroom","PC","17a87e84-cecb-44fa-9d43-476c8ad9954f"
374,85,"2019-08-11","05:00 PM",105,"Singleplayer","Keyboard & Mouse","Bedroom","PC","17a87e84-cecb-44fa-9d43-476c8ad9954f"
375,85,"2019-08-13","06:00 PM",75,"Singleplayer","Keyboard & Mouse","Bedroom","PC","17a87e84-cecb-44fa-9d43-476c8ad9954f"
376,82,"2019-08-13","08:00 PM",15,"Local Multiplayer","Controller","Conors Room","PS4","17a87e84-cecb-44fa-9d43-476c8ad9954f"
377,82,"2019-08-18","03:00 PM",75,"Local Multiplayer","Controller","Lounge","PS4","17a87e84-cecb-44fa-9d43-476c8ad9954f"
378,85,"2019-08-18","05:00 PM",45,"Singleplayer","Keyboard & Mouse","Bedroom","PC","17a87e84-cecb-44fa-9d43-476c8ad9954f"
379,85,"2019-08-20","08:00 PM",120,"Singleplayer","Keyboard & Mouse","Bedroom","PC","17a87e84-cecb-44fa-9d43-476c8ad9954f"
380,85,"2019-08-21","09:00 PM",30,"Singleplayer","Keyboard & Mouse","Bedroom","PC","17a87e84-cecb-44fa-9d43-476c8ad9954f"
381,82,"2019-08-22","08:00 PM",45,"Local Multiplayer","Controller","Lounge","PS4","17a87e84-cecb-44fa-9d43-476c8ad9954f"
382,85,"2019-08-24","08:00 AM",75,"Singleplayer","Keyboard & Mouse","Bedroom","PC","17a87e84-cecb-44fa-9d43-476c8ad9954f"
383,82,"2019-08-24","10:00 AM",45,"Local Multiplayer","Controller","Lounge","PS4","17a87e84-cecb-44fa-9d43-476c8ad9954f"
384,85,"2019-08-25","11:00 AM",75,"Singleplayer","Keyboard & Mouse","Bedroom","PC","17a87e84-cecb-44fa-9d43-476c8ad9954f"
385,82,"2019-08-25","03:00 PM",45,"Local Multiplayer","Controller","Lounge","PS4","17a87e84-cecb-44fa-9d43-476c8ad9954f"
386,85,"2019-08-26","08:00 PM",30,"Singleplayer","Keyboard & Mouse","Bedroom","PC","17a87e84-cecb-44fa-9d43-476c8ad9954f"
387,82,"2019-08-26","09:00 PM",30,"Local Multiplayer","Controller","Lounge","PS4","17a87e84-cecb-44fa-9d43-476c8ad9954f"
388,82,"2019-08-27","07:00 PM",30,"Local Multiplayer","Controller","Lounge","PS4","17a87e84-cecb-44fa-9d43-476c8ad9954f"
389,85,"2019-08-27","08:00 PM",45,"Singleplayer","Keyboard & Mouse","Bedroom","PC","17a87e84-cecb-44fa-9d43-476c8ad9954f"
390,82,"2019-08-28","06:00 PM",30,"Local Multiplayer","Controller","Lounge","PS4","17a87e84-cecb-44fa-9d43-476c8ad9954f"
391,82,"2019-08-28","08:00 PM",30,"Local Multiplayer","Controller","Lounge","PS4","17a87e84-cecb-44fa-9d43-476c8ad9954f"
392,85,"2019-08-29","09:00 PM",60,"Singleplayer","Keyboard & Mouse","Bedroom","PC","17a87e84-cecb-44fa-9d43-476c8ad9954f"
393,85,"2019-08-30","07:00 PM",60,"Singleplayer","Keyboard & Mouse","Bedroom","PC","17a87e84-cecb-44fa-9d43-476c8ad9954f"
394,85,"2019-08-31","09:00 AM",75,"Singleplayer","Keyboard & Mouse","Bedroom","PC","17a87e84-cecb-44fa-9d43-476c8ad9954f"
395,82,"2019-08-31","08:00 PM",60,"Local Multiplayer","Controller","Lounge","PS4","17a87e84-cecb-44fa-9d43-476c8ad9954f"
396,85,"2019-09-01","08:00 AM",30,"Singleplayer","Keyboard & Mouse","Bedroom","PC","17a87e84-cecb-44fa-9d43-476c8ad9954f"
397,82,"2019-09-01","10:00 AM",30,"Local Multiplayer","Controller","Lounge","PS4","17a87e84-cecb-44fa-9d43-476c8ad9954f"
398,85,"2019-09-01","04:00 PM",45,"Singleplayer","Keyboard & Mouse","Bedroom","PC","17a87e84-cecb-44fa-9d43-476c8ad9954f"
399,82,"2019-09-01","07:00 PM",15,"Local Multiplayer","Controller","Lounge","PS4","17a87e84-cecb-44fa-9d43-476c8ad9954f"
400,85,"2019-09-01","08:00 PM",45,"Singleplayer","Keyboard & Mouse","Bedroom","PC","17a87e84-cecb-44fa-9d43-476c8ad9954f"
401,85,"2019-09-02","09:00 PM",45,"Singleplayer","Keyboard & Mouse","Bedroom","PC","17a87e84-cecb-44fa-9d43-476c8ad9954f"
402,73,"2019-09-03","07:00 PM",45,"Singleplayer","Controller","Lounge","Switch","17a87e84-cecb-44fa-9d43-476c8ad9954f"
403,82,"2019-09-03","08:00 PM",45,"Local Multiplayer","Controller","Lounge","PS4","17a87e84-cecb-44fa-9d43-476c8ad9954f"
404,85,"2019-09-04","09:00 PM",90,"Singleplayer","Keyboard & Mouse","Bedroom","PC","17a87e84-cecb-44fa-9d43-476c8ad9954f"
405,73,"2019-09-05","07:00 PM",45,"Singleplayer","Controller","Bedroom","Switch","17a87e84-cecb-44fa-9d43-476c8ad9954f"
406,82,"2019-09-05","09:00 PM",45,"Local Multiplayer","Controller","Lounge","PS4","17a87e84-cecb-44fa-9d43-476c8ad9954f"
407,73,"2019-09-06","06:00 PM",45,"Singleplayer","Controller","Bedroom","Switch","17a87e84-cecb-44fa-9d43-476c8ad9954f"
408,73,"2019-09-07","07:00 PM",60,"Singleplayer","Controller","Bedroom","Switch","17a87e84-cecb-44fa-9d43-476c8ad9954f"
409,85,"2019-09-08","03:00 PM",120,"Singleplayer","Keyboard & Mouse","Bedroom","PC","17a87e84-cecb-44fa-9d43-476c8ad9954f"
410,73,"2019-09-09","09:00 PM",30,"Singleplayer","Controller","Bedroom","Switch","17a87e84-cecb-44fa-9d43-476c8ad9954f"
411,85,"2019-09-10","07:00 PM",60,"Singleplayer","Keyboard & Mouse","Bedroom","PC","17a87e84-cecb-44fa-9d43-476c8ad9954f"
412,82,"2019-09-10","08:00 PM",60,"Local Multiplayer","Controller","Lounge","PS4","17a87e84-cecb-44fa-9d43-476c8ad9954f"
413,73,"2019-09-11","06:00 PM",30,"Singleplayer","Controller","Bedroom","Switch","17a87e84-cecb-44fa-9d43-476c8ad9954f"
414,85,"2019-09-14","07:00 AM",45,"Singleplayer","Keyboard & Mouse","Bedroom","PC","17a87e84-cecb-44fa-9d43-476c8ad9954f"
415,73,"2019-09-14","08:00 AM",15,"Singleplayer","Controller","Bedroom","Switch","17a87e84-cecb-44fa-9d43-476c8ad9954f"
416,82,"2019-09-14","09:00 AM",60,"Local Multiplayer","Controller","Lounge","PS4","17a87e84-cecb-44fa-9d43-476c8ad9954f"
417,85,"2019-09-14","03:00 PM",60,"Singleplayer","Keyboard & Mouse","Bedroom","PC","17a87e84-cecb-44fa-9d43-476c8ad9954f"
418,82,"2019-09-14","04:00 PM",45,"Local Multiplayer","Controller","Lounge","PS4","17a87e84-cecb-44fa-9d43-476c8ad9954f"
419,73,"2019-09-15","07:00 AM",30,"Singleplayer","Controller","Bedroom","Switch","17a87e84-cecb-44fa-9d43-476c8ad9954f"
420,82,"2019-09-15","11:00 AM",45,"Local Multiplayer","Controller","Lounge","PS4","17a87e84-cecb-44fa-9d43-476c8ad9954f"
421,85,"2019-09-15","05:00 PM",90,"Singleplayer","Keyboard & Mouse","Bedroom","PC","17a87e84-cecb-44fa-9d43-476c8ad9954f"
422,85,"2019-09-17","06:00 PM",45,"Singleplayer","Keyboard & Mouse","Bedroom","PC","17a87e84-cecb-44fa-9d43-476c8ad9954f"
423,82,"2019-09-17","08:00 PM",60,"Local Multiplayer","Controller","Lounge","PS4","17a87e84-cecb-44fa-9d43-476c8ad9954f"
424,85,"2019-09-19","06:00 PM",60,"Singleplayer","Keyboard & Mouse","Bedroom","PC","17a87e84-cecb-44fa-9d43-476c8ad9954f"
425,82,"2019-09-19","09:00 PM",45,"Local Multiplayer","Controller","Lounge","PS4","17a87e84-cecb-44fa-9d43-476c8ad9954f"
426,82,"2019-09-20","07:00 PM",60,"Local Multiplayer","Controller","Lounge","PS4","17a87e84-cecb-44fa-9d43-476c8ad9954f"
427,85,"2019-09-20","08:00 PM",90,"Singleplayer","Keyboard & Mouse","Bedroom","PC","17a87e84-cecb-44fa-9d43-476c8ad9954f"
428,85,"2019-09-21","07:00 AM",75,"Singleplayer","Keyboard & Mouse","Bedroom","PC","17a87e84-cecb-44fa-9d43-476c8ad9954f"
429,85,"2019-09-21","01:00 PM",45,"Singleplayer","Keyboard & Mouse","Bedroom","PC","17a87e84-cecb-44fa-9d43-476c8ad9954f"
430,82,"2019-09-21","04:00 PM",60,"Local Multiplayer","Controller","Lounge","PS4","17a87e84-cecb-44fa-9d43-476c8ad9954f"
431,85,"2019-09-22","07:00 AM",60,"Singleplayer","Keyboard & Mouse","Bedroom","PC","17a87e84-cecb-44fa-9d43-476c8ad9954f"
432,82,"2019-09-22","01:00 PM",75,"Local Multiplayer","Controller","Lounge","PS4","17a87e84-cecb-44fa-9d43-476c8ad9954f"
433,73,"2019-09-22","02:00 PM",30,"Singleplayer","Controller","Bedroom","Switch","17a87e84-cecb-44fa-9d43-476c8ad9954f"
434,85,"2019-09-22","05:00 PM",60,"Singleplayer","Keyboard & Mouse","Bedroom","PC","17a87e84-cecb-44fa-9d43-476c8ad9954f"
435,85,"2019-09-22","09:00 PM",60,"Singleplayer","Keyboard & Mouse","Bedroom","PC","17a87e84-cecb-44fa-9d43-476c8ad9954f"
436,85,"2019-09-24","06:00 PM",60,"Singleplayer","Keyboard & Mouse","Bedroom","PC","17a87e84-cecb-44fa-9d43-476c8ad9954f"
437,82,"2019-09-24","09:00 PM",30,"Local Multiplayer","Controller","Lounge","PS4","17a87e84-cecb-44fa-9d43-476c8ad9954f"
438,82,"2019-09-25","06:00 PM",45,"Local Multiplayer","Controller","Lounge","PS4","17a87e84-cecb-44fa-9d43-476c8ad9954f"
439,85,"2019-09-25","08:00 PM",45,"Singleplayer","Keyboard & Mouse","Bedroom","PC","17a87e84-cecb-44fa-9d43-476c8ad9954f"
440,82,"2019-09-26","06:00 PM",30,"Local Multiplayer","Controller","Lounge","PS4","17a87e84-cecb-44fa-9d43-476c8ad9954f"
441,85,"2019-09-26","07:00 PM",45,"Singleplayer","Keyboard & Mouse","Bedroom","PC","17a87e84-cecb-44fa-9d43-476c8ad9954f"
442,82,"2019-09-26","08:00 PM",60,"Local Multiplayer","Controller","Lounge","PS4","17a87e84-cecb-44fa-9d43-476c8ad9954f"
443,85,"2019-09-27","07:00 AM",30,"Singleplayer","Keyboard & Mouse","Bedroom","PC","17a87e84-cecb-44fa-9d43-476c8ad9954f"
444,85,"2019-09-27","09:00 AM",45,"Singleplayer","Keyboard & Mouse","Bedroom","PC","17a87e84-cecb-44fa-9d43-476c8ad9954f"
445,85,"2019-09-28","08:00 AM",60,"Singleplayer","Keyboard & Mouse","Bedroom","PC","17a87e84-cecb-44fa-9d43-476c8ad9954f"
446,85,"2019-09-29","08:00 AM",45,"Singleplayer","Keyboard & Mouse","Bedroom","PC","17a87e84-cecb-44fa-9d43-476c8ad9954f"
447,73,"2019-09-29","10:00 AM",30,"Singleplayer","Controller","Bedroom","Switch","17a87e84-cecb-44fa-9d43-476c8ad9954f"
448,82,"2019-09-29","02:00 PM",60,"Local Multiplayer","Controller","Lounge","PS4","17a87e84-cecb-44fa-9d43-476c8ad9954f"
449,85,"2019-09-29","05:00 PM",45,"Singleplayer","Keyboard & Mouse","Bedroom","PC","17a87e84-cecb-44fa-9d43-476c8ad9954f"
450,85,"2019-09-29","07:00 PM",60,"Singleplayer","Keyboard & Mouse","Bedroom","PC","17a87e84-cecb-44fa-9d43-476c8ad9954f"
451,85,"2019-09-30","06:00 PM",45,"Singleplayer","Keyboard & Mouse","Bedroom","PC","17a87e84-cecb-44fa-9d43-476c8ad9954f"
452,82,"2019-09-30","07:00 PM",45,"Local Multiplayer","Controller","Lounge","PS4","17a87e84-cecb-44fa-9d43-476c8ad9954f"
453,85,"2019-09-30","08:00 PM",15,"Singleplayer","Keyboard & Mouse","Bedroom","PC","17a87e84-cecb-44fa-9d43-476c8ad9954f"
454,82,"2019-09-30","09:00 PM",60,"Local Multiplayer","Controller","Lounge","PS4","17a87e84-cecb-44fa-9d43-476c8ad9954f"
455,85,"2019-10-01","07:00 PM",45,"Singleplayer","Keyboard & Mouse","Bedroom","PC","17a87e84-cecb-44fa-9d43-476c8ad9954f"
456,85,"2019-10-01","09:00 PM",60,"Singleplayer","Keyboard & Mouse","Bedroom","PC","17a87e84-cecb-44fa-9d43-476c8ad9954f"
457,85,"2019-10-02","08:00 PM",60,"Singleplayer","Keyboard & Mouse","Bedroom","PC","17a87e84-cecb-44fa-9d43-476c8ad9954f"
458,85,"2019-10-03","06:00 PM",60,"Singleplayer","Keyboard & Mouse","Bedroom","PC","17a87e84-cecb-44fa-9d43-476c8ad9954f"
459,85,"2019-10-03","09:00 PM",45,"Singleplayer","Keyboard & Mouse","Bedroom","PC","17a87e84-cecb-44fa-9d43-476c8ad9954f"
460,85,"2019-10-05","06:00 AM",45,"Singleplayer","Keyboard & Mouse","Bedroom","PC","17a87e84-cecb-44fa-9d43-476c8ad9954f"
461,85,"2019-10-06","09:00 AM",45,"Singleplayer","Keyboard & Mouse","Bedroom","PC","17a87e84-cecb-44fa-9d43-476c8ad9954f"
462,85,"2019-10-06","11:00 AM",15,"Singleplayer","Keyboard & Mouse","Bedroom","PC","17a87e84-cecb-44fa-9d43-476c8ad9954f"
463,85,"2019-10-06","05:00 PM",30,"Singleplayer","Keyboard & Mouse","Bedroom","PC","17a87e84-cecb-44fa-9d43-476c8ad9954f"
464,85,"2019-10-06","08:00 PM",30,"Singleplayer","Keyboard & Mouse","Bedroom","PC","17a87e84-cecb-44fa-9d43-476c8ad9954f"
465,85,"2019-10-08","06:00 PM",30,"Singleplayer","Keyboard & Mouse","Bedroom","PC","17a87e84-cecb-44fa-9d43-476c8ad9954f"
466,82,"2019-10-08","08:00 PM",15,"Local Multiplayer","Controller","Lounge","PS4","17a87e84-cecb-44fa-9d43-476c8ad9954f"
467,85,"2019-10-09","06:00 PM",30,"Singleplayer","Keyboard & Mouse","Bedroom","PC","17a87e84-cecb-44fa-9d43-476c8ad9954f"
468,82,"2019-10-09","08:00 PM",60,"Local Multiplayer","Controller","Lounge","PS4","17a87e84-cecb-44fa-9d43-476c8ad9954f"
469,85,"2019-10-10","06:00 PM",30,"Singleplayer","Keyboard & Mouse","Bedroom","PC","17a87e84-cecb-44fa-9d43-476c8ad9954f"
470,82,"2019-10-10","08:00 PM",45,"Local Multiplayer","Controller","Lounge","PS4","17a87e84-cecb-44fa-9d43-476c8ad9954f"
471,82,"2019-10-11","06:00 PM",30,"Local Multiplayer","Controller","Lounge","PS4","17a87e84-cecb-44fa-9d43-476c8ad9954f"
472,87,"2019-10-11","08:00 PM",45,"Singleplayer","Controller","Bedroom","PC","17a87e84-cecb-44fa-9d43-476c8ad9954f"
473,85,"2019-10-14","06:00 PM",30,"Singleplayer","Keyboard & Mouse","Bedroom","PC","17a87e84-cecb-44fa-9d43-476c8ad9954f"
474,82,"2019-10-14","09:00 PM",30,"Local Multiplayer","Controller","Lounge","PS4","17a87e84-cecb-44fa-9d43-476c8ad9954f"
475,82,"2019-10-15","06:00 PM",60,"Local Multiplayer","Controller","Lounge","PS4","17a87e84-cecb-44fa-9d43-476c8ad9954f"
476,87,"2019-10-15","09:00 PM",60,"Singleplayer","Controller","Bedroom","PC","17a87e84-cecb-44fa-9d43-476c8ad9954f"
477,82,"2019-10-17","06:00 PM",15,"Local Multiplayer","Controller","Lounge","PS4","17a87e84-cecb-44fa-9d43-476c8ad9954f"
478,82,"2019-10-17","08:00 PM",60,"Local Multiplayer","Controller","Lounge","PS4","17a87e84-cecb-44fa-9d43-476c8ad9954f"
479,87,"2019-10-17","09:00 PM",60,"Singleplayer","Controller","Bedroom","PC","17a87e84-cecb-44fa-9d43-476c8ad9954f"
480,88,"2019-10-19","08:00 AM",60,"Singleplayer","Controller","Bedroom","PC","17a87e84-cecb-44fa-9d43-476c8ad9954f"
481,88,"2019-10-20","07:00 PM",45,"Singleplayer","Controller","Bedroom","PC","17a87e84-cecb-44fa-9d43-476c8ad9954f"
482,82,"2019-10-24","08:00 PM",60,"Local Multiplayer","Controller","Lounge","PS4","17a87e84-cecb-44fa-9d43-476c8ad9954f"
483,82,"2019-10-25","06:00 PM",45,"Local Multiplayer","Controller","Lounge","PS4","17a87e84-cecb-44fa-9d43-476c8ad9954f"
484,89,"2019-10-25","08:00 PM",120,"Singleplayer","Controller","Bedroom","PC","17a87e84-cecb-44fa-9d43-476c8ad9954f"
485,89,"2019-10-26","08:00 AM",30,"Singleplayer","Controller","Bedroom","PC","17a87e84-cecb-44fa-9d43-476c8ad9954f"
486,89,"2019-10-26","11:00 AM",105,"Singleplayer","Controller","Bedroom","PC","17a87e84-cecb-44fa-9d43-476c8ad9954f"
487,82,"2019-10-26","03:00 PM",45,"Local Multiplayer","Controller","Lounge","PS4","17a87e84-cecb-44fa-9d43-476c8ad9954f"
488,89,"2019-10-26","04:00 PM",45,"Singleplayer","Controller","Bedroom","PC","17a87e84-cecb-44fa-9d43-476c8ad9954f"
489,89,"2019-10-27","08:00 AM",120,"Singleplayer","Controller","Bedroom","PC","17a87e84-cecb-44fa-9d43-476c8ad9954f"
490,89,"2019-10-27","04:00 PM",105,"Singleplayer","Controller","Bedroom","PC","17a87e84-cecb-44fa-9d43-476c8ad9954f"
491,82,"2019-10-27","08:00 PM",60,"Local Multiplayer","Controller","Lounge","PS4","17a87e84-cecb-44fa-9d43-476c8ad9954f"
492,89,"2019-10-28","09:00 PM",60,"Singleplayer","Controller","Bedroom","PC","17a87e84-cecb-44fa-9d43-476c8ad9954f"
493,89,"2019-10-29","09:00 PM",60,"Singleplayer","Controller","Bedroom","PC","17a87e84-cecb-44fa-9d43-476c8ad9954f"
494,82,"2019-10-30","09:00 PM",45,"Local Multiplayer","Controller","Lounge","PS4","17a87e84-cecb-44fa-9d43-476c8ad9954f"
495,39,"2019-11-01","07:00 PM",90,"Online Multiplayer","Controller","Bedroom","PC","17a87e84-cecb-44fa-9d43-476c8ad9954f"
496,82,"2019-11-01","09:00 PM",45,"Local Multiplayer","Controller","Lounge","PS4","17a87e84-cecb-44fa-9d43-476c8ad9954f"
497,89,"2019-11-02","07:00 AM",120,"Singleplayer","Controller","Bedroom","PC","17a87e84-cecb-44fa-9d43-476c8ad9954f"
498,89,"2019-11-02","05:00 PM",15,"Singleplayer","Controller","Bedroom","PC","17a87e84-cecb-44fa-9d43-476c8ad9954f"
499,89,"2019-11-03","11:00 AM",45,"Singleplayer","Controller","Bedroom","PC","17a87e84-cecb-44fa-9d43-476c8ad9954f"
500,82,"2019-11-04","07:00 PM",60,"Local Multiplayer","Controller","Lounge","PS4","17a87e84-cecb-44fa-9d43-476c8ad9954f"
501,89,"2019-11-05","07:00 AM",90,"Singleplayer","Controller","Bedroom","PC","17a87e84-cecb-44fa-9d43-476c8ad9954f"
502,82,"2019-11-05","11:00 AM",15,"Local Multiplayer","Controller","Lounge","PS4","17a87e84-cecb-44fa-9d43-476c8ad9954f"
503,82,"2019-11-06","08:00 PM",60,"Local Multiplayer","Controller","Lounge","PS4","17a87e84-cecb-44fa-9d43-476c8ad9954f"
504,90,"2019-11-15","08:00 PM",105,"Singleplayer","Controller","Bedroom","PC","17a87e84-cecb-44fa-9d43-476c8ad9954f"
505,90,"2019-11-16","08:00 AM",135,"Singleplayer","Controller","Bedroom","PC","17a87e84-cecb-44fa-9d43-476c8ad9954f"
506,90,"2019-11-17","03:00 PM",105,"Singleplayer","Controller","Bedroom","PC","17a87e84-cecb-44fa-9d43-476c8ad9954f"
507,82,"2019-11-18","09:00 PM",45,"Local Multiplayer","Controller","Lounge","PS4","17a87e84-cecb-44fa-9d43-476c8ad9954f"
508,82,"2019-11-19","09:00 PM",45,"Local Multiplayer","Controller","Lounge","PS4","17a87e84-cecb-44fa-9d43-476c8ad9954f"
509,82,"2019-11-20","09:00 PM",45,"Local Multiplayer","Controller","Lounge","PS4","17a87e84-cecb-44fa-9d43-476c8ad9954f"
510,82,"2019-11-21","06:00 PM",45,"Local Multiplayer","Controller","Lounge","PS4","17a87e84-cecb-44fa-9d43-476c8ad9954f"
511,90,"2019-11-21","09:00 PM",75,"Singleplayer","Controller","Bedroom","PC","17a87e84-cecb-44fa-9d43-476c8ad9954f"
512,90,"2019-11-22","09:00 PM",120,"Singleplayer","Controller","Bedroom","PC","17a87e84-cecb-44fa-9d43-476c8ad9954f"
513,90,"2019-11-23","08:00 AM",45,"Singleplayer","Controller","Bedroom","PC","17a87e84-cecb-44fa-9d43-476c8ad9954f"
514,90,"2019-11-23","10:00 AM",30,"Singleplayer","Controller","Bedroom","PC","17a87e84-cecb-44fa-9d43-476c8ad9954f"
515,82,"2019-11-27","09:00 PM",30,"Local Multiplayer","Controller","Lounge","PS4","17a87e84-cecb-44fa-9d43-476c8ad9954f"
516,82,"2019-11-30","11:00 AM",30,"Local Multiplayer","Controller","Lounge","PS4","17a87e84-cecb-44fa-9d43-476c8ad9954f"
517,82,"2019-12-01","03:00 PM",45,"Local Multiplayer","Controller","Lounge","PS4","17a87e84-cecb-44fa-9d43-476c8ad9954f"
518,90,"2019-12-01","08:00 PM",60,"Singleplayer","Controller","Bedroom","PC","17a87e84-cecb-44fa-9d43-476c8ad9954f"
519,82,"2019-12-02","06:00 PM",15,"Local Multiplayer","Controller","Lounge","PS4","17a87e84-cecb-44fa-9d43-476c8ad9954f"
520,90,"2019-12-02","08:00 PM",45,"Singleplayer","Controller","Bedroom","PC","17a87e84-cecb-44fa-9d43-476c8ad9954f"
521,82,"2019-12-03","06:00 PM",45,"Local Multiplayer","Controller","Lounge","PS4","17a87e84-cecb-44fa-9d43-476c8ad9954f"
522,90,"2019-12-03","08:00 PM",60,"Singleplayer","Controller","Bedroom","PC","17a87e84-cecb-44fa-9d43-476c8ad9954f"
523,82,"2019-12-05","06:00 PM",45,"Local Multiplayer","Controller","Lounge","PS4","17a87e84-cecb-44fa-9d43-476c8ad9954f"
524,90,"2019-12-05","09:00 PM",90,"Singleplayer","Controller","Bedroom","PC","17a87e84-cecb-44fa-9d43-476c8ad9954f"
525,82,"2019-12-12","06:00 PM",45,"Local Multiplayer","Controller","Lounge","PS4","17a87e84-cecb-44fa-9d43-476c8ad9954f"
526,82,"2019-12-13","08:00 PM",45,"Local Multiplayer","Controller","Lounge","PS4","17a87e84-cecb-44fa-9d43-476c8ad9954f"
527,90,"2019-12-14","09:00 AM",105,"Singleplayer","Controller","Bedroom","PC","17a87e84-cecb-44fa-9d43-476c8ad9954f"
528,90,"2019-12-16","09:00 PM",60,"Singleplayer","Controller","Bedroom","PC","17a87e84-cecb-44fa-9d43-476c8ad9954f"
529,90,"2019-12-17","08:00 PM",60,"Singleplayer","Controller","Bedroom","PC","17a87e84-cecb-44fa-9d43-476c8ad9954f"
530,90,"2019-12-21","10:00 AM",60,"Singleplayer","Controller","Bedroom","PC","17a87e84-cecb-44fa-9d43-476c8ad9954f"
531,90,"2019-12-22","07:00 AM",60,"Singleplayer","Controller","Bedroom","PC","17a87e84-cecb-44fa-9d43-476c8ad9954f"
532,90,"2019-12-29","10:00 AM",15,"Singleplayer","Controller","Bedroom","PC","17a87e84-cecb-44fa-9d43-476c8ad9954f"
533,90,"2019-12-29","03:00 PM",15,"Singleplayer","Controller","Bedroom","PC","17a87e84-cecb-44fa-9d43-476c8ad9954f"
534,91,"2019-12-30","04:00 PM",90,"Singleplayer","Controller","Bedroom","PC","17a87e84-cecb-44fa-9d43-476c8ad9954f"
535,91,"2019-12-31","10:00 AM",45,"Singleplayer","Controller","Bedroom","PC","17a87e84-cecb-44fa-9d43-476c8ad9954f"
536,91,"2019-12-31","04:00 PM",45,"Singleplayer","Controller","Bedroom","PC","17a87e84-cecb-44fa-9d43-476c8ad9954f"
537,91,"2019-12-31","07:00 PM",45,"Singleplayer","Controller","Bedroom","PC","17a87e84-cecb-44fa-9d43-476c8ad9954f"
538,91,"2020-01-01","08:00 AM",45,"Singleplayer","Controller","Bedroom","PC","17a87e84-cecb-44fa-9d43-476c8ad9954f"
539,82,"2020-01-01","02:00 PM",30,"Local Multiplayer","Controller","Lounge","PS4","17a87e84-cecb-44fa-9d43-476c8ad9954f"
540,91,"2020-01-01","04:00 PM",45,"Singleplayer","Controller","Bedroom","PC","17a87e84-cecb-44fa-9d43-476c8ad9954f"
541,91,"2020-01-02","12:00 PM",75,"Singleplayer","Controller","Bedroom","PC","17a87e84-cecb-44fa-9d43-476c8ad9954f"
542,91,"2020-01-02","03:00 PM",45,"Singleplayer","Controller","Bedroom","PC","17a87e84-cecb-44fa-9d43-476c8ad9954f"
543,91,"2020-01-03","07:00 AM",60,"Singleplayer","Controller","Bedroom","PC","17a87e84-cecb-44fa-9d43-476c8ad9954f"
544,91,"2020-01-03","01:00 PM",90,"Singleplayer","Controller","Bedroom","PC","17a87e84-cecb-44fa-9d43-476c8ad9954f"
545,78,"2020-01-03","04:00 PM",105,"Online Multiplayer","Keyboard & Mouse","Bedroom","PC","17a87e84-cecb-44fa-9d43-476c8ad9954f"
546,78,"2020-01-04","04:00 PM",210,"Singleplayer","Keyboard & Mouse","Bedroom","PC","17a87e84-cecb-44fa-9d43-476c8ad9954f"
547,78,"2020-01-05","07:00 AM",75,"Singleplayer","Keyboard & Mouse","Bedroom","PC","17a87e84-cecb-44fa-9d43-476c8ad9954f"
548,91,"2020-01-05","11:00 AM",75,"Singleplayer","Controller","Bedroom","PC","17a87e84-cecb-44fa-9d43-476c8ad9954f"
549,91,"2020-01-05","03:00 PM",45,"Singleplayer","Controller","Bedroom","PC","17a87e84-cecb-44fa-9d43-476c8ad9954f"
550,78,"2020-01-05","05:00 PM",60,"Singleplayer","Keyboard & Mouse","Bedroom","PC","17a87e84-cecb-44fa-9d43-476c8ad9954f"
551,91,"2020-01-06","05:00 PM",30,"Singleplayer","Controller","Bedroom","PC","17a87e84-cecb-44fa-9d43-476c8ad9954f"
552,91,"2020-01-07","08:00 PM",90,"Singleplayer","Controller","Bedroom","PC","17a87e84-cecb-44fa-9d43-476c8ad9954f"
553,78,"2020-01-08","10:00 PM",45,"Singleplayer","Keyboard & Mouse","Bedroom","PC","17a87e84-cecb-44fa-9d43-476c8ad9954f"
554,78,"2020-01-09","05:00 PM",15,"Singleplayer","Keyboard & Mouse","Bedroom","PC","17a87e84-cecb-44fa-9d43-476c8ad9954f"
555,91,"2020-01-09","08:00 PM",75,"Singleplayer","Controller","Bedroom","PC","17a87e84-cecb-44fa-9d43-476c8ad9954f"
556,91,"2020-01-10","08:00 PM",75,"Singleplayer","Controller","Bedroom","PC","17a87e84-cecb-44fa-9d43-476c8ad9954f"
557,78,"2020-01-10","10:00 PM",60,"Singleplayer","Keyboard & Mouse","Bedroom","PC","17a87e84-cecb-44fa-9d43-476c8ad9954f"
558,91,"2020-01-11","10:00 AM",60,"Singleplayer","Controller","Bedroom","PC","17a87e84-cecb-44fa-9d43-476c8ad9954f"
559,78,"2020-01-11","01:00 PM",60,"Singleplayer","Keyboard & Mouse","Bedroom","PC","17a87e84-cecb-44fa-9d43-476c8ad9954f"
560,91,"2020-01-12","11:00 AM",75,"Singleplayer","Controller","Bedroom","PC","17a87e84-cecb-44fa-9d43-476c8ad9954f"
561,91,"2020-01-12","02:00 PM",75,"Singleplayer","Controller","Bedroom","PC","17a87e84-cecb-44fa-9d43-476c8ad9954f"
562,78,"2020-01-13","10:00 PM",45,"Singleplayer","Keyboard & Mouse","Bedroom","PC","17a87e84-cecb-44fa-9d43-476c8ad9954f"
563,91,"2020-01-15","07:00 PM",60,"Singleplayer","Controller","Bedroom","PC","17a87e84-cecb-44fa-9d43-476c8ad9954f"
564,91,"2020-01-16","08:00 PM",75,"Singleplayer","Controller","Bedroom","PC","17a87e84-cecb-44fa-9d43-476c8ad9954f"
565,91,"2020-01-18","01:00 PM",60,"Singleplayer","Controller","Bedroom","PC","17a87e84-cecb-44fa-9d43-476c8ad9954f"
566,78,"2020-01-18","03:00 PM",45,"Singleplayer","Keyboard & Mouse","Bedroom","PC","17a87e84-cecb-44fa-9d43-476c8ad9954f"
567,91,"2020-01-19","11:00 AM",45,"Singleplayer","Controller","Bedroom","PC","17a87e84-cecb-44fa-9d43-476c8ad9954f"
568,91,"2020-01-19","02:00 PM",75,"Singleplayer","Controller","Bedroom","PC","17a87e84-cecb-44fa-9d43-476c8ad9954f"
569,91,"2020-01-20","07:00 PM",60,"Singleplayer","Controller","Bedroom","PC","17a87e84-cecb-44fa-9d43-476c8ad9954f"
570,91,"2020-01-21","09:00 PM",60,"Singleplayer","Controller","Bedroom","PC","17a87e84-cecb-44fa-9d43-476c8ad9954f"
571,91,"2020-01-22","07:00 PM",30,"Singleplayer","Controller","Bedroom","PC","17a87e84-cecb-44fa-9d43-476c8ad9954f"
572,91,"2020-01-22","08:00 PM",45,"Singleplayer","Controller","Bedroom","PC","17a87e84-cecb-44fa-9d43-476c8ad9954f"
573,91,"2020-01-23","09:00 PM",45,"Singleplayer","Controller","Bedroom","PC","17a87e84-cecb-44fa-9d43-476c8ad9954f"
574,91,"2020-01-24","09:00 PM",60,"Singleplayer","Controller","Bedroom","PC","17a87e84-cecb-44fa-9d43-476c8ad9954f"
575,91,"2020-01-25","02:00 PM",75,"Singleplayer","Controller","Bedroom","PC","17a87e84-cecb-44fa-9d43-476c8ad9954f"
576,91,"2020-01-26","12:00 PM",30,"Singleplayer","Controller","Bedroom","PC","17a87e84-cecb-44fa-9d43-476c8ad9954f"
577,92,"2020-01-27","12:00 PM",90,"Singleplayer","Controller","Bedroom","PC","17a87e84-cecb-44fa-9d43-476c8ad9954f"
578,82,"2020-01-28","08:00 PM",30,"Local Multiplayer","Controller","Lounge","PS4","17a87e84-cecb-44fa-9d43-476c8ad9954f"
579,92,"2020-01-28","09:00 PM",45,"Singleplayer","Controller","Bedroom","PC","17a87e84-cecb-44fa-9d43-476c8ad9954f"
580,92,"2020-01-29","09:00 PM",45,"Singleplayer","Controller","Bedroom","PC","17a87e84-cecb-44fa-9d43-476c8ad9954f"
581,82,"2020-01-30","09:00 PM",30,"Local Multiplayer","Controller","Lounge","PS4","17a87e84-cecb-44fa-9d43-476c8ad9954f"
582,82,"2020-02-01","01:00 PM",30,"Local Multiplayer","Controller","Lounge","PS4","17a87e84-cecb-44fa-9d43-476c8ad9954f"
583,92,"2020-02-01","02:00 PM",75,"Singleplayer","Controller","Bedroom","PC","17a87e84-cecb-44fa-9d43-476c8ad9954f"
584,93,"2020-02-01","05:00 PM",30,"Singleplayer","Keyboard & Mouse","Bedroom","PC","17a87e84-cecb-44fa-9d43-476c8ad9954f"
585,82,"2020-02-02","08:00 PM",30,"Local Multiplayer","Controller","Lounge","PS4","17a87e84-cecb-44fa-9d43-476c8ad9954f"
586,92,"2020-02-03","08:00 PM",60,"Singleplayer","Controller","Bedroom","PC","17a87e84-cecb-44fa-9d43-476c8ad9954f"
587,82,"2020-02-03","09:00 PM",30,"Local Multiplayer","Controller","Lounge","PS4","17a87e84-cecb-44fa-9d43-476c8ad9954f"
588,82,"2020-02-04","09:00 PM",30,"Local Multiplayer","Controller","Lounge","PS4","17a87e84-cecb-44fa-9d43-476c8ad9954f"
589,82,"2020-02-05","09:00 PM",30,"Local Multiplayer","Controller","Lounge","PS4","17a87e84-cecb-44fa-9d43-476c8ad9954f"
590,92,"2020-02-06","09:00 PM",75,"Singleplayer","Controller","Bedroom","PC","17a87e84-cecb-44fa-9d43-476c8ad9954f"
591,92,"2020-02-08","12:00 PM",45,"Singleplayer","Controller","Bedroom","PC","17a87e84-cecb-44fa-9d43-476c8ad9954f"
592,92,"2020-02-08","09:00 PM",105,"Singleplayer","Controller","Bedroom","PC","17a87e84-cecb-44fa-9d43-476c8ad9954f"
593,92,"2020-02-09","12:00 PM",45,"Singleplayer","Controller","Bedroom","PC","17a87e84-cecb-44fa-9d43-476c8ad9954f"
594,92,"2020-02-09","05:00 PM",90,"Singleplayer","Controller","Bedroom","PC","17a87e84-cecb-44fa-9d43-476c8ad9954f"
595,94,"2020-02-10","09:00 PM",45,"Singleplayer","Controller","Bedroom","PC","17a87e84-cecb-44fa-9d43-476c8ad9954f"
596,94,"2020-02-11","06:00 PM",15,"Singleplayer","Controller","Bedroom","PC","17a87e84-cecb-44fa-9d43-476c8ad9954f"
597,82,"2020-02-12","06:00 PM",60,"Local Multiplayer","Controller","Lounge","PS4","17a87e84-cecb-44fa-9d43-476c8ad9954f"
598,94,"2020-02-15","11:00 AM",45,"Singleplayer","Controller","Bedroom","PC","17a87e84-cecb-44fa-9d43-476c8ad9954f"
599,95,"2020-02-15","03:00 PM",105,"Singleplayer","Controller","Bedroom","PC","17a87e84-cecb-44fa-9d43-476c8ad9954f"
600,57,"2020-02-15","08:00 PM",90,"Local Multiplayer","Controller","Lounge","Switch","17a87e84-cecb-44fa-9d43-476c8ad9954f"
601,9,"2020-02-15","09:00 PM",60,"Local Multiplayer","Controller","Lounge","Switch","17a87e84-cecb-44fa-9d43-476c8ad9954f"
602,82,"2020-02-16","09:00 PM",45,"Local Multiplayer","Controller","Lounge","PS4","17a87e84-cecb-44fa-9d43-476c8ad9954f"
603,82,"2020-02-18","09:00 PM",15,"Local Multiplayer","Controller","Lounge","PS4","17a87e84-cecb-44fa-9d43-476c8ad9954f"
604,96,"2020-02-19","09:00 PM",45,"Singleplayer","Keyboard & Mouse","Bedroom","PC","17a87e84-cecb-44fa-9d43-476c8ad9954f"
605,82,"2020-02-20","06:00 PM",45,"Local Multiplayer","Controller","Lounge","PS4","17a87e84-cecb-44fa-9d43-476c8ad9954f"
606,1,"2020-02-20","09:00 PM",15,"Singleplayer","Keyboard & Mouse","Train / Train Station","Switch","17a87e84-cecb-44fa-9d43-476c8ad9954f"
607,57,"2020-02-21","07:00 PM",60,"Local Multiplayer","Controller","Lounge","Switch","17a87e84-cecb-44fa-9d43-476c8ad9954f"
608,9,"2020-02-21","08:00 PM",45,"Local Multiplayer","Controller","Lounge","Switch","17a87e84-cecb-44fa-9d43-476c8ad9954f"
609,97,"2020-02-22","07:00 AM",45,"Singleplayer","Controller","Bedroom","PC","17a87e84-cecb-44fa-9d43-476c8ad9954f"
610,96,"2020-02-22","07:00 PM",90,"Singleplayer","Keyboard & Mouse","Bedroom","PC","17a87e84-cecb-44fa-9d43-476c8ad9954f"
611,98,"2020-02-22","09:00 PM",90,"Singleplayer","Handheld","Bedroom","Switch","17a87e84-cecb-44fa-9d43-476c8ad9954f"
612,98,"2020-02-23","07:00 AM",30,"Singleplayer","Handheld","Bedroom","Switch","17a87e84-cecb-44fa-9d43-476c8ad9954f"
613,98,"2020-02-23","09:00 PM",30,"Singleplayer","Handheld","Bed","Switch","17a87e84-cecb-44fa-9d43-476c8ad9954f"
614,82,"2020-02-23","09:00 PM",30,"Local Multiplayer","Controller","Lounge","PS4","17a87e84-cecb-44fa-9d43-476c8ad9954f"
615,98,"2020-02-24","07:00 AM",15,"Singleplayer","Handheld","Train / Train Station","Switch","17a87e84-cecb-44fa-9d43-476c8ad9954f"
616,82,"2020-02-24","09:00 PM",30,"Local Multiplayer","Controller","Lounge","PS4","17a87e84-cecb-44fa-9d43-476c8ad9954f"
617,98,"2020-02-25","07:00 AM",15,"Singleplayer","Handheld","Train / Train Station","Switch","17a87e84-cecb-44fa-9d43-476c8ad9954f"
618,82,"2020-02-25","06:00 PM",30,"Local Multiplayer","Controller","Lounge","PS4","17a87e84-cecb-44fa-9d43-476c8ad9954f"
619,98,"2020-02-25","09:00 PM",30,"Singleplayer","Handheld","Train / Train Station","Switch","17a87e84-cecb-44fa-9d43-476c8ad9954f"
620,98,"2020-02-26","07:00 AM",15,"Singleplayer","Handheld","Train / Train Station","Switch","17a87e84-cecb-44fa-9d43-476c8ad9954f"
621,9,"2020-02-26","08:00 PM",15,"Local Multiplayer","Controller","Lounge","Switch","17a87e84-cecb-44fa-9d43-476c8ad9954f"
622,98,"2020-02-27","07:00 AM",15,"Singleplayer","Handheld","Train / Train Station","Switch","17a87e84-cecb-44fa-9d43-476c8ad9954f"
623,98,"2020-02-27","04:00 PM",15,"Singleplayer","Handheld","Train / Train Station","Switch","17a87e84-cecb-44fa-9d43-476c8ad9954f"
624,98,"2020-02-27","09:00 PM",30,"Singleplayer","Handheld","Train / Train Station","Switch","17a87e84-cecb-44fa-9d43-476c8ad9954f"
625,98,"2020-02-28","06:00 AM",15,"Singleplayer","Handheld","Bedroom","Switch","17a87e84-cecb-44fa-9d43-476c8ad9954f"
626,82,"2020-02-29","11:00 AM",30,"Local Multiplayer","Controller","Lounge","PS4","17a87e84-cecb-44fa-9d43-476c8ad9954f"
627,98,"2020-02-29","11:00 AM",15,"Singleplayer","Handheld","Lounge","Switch","17a87e84-cecb-44fa-9d43-476c8ad9954f"
628,98,"2020-02-29","01:00 PM",30,"Singleplayer","Handheld","Bedroom","Switch","17a87e84-cecb-44fa-9d43-476c8ad9954f"
629,98,"2020-03-01","07:00 AM",30,"Singleplayer","Handheld","Bed","Switch","17a87e84-cecb-44fa-9d43-476c8ad9954f"
630,82,"2020-03-03","09:00 PM",30,"Local Multiplayer","Controller","Lounge","PS4","17a87e84-cecb-44fa-9d43-476c8ad9954f"
631,98,"2020-03-04","07:00 AM",15,"Singleplayer","Handheld","Train / Train Station","Switch","17a87e84-cecb-44fa-9d43-476c8ad9954f"
632,98,"2020-03-04","01:00 PM",60,"Singleplayer","Handheld","Lounge","Switch","17a87e84-cecb-44fa-9d43-476c8ad9954f"
633,98,"2020-03-04","05:00 PM",45,"Singleplayer","Handheld","Bedroom","Switch","17a87e84-cecb-44fa-9d43-476c8ad9954f"
634,98,"2020-03-05","02:00 PM",30,"Singleplayer","Handheld","Lounge","Switch","17a87e84-cecb-44fa-9d43-476c8ad9954f"
635,98,"2020-03-06","07:00 AM",15,"Singleplayer","Handheld","Train / Train Station","Switch","17a87e84-cecb-44fa-9d43-476c8ad9954f"
636,98,"2020-03-07","09:00 AM",90,"Singleplayer","Handheld","Bedroom","Switch","17a87e84-cecb-44fa-9d43-476c8ad9954f"
637,98,"2020-03-07","07:00 PM",45,"Singleplayer","Handheld","Lounge","Switch","17a87e84-cecb-44fa-9d43-476c8ad9954f"
638,98,"2020-03-08","06:00 AM",60,"Singleplayer","Handheld","Bed","Switch","17a87e84-cecb-44fa-9d43-476c8ad9954f"
639,82,"2020-03-08","09:00 AM",45,"Local Multiplayer","Controller","Lounge","PS4","17a87e84-cecb-44fa-9d43-476c8ad9954f"
640,82,"2020-03-10","05:00 PM",45,"Local Multiplayer","Controller","Lounge","PS4","17a87e84-cecb-44fa-9d43-476c8ad9954f"
641,82,"2020-03-10","08:00 PM",45,"Local Multiplayer","Controller","Lounge","PS4","17a87e84-cecb-44fa-9d43-476c8ad9954f"
642,98,"2020-03-11","07:00 AM",15,"Singleplayer","Handheld","Train / Train Station","Switch","17a87e84-cecb-44fa-9d43-476c8ad9954f"
643,82,"2020-03-11","08:00 PM",45,"Local Multiplayer","Controller","Lounge","PS4","17a87e84-cecb-44fa-9d43-476c8ad9954f"
644,98,"2020-03-11","09:00 PM",15,"Singleplayer","Handheld","Bedroom","Switch","17a87e84-cecb-44fa-9d43-476c8ad9954f"
645,98,"2020-03-12","07:00 AM",15,"Singleplayer","Handheld","Train / Train Station","Switch","17a87e84-cecb-44fa-9d43-476c8ad9954f"
646,82,"2020-03-12","06:00 PM",60,"Local Multiplayer","Controller","Lounge","PS4","17a87e84-cecb-44fa-9d43-476c8ad9954f"
647,98,"2020-03-12","09:00 PM",45,"Singleplayer","Handheld","Bedroom","Switch","17a87e84-cecb-44fa-9d43-476c8ad9954f"
648,98,"2020-03-13","06:00 AM",15,"Singleplayer","Handheld","Bedroom","Switch","17a87e84-cecb-44fa-9d43-476c8ad9954f"
649,82,"2020-03-15","08:00 PM",30,"Local Multiplayer","Controller","Lounge","PS4","17a87e84-cecb-44fa-9d43-476c8ad9954f"
650,98,"2020-03-16","07:00 AM",15,"Singleplayer","Handheld","Train / Train Station","Switch","17a87e84-cecb-44fa-9d43-476c8ad9954f"
651,98,"2020-03-17","07:00 AM",15,"Singleplayer","Handheld","Train / Train Station","Switch","17a87e84-cecb-44fa-9d43-476c8ad9954f"
652,82,"2020-03-17","09:00 PM",15,"Local Multiplayer","Controller","Lounge","PS4","17a87e84-cecb-44fa-9d43-476c8ad9954f"
653,98,"2020-03-18","06:00 PM",15,"Singleplayer","Handheld","Lounge","Switch","17a87e84-cecb-44fa-9d43-476c8ad9954f"
654,82,"2020-03-18","09:00 PM",30,"Local Multiplayer","Controller","Lounge","PS4","17a87e84-cecb-44fa-9d43-476c8ad9954f"
655,98,"2020-03-19","07:00 AM",15,"Singleplayer","Handheld","Train / Train Station","Switch","17a87e84-cecb-44fa-9d43-476c8ad9954f"
656,98,"2020-03-19","09:00 PM",30,"Singleplayer","Handheld","Train / Train Station","Switch","17a87e84-cecb-44fa-9d43-476c8ad9954f"
657,98,"2020-03-20","07:00 AM",15,"Singleplayer","Handheld","Bedroom","Switch","17a87e84-cecb-44fa-9d43-476c8ad9954f"
658,98,"2020-03-21","07:00 AM",45,"Singleplayer","Handheld","Bed","Switch","17a87e84-cecb-44fa-9d43-476c8ad9954f"
659,98,"2020-03-21","01:00 PM",30,"Singleplayer","Handheld","Lounge","Switch","17a87e84-cecb-44fa-9d43-476c8ad9954f"
660,82,"2020-03-21","05:00 PM",15,"Local Multiplayer","Controller","Lounge","PS4","17a87e84-cecb-44fa-9d43-476c8ad9954f"
661,82,"2020-03-22","07:00 PM",45,"Local Multiplayer","Controller","Lounge","PS4","17a87e84-cecb-44fa-9d43-476c8ad9954f"
662,98,"2020-03-23","05:00 PM",45,"Singleplayer","Handheld","Lounge","Switch","17a87e84-cecb-44fa-9d43-476c8ad9954f"
663,98,"2020-03-24","04:00 PM",30,"Singleplayer","Handheld","Lounge","Switch","17a87e84-cecb-44fa-9d43-476c8ad9954f"
664,98,"2020-03-25","12:00 PM",15,"Singleplayer","Handheld","Lounge","Switch","17a87e84-cecb-44fa-9d43-476c8ad9954f"
665,98,"2020-03-25","07:00 PM",60,"Singleplayer","Handheld","Bed","Switch","17a87e84-cecb-44fa-9d43-476c8ad9954f"
666,82,"2020-03-25","09:00 PM",45,"Local Multiplayer","Controller","Lounge","PS4","17a87e84-cecb-44fa-9d43-476c8ad9954f"
667,82,"2020-03-26","04:00 PM",45,"Local Multiplayer","Controller","Lounge","PS4","17a87e84-cecb-44fa-9d43-476c8ad9954f"
668,98,"2020-03-26","07:00 PM",75,"Singleplayer","Handheld","Bedroom","Switch","17a87e84-cecb-44fa-9d43-476c8ad9954f"
669,82,"2020-03-26","08:00 PM",30,"Local Multiplayer","Controller","Lounge","PS4","17a87e84-cecb-44fa-9d43-476c8ad9954f"
670,99,"2020-03-26","09:00 PM",30,"Singleplayer","Handheld","Bedroom","Switch","17a87e84-cecb-44fa-9d43-476c8ad9954f"
671,99,"2020-03-27","06:00 AM",30,"Singleplayer","Handheld","Bed","Switch","17a87e84-cecb-44fa-9d43-476c8ad9954f"
672,82,"2020-03-27","06:00 PM",45,"Local Multiplayer","Controller","Lounge","PS4","17a87e84-cecb-44fa-9d43-476c8ad9954f"
673,99,"2020-03-27","07:00 PM",15,"Singleplayer","Handheld","Lounge","Switch","17a87e84-cecb-44fa-9d43-476c8ad9954f"
674,98,"2020-03-27","08:00 PM",60,"Singleplayer","Handheld","Lounge","Switch","17a87e84-cecb-44fa-9d43-476c8ad9954f"
675,98,"2020-03-27","09:00 PM",15,"Singleplayer","Handheld","Bed","Switch","17a87e84-cecb-44fa-9d43-476c8ad9954f"
676,99,"2020-03-28","07:00 AM",15,"Singleplayer","Handheld","Bed","Switch","17a87e84-cecb-44fa-9d43-476c8ad9954f"
677,99,"2020-03-28","11:00 AM",15,"Singleplayer","Handheld","Bedroom","Switch","17a87e84-cecb-44fa-9d43-476c8ad9954f"
678,100,"2020-03-28","04:00 PM",90,"Online Multiplayer","Keyboard & Mouse","Bedroom","PC","17a87e84-cecb-44fa-9d43-476c8ad9954f"
679,99,"2020-03-29","07:00 AM",30,"Singleplayer","Handheld","Bed","Switch","17a87e84-cecb-44fa-9d43-476c8ad9954f"
680,101,"2020-03-29","03:00 PM",30,"Singleplayer","Keyboard & Mouse","Bedroom","PC","17a87e84-cecb-44fa-9d43-476c8ad9954f"
681,82,"2020-03-29","05:00 PM",30,"Local Multiplayer","Controller","Lounge","PS4","17a87e84-cecb-44fa-9d43-476c8ad9954f"
682,100,"2020-03-29","06:00 PM",45,"Online Multiplayer","Keyboard & Mouse","Bedroom","PC","17a87e84-cecb-44fa-9d43-476c8ad9954f"
683,99,"2020-03-30","11:00 AM",15,"Singleplayer","Handheld","Bedroom","Switch","17a87e84-cecb-44fa-9d43-476c8ad9954f"
684,99,"2020-03-30","04:00 PM",30,"Singleplayer","Handheld","Lounge","Switch","17a87e84-cecb-44fa-9d43-476c8ad9954f"
685,82,"2020-03-30","04:00 PM",45,"Local Multiplayer","Controller","Lounge","PS4","17a87e84-cecb-44fa-9d43-476c8ad9954f"
686,82,"2020-03-30","09:00 PM",15,"Local Multiplayer","Controller","Lounge","PS4","17a87e84-cecb-44fa-9d43-476c8ad9954f"
687,99,"2020-03-31","11:00 AM",15,"Singleplayer","Handheld","Bedroom","Switch","17a87e84-cecb-44fa-9d43-476c8ad9954f"
688,82,"2020-03-31","04:00 PM",45,"Local Multiplayer","Controller","Lounge","PS4","17a87e84-cecb-44fa-9d43-476c8ad9954f"
689,101,"2020-03-31","09:00 PM",60,"Singleplayer","Keyboard & Mouse","Bedroom","PC","17a87e84-cecb-44fa-9d43-476c8ad9954f"
690,99,"2020-04-01","06:00 AM",30,"Singleplayer","Handheld","Bed","Switch","17a87e84-cecb-44fa-9d43-476c8ad9954f"
691,82,"2020-04-01","04:00 PM",45,"Local Multiplayer","Controller","Lounge","PS4","17a87e84-cecb-44fa-9d43-476c8ad9954f"
692,99,"2020-04-01","09:00 PM",30,"Singleplayer","Handheld","Lounge","Switch","17a87e84-cecb-44fa-9d43-476c8ad9954f"
693,9,"2020-04-02","04:00 PM",30,"Local Multiplayer","Controller","Lounge","Switch","17a87e84-cecb-44fa-9d43-476c8ad9954f"
694,99,"2020-04-02","06:00 PM",15,"Singleplayer","Handheld","Bedroom","Switch","17a87e84-cecb-44fa-9d43-476c8ad9954f"
695,82,"2020-04-02","09:00 PM",30,"Local Multiplayer","Controller","Lounge","PS4","17a87e84-cecb-44fa-9d43-476c8ad9954f"
696,99,"2020-04-03","07:00 AM",15,"Singleplayer","Handheld","Bedroom","Switch","17a87e84-cecb-44fa-9d43-476c8ad9954f"
697,82,"2020-04-03","04:00 PM",45,"Local Multiplayer","Controller","Lounge","PS4","17a87e84-cecb-44fa-9d43-476c8ad9954f"
698,99,"2020-04-04","07:00 AM",30,"Singleplayer","Handheld","Bed","Switch","17a87e84-cecb-44fa-9d43-476c8ad9954f"
699,82,"2020-04-04","02:00 PM",15,"Local Multiplayer","Controller","Lounge","PS4","17a87e84-cecb-44fa-9d43-476c8ad9954f"
700,100,"2020-04-04","03:00 PM",60,"Online Multiplayer","Keyboard & Mouse","Bedroom","PC","17a87e84-cecb-44fa-9d43-476c8ad9954f"
701,101,"2020-04-04","11:00 AM",60,"Singleplayer","Keyboard & Mouse","Bedroom","PC","17a87e84-cecb-44fa-9d43-476c8ad9954f"
702,99,"2020-04-05","11:00 AM",45,"Singleplayer","Handheld","Lounge","Switch","17a87e84-cecb-44fa-9d43-476c8ad9954f"
703,100,"2020-04-05","03:00 PM",105,"Online Multiplayer","Keyboard & Mouse","Bedroom","PC","17a87e84-cecb-44fa-9d43-476c8ad9954f"
704,99,"2020-04-06","12:00 PM",15,"Singleplayer","Handheld","Lounge","Switch","17a87e84-cecb-44fa-9d43-476c8ad9954f"
705,82,"2020-04-06","04:00 PM",15,"Local Multiplayer","Controller","Lounge","PS4","17a87e84-cecb-44fa-9d43-476c8ad9954f"
706,82,"2020-04-06","09:00 PM",30,"Local Multiplayer","Controller","Lounge","PS4","17a87e84-cecb-44fa-9d43-476c8ad9954f"
707,99,"2020-04-07","07:00 AM",15,"Singleplayer","Handheld","Bedroom","Switch","17a87e84-cecb-44fa-9d43-476c8ad9954f"
708,99,"2020-04-07","12:00 PM",15,"Singleplayer","Handheld","Lounge","Switch","17a87e84-cecb-44fa-9d43-476c8ad9954f"
709,82,"2020-04-07","04:00 PM",45,"Local Multiplayer","Controller","Lounge","PS4","17a87e84-cecb-44fa-9d43-476c8ad9954f"
710,99,"2020-04-08","07:00 AM",15,"Singleplayer","Handheld","Bedroom","Switch","17a87e84-cecb-44fa-9d43-476c8ad9954f"
711,82,"2020-04-08","04:00 PM",30,"Local Multiplayer","Controller","Lounge","PS4","17a87e84-cecb-44fa-9d43-476c8ad9954f"
712,99,"2020-04-09","07:00 AM",15,"Singleplayer","Handheld","Bedroom","Switch","17a87e84-cecb-44fa-9d43-476c8ad9954f"
713,82,"2020-04-09","04:00 PM",30,"Local Multiplayer","Controller","Lounge","PS4","17a87e84-cecb-44fa-9d43-476c8ad9954f"
714,99,"2020-04-09","03:00 PM",15,"Singleplayer","Handheld","Lounge","Switch","17a87e84-cecb-44fa-9d43-476c8ad9954f"
715,82,"2020-04-09","06:00 PM",15,"Local Multiplayer","Controller","Lounge","PS4","17a87e84-cecb-44fa-9d43-476c8ad9954f"
716,102,"2020-04-09","07:00 PM",75,"Singleplayer","Controller","Bedroom","PC","17a87e84-cecb-44fa-9d43-476c8ad9954f"
717,99,"2020-04-10","07:00 AM",30,"Singleplayer","Handheld","Bed","Switch","17a87e84-cecb-44fa-9d43-476c8ad9954f"
718,100,"2020-04-10","09:00 AM",60,"Online Multiplayer","Keyboard & Mouse","Bedroom","PC","17a87e84-cecb-44fa-9d43-476c8ad9954f"
719,99,"2020-04-11","07:00 AM",15,"Singleplayer","Handheld","Bedroom","Switch","17a87e84-cecb-44fa-9d43-476c8ad9954f"
720,99,"2020-04-11","01:00 PM",30,"Singleplayer","Handheld","Bed","Switch","17a87e84-cecb-44fa-9d43-476c8ad9954f"
721,9,"2020-04-11","05:00 PM",60,"Local Multiplayer","Controller","Lounge","Switch","17a87e84-cecb-44fa-9d43-476c8ad9954f"
722,102,"2020-04-11","07:00 PM",90,"Singleplayer","Controller","Bedroom","PC","17a87e84-cecb-44fa-9d43-476c8ad9954f"
723,82,"2020-04-11","10:00 PM",15,"Local Multiplayer","Controller","Lounge","PS4","17a87e84-cecb-44fa-9d43-476c8ad9954f"
724,99,"2020-04-12","07:00 AM",60,"Singleplayer","Handheld","Bed","Switch","17a87e84-cecb-44fa-9d43-476c8ad9954f"
725,102,"2020-04-12","11:00 AM",60,"Singleplayer","Controller","Bedroom","PC","17a87e84-cecb-44fa-9d43-476c8ad9954f"
726,82,"2020-04-12","05:00 PM",30,"Local Multiplayer","Controller","Lounge","PS4","17a87e84-cecb-44fa-9d43-476c8ad9954f"
727,102,"2020-04-12","06:00 PM",45,"Singleplayer","Controller","Bedroom","PC","17a87e84-cecb-44fa-9d43-476c8ad9954f"
728,99,"2020-04-13","07:00 AM",15,"Singleplayer","Handheld","Bed","Switch","17a87e84-cecb-44fa-9d43-476c8ad9954f"
729,102,"2020-04-13","08:00 AM",60,"Singleplayer","Controller","Bedroom","PC","17a87e84-cecb-44fa-9d43-476c8ad9954f"
730,39,"2020-04-13","11:00 AM",90,"Online Multiplayer","Controller","Bedroom","PC","17a87e84-cecb-44fa-9d43-476c8ad9954f"
731,9,"2020-04-13","03:00 PM",90,"Local Multiplayer","Controller","Lounge","Switch","17a87e84-cecb-44fa-9d43-476c8ad9954f"
732,99,"2020-04-14","01:00 PM",15,"Singleplayer","Handheld","Lounge","Switch","17a87e84-cecb-44fa-9d43-476c8ad9954f"
733,82,"2020-04-14","04:00 PM",45,"Local Multiplayer","Controller","Lounge","PS4","17a87e84-cecb-44fa-9d43-476c8ad9954f"
734,102,"2020-04-14","06:00 PM",30,"Singleplayer","Controller","Bedroom","PC","17a87e84-cecb-44fa-9d43-476c8ad9954f"
735,82,"2020-04-14","09:00 PM",30,"Local Multiplayer","Controller","Lounge","PS4","17a87e84-cecb-44fa-9d43-476c8ad9954f"
736,99,"2020-04-15","07:00 AM",30,"Singleplayer","Handheld","Bedroom","Switch","17a87e84-cecb-44fa-9d43-476c8ad9954f"
737,99,"2020-04-15","01:00 PM",15,"Singleplayer","Handheld","Lounge","Switch","17a87e84-cecb-44fa-9d43-476c8ad9954f"
738,82,"2020-04-15","04:00 PM",30,"Local Multiplayer","Controller","Lounge","PS4","17a87e84-cecb-44fa-9d43-476c8ad9954f"
739,39,"2020-04-15","08:00 PM",90,"Online Multiplayer","Controller","Bedroom","PC","17a87e84-cecb-44fa-9d43-476c8ad9954f"
740,99,"2020-04-16","07:00 AM",30,"Singleplayer","Handheld","Bedroom","Switch","17a87e84-cecb-44fa-9d43-476c8ad9954f"
741,99,"2020-04-16","12:00 PM",15,"Singleplayer","Handheld","Lounge","Switch","17a87e84-cecb-44fa-9d43-476c8ad9954f"
742,102,"2020-04-16","08:00 PM",30,"Singleplayer","Controller","Bedroom","PC","17a87e84-cecb-44fa-9d43-476c8ad9954f"
743,82,"2020-04-16","09:00 PM",30,"Local Multiplayer","Controller","Lounge","PS4","17a87e84-cecb-44fa-9d43-476c8ad9954f"
744,99,"2020-04-17","07:00 AM",15,"Singleplayer","Handheld","Bedroom","Switch","17a87e84-cecb-44fa-9d43-476c8ad9954f"
745,82,"2020-04-17","04:00 PM",60,"Local Multiplayer","Controller","Lounge","PS4","17a87e84-cecb-44fa-9d43-476c8ad9954f"
746,102,"2020-04-17","06:00 PM",30,"Singleplayer","Controller","Bedroom","PC","17a87e84-cecb-44fa-9d43-476c8ad9954f"
747,99,"2020-04-17","07:00 PM",60,"Singleplayer","Handheld","Lounge","Switch","17a87e84-cecb-44fa-9d43-476c8ad9954f"
748,9,"2020-04-18","09:00 PM",90,"Local Multiplayer","Controller","Lounge","Switch","17a87e84-cecb-44fa-9d43-476c8ad9954f"
749,99,"2020-04-18","07:00 AM",30,"Singleplayer","Handheld","Bedroom","Switch","17a87e84-cecb-44fa-9d43-476c8ad9954f"
750,99,"2020-04-18","11:00 AM",30,"Singleplayer","Handheld","Bedroom","Switch","17a87e84-cecb-44fa-9d43-476c8ad9954f"
751,82,"2020-04-18","12:00 PM",45,"Local Multiplayer","Controller","Lounge","PS4","17a87e84-cecb-44fa-9d43-476c8ad9954f"
752,102,"2020-04-18","01:00 PM",60,"Singleplayer","Controller","Bedroom","PC","17a87e84-cecb-44fa-9d43-476c8ad9954f"
753,102,"2020-04-19","04:00 PM",75,"Singleplayer","Controller","Bedroom","PC","17a87e84-cecb-44fa-9d43-476c8ad9954f"
754,99,"2020-04-19","07:00 AM",30,"Singleplayer","Handheld","Bedroom","Switch","17a87e84-cecb-44fa-9d43-476c8ad9954f"
755,39,"2020-04-19","08:00 AM",90,"Online Multiplayer","Controller","Bedroom","PC","17a87e84-cecb-44fa-9d43-476c8ad9954f"
756,100,"2020-04-19","11:00 AM",30,"Online Multiplayer","Keyboard & Mouse","Bedroom","PC","17a87e84-cecb-44fa-9d43-476c8ad9954f"
757,102,"2020-04-19","02:00 PM",75,"Singleplayer","Controller","Bedroom","PC","17a87e84-cecb-44fa-9d43-476c8ad9954f"
758,78,"2020-04-19","04:00 PM",60,"Online Multiplayer","Keyboard & Mouse","Bedroom","PC","17a87e84-cecb-44fa-9d43-476c8ad9954f"
759,9,"2020-04-19","08:00 PM",90,"Local Multiplayer","Controller","Lounge","Switch","17a87e84-cecb-44fa-9d43-476c8ad9954f"
760,99,"2020-04-20","07:00 AM",30,"Singleplayer","Handheld","Bedroom","Switch","17a87e84-cecb-44fa-9d43-476c8ad9954f"
761,82,"2020-04-20","04:00 PM",45,"Local Multiplayer","Controller","Lounge","PS4","17a87e84-cecb-44fa-9d43-476c8ad9954f"
762,99,"2020-04-20","08:00 PM",60,"Singleplayer","Handheld","Lounge","Switch","17a87e84-cecb-44fa-9d43-476c8ad9954f"
763,9,"2020-04-20","09:00 PM",60,"Local Multiplayer","Controller","Bedroom","Switch","17a87e84-cecb-44fa-9d43-476c8ad9954f"
764,99,"2020-04-21","07:00 AM",30,"Singleplayer","Handheld","Bedroom","Switch","17a87e84-cecb-44fa-9d43-476c8ad9954f"
765,82,"2020-04-21","04:00 PM",30,"Local Multiplayer","Controller","Lounge","PS4","17a87e84-cecb-44fa-9d43-476c8ad9954f"
766,99,"2020-04-21","07:00 PM",45,"Singleplayer","Handheld","Lounge","Switch","17a87e84-cecb-44fa-9d43-476c8ad9954f"
767,103,"2020-04-21","08:00 PM",30,"Local Multiplayer","Controller","Lounge","PS4","17a87e84-cecb-44fa-9d43-476c8ad9954f"
768,99,"2020-04-22","07:00 AM",15,"Singleplayer","Handheld","Bedroom","Switch","17a87e84-cecb-44fa-9d43-476c8ad9954f"
769,82,"2020-04-22","04:00 PM",30,"Local Multiplayer","Controller","Lounge","PS4","17a87e84-cecb-44fa-9d43-476c8ad9954f"
770,99,"2020-04-22","07:00 PM",45,"Singleplayer","Handheld","Lounge","Switch","17a87e84-cecb-44fa-9d43-476c8ad9954f"
771,99,"2020-04-23","07:00 AM",15,"Singleplayer","Handheld","Bedroom","Switch","17a87e84-cecb-44fa-9d43-476c8ad9954f"
772,99,"2020-04-23","12:00 PM",15,"Singleplayer","Handheld","Lounge","Switch","17a87e84-cecb-44fa-9d43-476c8ad9954f"
773,82,"2020-04-23","04:00 PM",45,"Local Multiplayer","Controller","Lounge","PS4","17a87e84-cecb-44fa-9d43-476c8ad9954f"
774,99,"2020-04-23","07:00 PM",30,"Singleplayer","Handheld","Lounge","Switch","17a87e84-cecb-44fa-9d43-476c8ad9954f"
775,103,"2020-04-23","08:00 PM",30,"Local Multiplayer","Controller","Lounge","PS4","17a87e84-cecb-44fa-9d43-476c8ad9954f"
776,99,"2020-04-24","07:00 AM",15,"Singleplayer","Handheld","Bedroom","Switch","17a87e84-cecb-44fa-9d43-476c8ad9954f"
777,99,"2020-04-24","12:00 PM",15,"Singleplayer","Handheld","Lounge","Switch","17a87e84-cecb-44fa-9d43-476c8ad9954f"
778,82,"2020-04-24","04:00 PM",45,"Local Multiplayer","Controller","Lounge","PS4","17a87e84-cecb-44fa-9d43-476c8ad9954f"
779,39,"2020-04-24","06:00 PM",120,"Online Multiplayer","Controller","Bedroom","PC","17a87e84-cecb-44fa-9d43-476c8ad9954f"
780,99,"2020-04-25","07:00 AM",45,"Singleplayer","Handheld","Bed","Switch","17a87e84-cecb-44fa-9d43-476c8ad9954f"
781,39,"2020-04-25","11:00 AM",120,"Online Multiplayer","Controller","Bedroom","PC","17a87e84-cecb-44fa-9d43-476c8ad9954f"
782,99,"2020-04-25","03:00 PM",15,"Singleplayer","Handheld","Lounge","Switch","17a87e84-cecb-44fa-9d43-476c8ad9954f"
783,99,"2020-04-25","03:00 PM",90,"Singleplayer","Handheld","Lounge","Switch","17a87e84-cecb-44fa-9d43-476c8ad9954f"
784,9,"2020-04-25","08:00 PM",30,"Local Multiplayer","Controller","Lounge","Switch","17a87e84-cecb-44fa-9d43-476c8ad9954f"
785,82,"2020-04-25","09:00 PM",30,"Local Multiplayer","Controller","Lounge","PS4","17a87e84-cecb-44fa-9d43-476c8ad9954f"
786,99,"2020-04-26","07:00 AM",15,"Singleplayer","Handheld","Bed","Switch","17a87e84-cecb-44fa-9d43-476c8ad9954f"
787,99,"2020-04-26","09:00 AM",45,"Singleplayer","Handheld","Lounge","Switch","17a87e84-cecb-44fa-9d43-476c8ad9954f"
788,99,"2020-04-27","10:00 AM",15,"Singleplayer","Handheld","Bedroom","Switch","17a87e84-cecb-44fa-9d43-476c8ad9954f"
789,99,"2020-04-27","12:00 PM",15,"Singleplayer","Handheld","Lounge","Switch","17a87e84-cecb-44fa-9d43-476c8ad9954f"
790,82,"2020-04-27","04:00 PM",45,"Local Multiplayer","Controller","Lounge","PS4","17a87e84-cecb-44fa-9d43-476c8ad9954f"
791,99,"2020-04-28","11:00 AM",15,"Singleplayer","Handheld","Bedroom","Switch","17a87e84-cecb-44fa-9d43-476c8ad9954f"
792,82,"2020-04-28","04:00 PM",45,"Local Multiplayer","Controller","Lounge","PS4","17a87e84-cecb-44fa-9d43-476c8ad9954f"
793,99,"2020-04-28","09:00 PM",30,"Singleplayer","Handheld","Bed","Switch","17a87e84-cecb-44fa-9d43-476c8ad9954f"
794,99,"2020-04-29","01:00 PM",15,"Singleplayer","Handheld","Bedroom","Switch","17a87e84-cecb-44fa-9d43-476c8ad9954f"
795,82,"2020-04-29","04:00 PM",45,"Local Multiplayer","Controller","Lounge","PS4","17a87e84-cecb-44fa-9d43-476c8ad9954f"
796,99,"2020-04-29","08:00 PM",30,"Singleplayer","Handheld","Bedroom","Switch","17a87e84-cecb-44fa-9d43-476c8ad9954f"
797,104,"2020-04-29","09:00 PM",90,"Singleplayer","Controller","Bedroom","PC","17a87e84-cecb-44fa-9d43-476c8ad9954f"
798,99,"2020-04-30","12:00 PM",30,"Singleplayer","Handheld","Bed","Switch","17a87e84-cecb-44fa-9d43-476c8ad9954f"
799,82,"2020-04-30","04:00 PM",75,"Local Multiplayer","Controller","Lounge","PS4","17a87e84-cecb-44fa-9d43-476c8ad9954f"
800,99,"2020-04-30","07:00 PM",15,"Singleplayer","Handheld","Lounge","Switch","17a87e84-cecb-44fa-9d43-476c8ad9954f"
801,104,"2020-04-30","09:00 PM",60,"Singleplayer","Controller","Bedroom","PC","17a87e84-cecb-44fa-9d43-476c8ad9954f"
802,99,"2020-05-01","07:00 AM",15,"Singleplayer","Handheld","Bedroom","Switch","17a87e84-cecb-44fa-9d43-476c8ad9954f"
803,82,"2020-05-01","04:00 PM",45,"Local Multiplayer","Controller","Lounge","PS4","17a87e84-cecb-44fa-9d43-476c8ad9954f"
804,104,"2020-05-01","08:00 PM",30,"Online Multiplayer","Controller","Bedroom","PC","17a87e84-cecb-44fa-9d43-476c8ad9954f"
805,99,"2020-05-01","10:00 PM",30,"Singleplayer","Handheld","Bed","Switch","17a87e84-cecb-44fa-9d43-476c8ad9954f"
806,99,"2020-05-02","06:00 AM",45,"Singleplayer","Handheld","Bed","Switch","17a87e84-cecb-44fa-9d43-476c8ad9954f"
807,104,"2020-05-02","07:00 AM",60,"Singleplayer","Controller","Bedroom","PC","17a87e84-cecb-44fa-9d43-476c8ad9954f"
808,99,"2020-05-02","04:00 PM",15,"Singleplayer","Handheld","Lounge","Switch","17a87e84-cecb-44fa-9d43-476c8ad9954f"
809,9,"2020-05-02","08:00 PM",60,"Local Multiplayer","Controller","Lounge","Switch","17a87e84-cecb-44fa-9d43-476c8ad9954f"
810,99,"2020-05-02","07:00 PM",30,"Singleplayer","Handheld","Lounge","Switch","17a87e84-cecb-44fa-9d43-476c8ad9954f"
811,99,"2020-05-03","07:00 AM",30,"Singleplayer","Handheld","Bed","Switch","17a87e84-cecb-44fa-9d43-476c8ad9954f"
812,100,"2020-05-03","11:00 AM",60,"Online Multiplayer","Keyboard & Mouse","Bedroom","PC","17a87e84-cecb-44fa-9d43-476c8ad9954f"
813,104,"2020-05-03","02:00 PM",90,"Singleplayer","Controller","Bedroom","PC","17a87e84-cecb-44fa-9d43-476c8ad9954f"
814,99,"2020-05-03","06:00 PM",30,"Singleplayer","Handheld","Lounge","Switch","17a87e84-cecb-44fa-9d43-476c8ad9954f"
815,104,"2020-05-03","09:00 PM",45,"Singleplayer","Controller","Bedroom","PC","17a87e84-cecb-44fa-9d43-476c8ad9954f"
816,99,"2020-05-04","12:00 PM",30,"Singleplayer","Handheld","Lounge","Switch","17a87e84-cecb-44fa-9d43-476c8ad9954f"
817,82,"2020-05-04","04:00 PM",45,"Local Multiplayer","Controller","Lounge","PS4","17a87e84-cecb-44fa-9d43-476c8ad9954f"
818,99,"2020-05-04","07:00 PM",30,"Singleplayer","Handheld","Lounge","Switch","17a87e84-cecb-44fa-9d43-476c8ad9954f"
819,104,"2020-05-04","08:00 PM",90,"Singleplayer","Controller","Bedroom","PC","17a87e84-cecb-44fa-9d43-476c8ad9954f"
820,99,"2020-05-05","12:00 PM",15,"Singleplayer","Handheld","Lounge","Switch","17a87e84-cecb-44fa-9d43-476c8ad9954f"
821,82,"2020-05-05","12:00 PM",30,"Local Multiplayer","Controller","Lounge","PS4","17a87e84-cecb-44fa-9d43-476c8ad9954f"
822,104,"2020-05-05","08:00 PM",60,"Singleplayer","Controller","Bedroom","PC","17a87e84-cecb-44fa-9d43-476c8ad9954f"
823,99,"2020-05-06","07:00 AM",15,"Singleplayer","Handheld","Bedroom","Switch","17a87e84-cecb-44fa-9d43-476c8ad9954f"
824,99,"2020-05-06","12:00 PM",30,"Singleplayer","Handheld","Lounge","Switch","17a87e84-cecb-44fa-9d43-476c8ad9954f"
825,82,"2020-05-06","04:00 PM",45,"Local Multiplayer","Controller","Lounge","PS4","17a87e84-cecb-44fa-9d43-476c8ad9954f"
826,39,"2020-05-06","07:00 PM",90,"Online Multiplayer","Controller","Bedroom","PC","17a87e84-cecb-44fa-9d43-476c8ad9954f"
827,99,"2020-05-07","07:00 AM",15,"Singleplayer","Handheld","Bedroom","Switch","17a87e84-cecb-44fa-9d43-476c8ad9954f"
828,104,"2020-05-07","08:00 PM",60,"Singleplayer","Controller","Bedroom","PC","17a87e84-cecb-44fa-9d43-476c8ad9954f"
829,99,"2020-05-08","10:00 AM",15,"Singleplayer","Handheld","Bedroom","Switch","17a87e84-cecb-44fa-9d43-476c8ad9954f"
830,82,"2020-05-08","04:00 PM",60,"Local Multiplayer","Controller","Lounge","PS4","17a87e84-cecb-44fa-9d43-476c8ad9954f"
831,99,"2020-05-09","07:00 AM",30,"Singleplayer","Handheld","Bed","Switch","17a87e84-cecb-44fa-9d43-476c8ad9954f"
832,104,"2020-05-09","08:00 AM",120,"Singleplayer","Controller","Bedroom","PC","17a87e84-cecb-44fa-9d43-476c8ad9954f"
833,99,"2020-05-10","07:00 AM",45,"Singleplayer","Handheld","Bed","Switch","17a87e84-cecb-44fa-9d43-476c8ad9954f"
834,104,"2020-05-10","10:00 AM",90,"Singleplayer","Controller","Bedroom","PC","17a87e84-cecb-44fa-9d43-476c8ad9954f"
835,99,"2020-05-10","02:00 PM",45,"Singleplayer","Handheld","Lounge","Switch","17a87e84-cecb-44fa-9d43-476c8ad9954f"
836,39,"2020-05-10","03:00 PM",150,"Online Multiplayer","Controller","Bedroom","PC","17a87e84-cecb-44fa-9d43-476c8ad9954f"
837,99,"2020-05-11","10:00 AM",15,"Singleplayer","Handheld","Bedroom","Switch","17a87e84-cecb-44fa-9d43-476c8ad9954f"
838,82,"2020-05-11","04:00 PM",30,"Local Multiplayer","Controller","Lounge","PS4","17a87e84-cecb-44fa-9d43-476c8ad9954f"
839,104,"2020-05-11","08:00 PM",30,"Online Multiplayer","Controller","Bedroom","PC","17a87e84-cecb-44fa-9d43-476c8ad9954f"
840,99,"2020-05-11","10:00 PM",15,"Singleplayer","Handheld","Bed","Switch","17a87e84-cecb-44fa-9d43-476c8ad9954f"
841,99,"2020-05-12","07:00 AM",15,"Singleplayer","Handheld","Bedroom","Switch","17a87e84-cecb-44fa-9d43-476c8ad9954f"
842,99,"2020-05-12","04:00 PM",15,"Singleplayer","Handheld","Lounge","Switch","17a87e84-cecb-44fa-9d43-476c8ad9954f"
843,82,"2020-05-12","04:00 PM",15,"Local Multiplayer","Controller","Lounge","PS4","17a87e84-cecb-44fa-9d43-476c8ad9954f"
844,104,"2020-05-12","09:00 PM",30,"Singleplayer","Controller","Bedroom","PC","17a87e84-cecb-44fa-9d43-476c8ad9954f"
845,99,"2020-05-13","07:00 AM",15,"Singleplayer","Handheld","Bedroom","Switch","17a87e84-cecb-44fa-9d43-476c8ad9954f"
846,99,"2020-05-13","12:00 PM",15,"Singleplayer","Handheld","Bedroom","Switch","17a87e84-cecb-44fa-9d43-476c8ad9954f"
847,82,"2020-05-13","04:00 PM",30,"Local Multiplayer","Controller","Lounge","PS4","17a87e84-cecb-44fa-9d43-476c8ad9954f"
848,99,"2020-05-13","08:00 PM",30,"Singleplayer","Handheld","Lounge","Switch","17a87e84-cecb-44fa-9d43-476c8ad9954f"
849,99,"2020-05-14","07:00 AM",15,"Singleplayer","Handheld","Bedroom","Switch","17a87e84-cecb-44fa-9d43-476c8ad9954f"
850,99,"2020-05-14","12:00 PM",30,"Singleplayer","Handheld","Lounge","Switch","17a87e84-cecb-44fa-9d43-476c8ad9954f"
851,82,"2020-05-14","04:00 PM",45,"Local Multiplayer","Controller","Lounge","PS4","17a87e84-cecb-44fa-9d43-476c8ad9954f"
852,99,"2020-05-14","07:00 PM",30,"Singleplayer","Handheld","Lounge","Switch","17a87e84-cecb-44fa-9d43-476c8ad9954f"
853,104,"2020-05-14","08:00 PM",60,"Singleplayer","Controller","Bedroom","PC","17a87e84-cecb-44fa-9d43-476c8ad9954f"
854,99,"2020-05-15","07:00 AM",15,"Singleplayer","Handheld","Bedroom","Switch","17a87e84-cecb-44fa-9d43-476c8ad9954f"
855,82,"2020-05-15","04:00 PM",45,"Local Multiplayer","Controller","Lounge","PS4","17a87e84-cecb-44fa-9d43-476c8ad9954f"
856,99,"2020-05-15","06:00 PM",30,"Singleplayer","Handheld","Bedroom","Switch","17a87e84-cecb-44fa-9d43-476c8ad9954f"
857,104,"2020-05-15","07:00 PM",195,"Online Multiplayer","Controller","Bedroom","PC","17a87e84-cecb-44fa-9d43-476c8ad9954f"
858,99,"2020-05-15","10:00 PM",30,"Singleplayer","Handheld","Bed","Switch","17a87e84-cecb-44fa-9d43-476c8ad9954f"
859,99,"2020-05-16","07:00 AM",30,"Singleplayer","Handheld","Bedroom","Switch","17a87e84-cecb-44fa-9d43-476c8ad9954f"
860,99,"2020-05-16","01:00 PM",15,"Singleplayer","Handheld","Lounge","Switch","17a87e84-cecb-44fa-9d43-476c8ad9954f"
861,99,"2020-05-17","10:00 AM",15,"Singleplayer","Handheld","Bedroom","Switch","17a87e84-cecb-44fa-9d43-476c8ad9954f"
862,100,"2020-05-17","11:00 AM",60,"Online Multiplayer","Keyboard & Mouse","Bedroom","PC","17a87e84-cecb-44fa-9d43-476c8ad9954f"
863,82,"2020-05-17","01:00 PM",30,"Local Multiplayer","Controller","Bedroom","PS4","17a87e84-cecb-44fa-9d43-476c8ad9954f"
864,99,"2020-05-17","02:00 PM",15,"Singleplayer","Handheld","Lounge","Switch","17a87e84-cecb-44fa-9d43-476c8ad9954f"
865,99,"2020-05-17","07:00 PM",30,"Singleplayer","Handheld","Lounge","Switch","17a87e84-cecb-44fa-9d43-476c8ad9954f"
866,99,"2020-05-18","07:00 AM",15,"Singleplayer","Handheld","Bedroom","Switch","17a87e84-cecb-44fa-9d43-476c8ad9954f"
867,82,"2020-05-18","04:00 PM",30,"Local Multiplayer","Controller","Lounge","PS4","17a87e84-cecb-44fa-9d43-476c8ad9954f"
868,99,"2020-05-18","08:00 PM",30,"Singleplayer","Handheld","Lounge","Switch","17a87e84-cecb-44fa-9d43-476c8ad9954f"
869,99,"2020-05-19","06:00 AM",15,"Singleplayer","Handheld","Bed","Switch","17a87e84-cecb-44fa-9d43-476c8ad9954f"
870,82,"2020-05-19","04:00 PM",45,"Local Multiplayer","Controller","Lounge","PS4","17a87e84-cecb-44fa-9d43-476c8ad9954f"
871,99,"2020-05-19","08:00 PM",30,"Singleplayer","Handheld","Lounge","Switch","17a87e84-cecb-44fa-9d43-476c8ad9954f"
872,104,"2020-05-19","09:00 PM",60,"Singleplayer","Controller","Bedroom","PC","17a87e84-cecb-44fa-9d43-476c8ad9954f"
873,82,"2020-05-20","04:00 PM",75,"Local Multiplayer","Controller","Lounge","PS4","17a87e84-cecb-44fa-9d43-476c8ad9954f"
874,99,"2020-05-20","07:00 PM",30,"Singleplayer","Handheld","Lounge","Switch","17a87e84-cecb-44fa-9d43-476c8ad9954f"
875,104,"2020-05-20","08:00 PM",60,"Singleplayer","Controller","Bedroom","PC","17a87e84-cecb-44fa-9d43-476c8ad9954f"
876,99,"2020-05-21","08:00 AM",15,"Singleplayer","Handheld","Bedroom","Switch","17a87e84-cecb-44fa-9d43-476c8ad9954f"
877,99,"2020-05-21","06:00 PM",30,"Singleplayer","Handheld","Lounge","Switch","17a87e84-cecb-44fa-9d43-476c8ad9954f"
878,82,"2020-05-21","08:00 PM",15,"Local Multiplayer","Controller","Lounge","PS4","17a87e84-cecb-44fa-9d43-476c8ad9954f"
879,104,"2020-05-21","08:00 PM",60,"Singleplayer","Controller","Bedroom","PC","17a87e84-cecb-44fa-9d43-476c8ad9954f"
880,99,"2020-05-22","08:00 AM",15,"Singleplayer","Handheld","Bedroom","Switch","17a87e84-cecb-44fa-9d43-476c8ad9954f"
881,82,"2020-05-22","04:00 PM",75,"Local Multiplayer","Controller","Lounge","PS4","17a87e84-cecb-44fa-9d43-476c8ad9954f"
882,99,"2020-05-22","10:00 PM",15,"Singleplayer","Handheld","Bed","Switch","17a87e84-cecb-44fa-9d43-476c8ad9954f"
883,99,"2020-05-23","07:00 AM",30,"Singleplayer","Handheld","Bed","Switch","17a87e84-cecb-44fa-9d43-476c8ad9954f"
884,99,"2020-05-23","11:00 AM",30,"Singleplayer","Handheld","Lounge","Switch","17a87e84-cecb-44fa-9d43-476c8ad9954f"
885,99,"2020-05-24","07:00 AM",15,"Singleplayer","Handheld","Bed","Switch","17a87e84-cecb-44fa-9d43-476c8ad9954f"
886,99,"2020-05-24","07:00 PM",60,"Singleplayer","Handheld","Lounge","Switch","17a87e84-cecb-44fa-9d43-476c8ad9954f"
887,104,"2020-05-24","08:00 PM",60,"Singleplayer","Controller","Bedroom","PC","17a87e84-cecb-44fa-9d43-476c8ad9954f"
888,82,"2020-05-24","09:00 PM",15,"Local Multiplayer","Controller","Lounge","PS4","17a87e84-cecb-44fa-9d43-476c8ad9954f"
889,99,"2020-05-25","08:00 AM",15,"Singleplayer","Handheld","Bedroom","Switch","17a87e84-cecb-44fa-9d43-476c8ad9954f"
890,82,"2020-05-25","12:00 PM",30,"Local Multiplayer","Controller","Lounge","PS4","17a87e84-cecb-44fa-9d43-476c8ad9954f"
891,99,"2020-05-25","01:00 PM",15,"Singleplayer","Handheld","Lounge","Switch","17a87e84-cecb-44fa-9d43-476c8ad9954f"
892,99,"2020-05-26","12:00 PM",30,"Singleplayer","Handheld","Bedroom","Switch","17a87e84-cecb-44fa-9d43-476c8ad9954f"
893,82,"2020-05-26","12:00 PM",30,"Local Multiplayer","Controller","Lounge","PS4","17a87e84-cecb-44fa-9d43-476c8ad9954f"
894,82,"2020-05-26","04:00 PM",30,"Local Multiplayer","Controller","Lounge","PS4","17a87e84-cecb-44fa-9d43-476c8ad9954f"
895,99,"2020-05-26","07:00 PM",30,"Singleplayer","Handheld","Lounge","Switch","17a87e84-cecb-44fa-9d43-476c8ad9954f"
896,104,"2020-05-26","08:00 PM",45,"Singleplayer","Controller","Bedroom","PC","17a87e84-cecb-44fa-9d43-476c8ad9954f"
897,99,"2020-05-27","07:00 AM",15,"Singleplayer","Handheld","Bedroom","Switch","17a87e84-cecb-44fa-9d43-476c8ad9954f"
898,82,"2020-05-27","04:00 PM",45,"Local Multiplayer","Controller","Lounge","PS4","17a87e84-cecb-44fa-9d43-476c8ad9954f"
899,99,"2020-05-27","07:00 PM",30,"Singleplayer","Handheld","Lounge","Switch","17a87e84-cecb-44fa-9d43-476c8ad9954f"
900,99,"2020-05-28","08:00 AM",15,"Singleplayer","Handheld","Bedroom","Switch","17a87e84-cecb-44fa-9d43-476c8ad9954f"
901,82,"2020-05-28","12:00 PM",30,"Local Multiplayer","Controller","Lounge","PS4","17a87e84-cecb-44fa-9d43-476c8ad9954f"
902,82,"2020-05-28","04:00 PM",30,"Local Multiplayer","Controller","Lounge","PS4","17a87e84-cecb-44fa-9d43-476c8ad9954f"
903,105,"2020-05-28","08:00 PM",75,"Singleplayer","Keyboard & Mouse","Bedroom","PC","17a87e84-cecb-44fa-9d43-476c8ad9954f"
904,99,"2020-05-29","08:00 AM",15,"Singleplayer","Handheld","Bedroom","Switch","17a87e84-cecb-44fa-9d43-476c8ad9954f"
905,99,"2020-05-29","11:00 AM",15,"Singleplayer","Handheld","Bedroom","Switch","17a87e84-cecb-44fa-9d43-476c8ad9954f"
906,106,"2020-05-29","05:00 PM",75,"Online Multiplayer","Controller","Bedroom","PC","17a87e84-cecb-44fa-9d43-476c8ad9954f"
907,99,"2020-05-30","07:00 AM",30,"Singleplayer","Handheld","Bed","Switch","17a87e84-cecb-44fa-9d43-476c8ad9954f"
908,105,"2020-05-30","01:00 PM",60,"Singleplayer","Keyboard & Mouse","Bedroom","PC","17a87e84-cecb-44fa-9d43-476c8ad9954f"
909,99,"2020-05-30","03:00 PM",30,"Singleplayer","Handheld","Lounge","Switch","17a87e84-cecb-44fa-9d43-476c8ad9954f"
910,106,"2020-05-30","04:00 PM",45,"Local Multiplayer","Controller","Lounge","PS4","17a87e84-cecb-44fa-9d43-476c8ad9954f"
911,105,"2020-05-30","08:00 PM",210,"Online Multiplayer","Keyboard & Mouse","Bedroom","PC","17a87e84-cecb-44fa-9d43-476c8ad9954f"
912,99,"2020-05-31","07:00 AM",15,"Singleplayer","Handheld","Bed","Switch","17a87e84-cecb-44fa-9d43-476c8ad9954f"
913,99,"2020-05-31","10:00 AM",15,"Singleplayer","Handheld","Lounge","Switch","17a87e84-cecb-44fa-9d43-476c8ad9954f"
914,105,"2020-05-31","11:00 AM",120,"Singleplayer","Keyboard & Mouse","Bedroom","PC","17a87e84-cecb-44fa-9d43-476c8ad9954f"
915,106,"2020-05-31","02:00 PM",15,"Online Multiplayer","Controller","Bedroom","PC","17a87e84-cecb-44fa-9d43-476c8ad9954f"
916,106,"2020-05-31","02:00 PM",45,"Local Multiplayer","Controller","Lounge","PS4","17a87e84-cecb-44fa-9d43-476c8ad9954f"
917,82,"2020-05-31","04:00 PM",45,"Local Multiplayer","Controller","Lounge","PS4","17a87e84-cecb-44fa-9d43-476c8ad9954f"
918,105,"2020-05-31","08:00 PM",45,"Singleplayer","Keyboard & Mouse","Bedroom","PC","17a87e84-cecb-44fa-9d43-476c8ad9954f"
919,99,"2020-06-01","07:00 AM",30,"Singleplayer","Handheld","Bedroom","Switch","17a87e84-cecb-44fa-9d43-476c8ad9954f"
920,82,"2020-06-01","12:00 PM",30,"Local Multiplayer","Controller","Lounge","PS4","17a87e84-cecb-44fa-9d43-476c8ad9954f"
921,82,"2020-06-01","04:00 PM",30,"Local Multiplayer","Controller","Lounge","PS4","17a87e84-cecb-44fa-9d43-476c8ad9954f"
922,105,"2020-06-01","07:00 PM",60,"Singleplayer","Keyboard & Mouse","Bedroom","PC","17a87e84-cecb-44fa-9d43-476c8ad9954f"
923,106,"2020-06-01","09:00 PM",60,"Online Multiplayer","Controller","Bedroom","PC","17a87e84-cecb-44fa-9d43-476c8ad9954f"
924,99,"2020-06-02","07:00 AM",30,"Singleplayer","Handheld","Bedroom","Switch","17a87e84-cecb-44fa-9d43-476c8ad9954f"
925,106,"2020-06-02","12:00 PM",60,"Online Multiplayer","Controller","Bedroom","PC","17a87e84-cecb-44fa-9d43-476c8ad9954f"
926,99,"2020-06-02","01:00 PM",15,"Singleplayer","Handheld","Bedroom","Switch","17a87e84-cecb-44fa-9d43-476c8ad9954f"
927,106,"2020-06-02","04:00 PM",90,"Online Multiplayer","Controller","Bedroom","PC","17a87e84-cecb-44fa-9d43-476c8ad9954f"
928,105,"2020-06-02","09:00 PM",60,"Singleplayer","Keyboard & Mouse","Bedroom","PC","17a87e84-cecb-44fa-9d43-476c8ad9954f"
929,99,"2020-06-03","07:00 AM",30,"Singleplayer","Handheld","Bedroom","Switch","17a87e84-cecb-44fa-9d43-476c8ad9954f"
930,82,"2020-06-03","04:00 PM",30,"Local Multiplayer","Controller","Lounge","PS4","17a87e84-cecb-44fa-9d43-476c8ad9954f"
931,105,"2020-06-03","07:00 PM",60,"Singleplayer","Keyboard & Mouse","Bedroom","PC","17a87e84-cecb-44fa-9d43-476c8ad9954f"
932,99,"2020-06-04","08:00 AM",30,"Singleplayer","Handheld","Bedroom","Switch","17a87e84-cecb-44fa-9d43-476c8ad9954f"
933,106,"2020-06-04","12:00 PM",45,"Online Multiplayer","Controller","Bedroom","PC","17a87e84-cecb-44fa-9d43-476c8ad9954f"
934,82,"2020-06-04","04:00 PM",30,"Local Multiplayer","Controller","Lounge","PS4","17a87e84-cecb-44fa-9d43-476c8ad9954f"
935,105,"2020-06-04","08:00 PM",75,"Singleplayer","Keyboard & Mouse","Bedroom","PC","17a87e84-cecb-44fa-9d43-476c8ad9954f"
936,99,"2020-06-05","07:00 AM",15,"Singleplayer","Handheld","Bedroom","Switch","17a87e84-cecb-44fa-9d43-476c8ad9954f"
937,99,"2020-06-05","09:00 PM",15,"Singleplayer","Handheld","Bed","Switch","17a87e84-cecb-44fa-9d43-476c8ad9954f"
938,99,"2020-06-06","06:00 AM",15,"Singleplayer","Handheld","Bed","Switch","17a87e84-cecb-44fa-9d43-476c8ad9954f"
939,99,"2020-06-06","09:00 PM",15,"Singleplayer","Handheld","Bed","Switch","17a87e84-cecb-44fa-9d43-476c8ad9954f"
940,99,"2020-06-07","07:00 AM",15,"Singleplayer","Handheld","Bed","Switch","17a87e84-cecb-44fa-9d43-476c8ad9954f"
941,99,"2020-06-08","07:00 AM",15,"Singleplayer","Handheld","Bed","Switch","17a87e84-cecb-44fa-9d43-476c8ad9954f"
942,99,"2020-06-09","08:00 AM",15,"Singleplayer","Handheld","Bedroom","Switch","17a87e84-cecb-44fa-9d43-476c8ad9954f"
943,82,"2020-06-09","04:00 PM",30,"Local Multiplayer","Controller","Lounge","PS4","17a87e84-cecb-44fa-9d43-476c8ad9954f"
944,105,"2020-06-09","09:00 PM",45,"Singleplayer","Keyboard & Mouse","Bedroom","PC","17a87e84-cecb-44fa-9d43-476c8ad9954f"
945,99,"2020-06-10","08:00 AM",15,"Singleplayer","Handheld","Bedroom","Switch","17a87e84-cecb-44fa-9d43-476c8ad9954f"
946,82,"2020-06-10","04:00 PM",30,"Local Multiplayer","Controller","Lounge","PS4","17a87e84-cecb-44fa-9d43-476c8ad9954f"
947,99,"2020-06-10","07:00 PM",30,"Singleplayer","Handheld","Lounge","Switch","17a87e84-cecb-44fa-9d43-476c8ad9954f"
948,105,"2020-06-10","08:00 PM",60,"Singleplayer","Keyboard & Mouse","Bedroom","PC","17a87e84-cecb-44fa-9d43-476c8ad9954f"
949,99,"2020-06-11","08:00 AM",30,"Singleplayer","Handheld","Bedroom","Switch","17a87e84-cecb-44fa-9d43-476c8ad9954f"
950,82,"2020-06-11","04:00 PM",30,"Local Multiplayer","Controller","Lounge","PS4","17a87e84-cecb-44fa-9d43-476c8ad9954f"
951,105,"2020-06-11","07:00 PM",105,"Singleplayer","Keyboard & Mouse","Bedroom","PC","17a87e84-cecb-44fa-9d43-476c8ad9954f"
952,99,"2020-06-12","07:00 AM",15,"Singleplayer","Handheld","Bedroom","Switch","17a87e84-cecb-44fa-9d43-476c8ad9954f"
953,82,"2020-06-12","04:00 PM",30,"Local Multiplayer","Controller","Lounge","PS4","17a87e84-cecb-44fa-9d43-476c8ad9954f"
954,99,"2020-06-12","06:00 PM",30,"Singleplayer","Handheld","Lounge","Switch","17a87e84-cecb-44fa-9d43-476c8ad9954f"
955,99,"2020-06-13","06:00 AM",30,"Singleplayer","Handheld","Bed","Switch","17a87e84-cecb-44fa-9d43-476c8ad9954f"
956,105,"2020-06-13","07:00 AM",90,"Singleplayer","Keyboard & Mouse","Bedroom","PC","17a87e84-cecb-44fa-9d43-476c8ad9954f"
957,105,"2020-06-13","01:00 PM",60,"Singleplayer","Keyboard & Mouse","Bedroom","PC","17a87e84-cecb-44fa-9d43-476c8ad9954f"
958,99,"2020-06-14","07:00 AM",15,"Singleplayer","Handheld","Bed","Switch","17a87e84-cecb-44fa-9d43-476c8ad9954f"
959,105,"2020-06-14","03:00 PM",90,"Online Multiplayer","Keyboard & Mouse","Bedroom","PC","17a87e84-cecb-44fa-9d43-476c8ad9954f"
960,105,"2020-06-14","04:00 PM",30,"Singleplayer","Keyboard & Mouse","Bedroom","PC","17a87e84-cecb-44fa-9d43-476c8ad9954f"
961,105,"2020-06-14","07:00 PM",45,"Online Multiplayer","Keyboard & Mouse","Bedroom","PC","17a87e84-cecb-44fa-9d43-476c8ad9954f"
962,99,"2020-06-15","07:00 AM",15,"Singleplayer","Handheld","Bedroom","Switch","17a87e84-cecb-44fa-9d43-476c8ad9954f"
963,82,"2020-06-15","12:00 PM",30,"Local Multiplayer","Controller","Lounge","PS4","17a87e84-cecb-44fa-9d43-476c8ad9954f"
964,82,"2020-06-15","04:00 PM",30,"Local Multiplayer","Controller","Lounge","PS4","17a87e84-cecb-44fa-9d43-476c8ad9954f"
965,82,"2020-06-15","05:00 PM",15,"Local Multiplayer","Controller","Lounge","PS4","17a87e84-cecb-44fa-9d43-476c8ad9954f"
966,105,"2020-06-15","08:00 PM",90,"Singleplayer","Keyboard & Mouse","Bedroom","PC","17a87e84-cecb-44fa-9d43-476c8ad9954f"
967,99,"2020-06-16","08:00 AM",30,"Singleplayer","Handheld","Bedroom","Switch","17a87e84-cecb-44fa-9d43-476c8ad9954f"
968,82,"2020-06-16","04:00 PM",60,"Local Multiplayer","Controller","Lounge","PS4","17a87e84-cecb-44fa-9d43-476c8ad9954f"
969,105,"2020-06-16","06:00 PM",30,"Singleplayer","Keyboard & Mouse","Bedroom","PC","17a87e84-cecb-44fa-9d43-476c8ad9954f"
970,105,"2020-06-16","08:00 PM",90,"Singleplayer","Keyboard & Mouse","Bedroom","PC","17a87e84-cecb-44fa-9d43-476c8ad9954f"
971,99,"2020-06-17","07:00 AM",30,"Singleplayer","Handheld","Bedroom","Switch","17a87e84-cecb-44fa-9d43-476c8ad9954f"
972,82,"2020-06-17","04:00 PM",15,"Local Multiplayer","Controller","Lounge","PS4","17a87e84-cecb-44fa-9d43-476c8ad9954f"
973,105,"2020-06-17","06:00 PM",30,"Singleplayer","Keyboard & Mouse","Bedroom","PC","17a87e84-cecb-44fa-9d43-476c8ad9954f"
974,105,"2020-06-17","08:00 PM",75,"Singleplayer","Keyboard & Mouse","Bedroom","PC","17a87e84-cecb-44fa-9d43-476c8ad9954f"
975,99,"2020-06-18","07:00 AM",30,"Singleplayer","Handheld","Bedroom","Switch","17a87e84-cecb-44fa-9d43-476c8ad9954f"
976,82,"2020-06-18","04:00 PM",60,"Local Multiplayer","Controller","Lounge","PS4","17a87e84-cecb-44fa-9d43-476c8ad9954f"
977,105,"2020-06-18","05:00 PM",45,"Singleplayer","Keyboard & Mouse","Bedroom","PC","17a87e84-cecb-44fa-9d43-476c8ad9954f"
978,105,"2020-06-18","08:00 PM",45,"Singleplayer","Keyboard & Mouse","Bedroom","PC","17a87e84-cecb-44fa-9d43-476c8ad9954f"
979,99,"2020-06-19","07:00 AM",30,"Singleplayer","Handheld","Bedroom","Switch","17a87e84-cecb-44fa-9d43-476c8ad9954f"
980,82,"2020-06-19","04:00 PM",30,"Local Multiplayer","Controller","Lounge","PS4","17a87e84-cecb-44fa-9d43-476c8ad9954f"
981,105,"2020-06-19","06:00 PM",210,"Online Multiplayer","Keyboard & Mouse","Bedroom","PC","17a87e84-cecb-44fa-9d43-476c8ad9954f"
982,99,"2020-06-20","06:00 AM",30,"Singleplayer","Handheld","Bed","Switch","17a87e84-cecb-44fa-9d43-476c8ad9954f"
983,99,"2020-06-20","08:00 AM",15,"Singleplayer","Handheld","Bedroom","Switch","17a87e84-cecb-44fa-9d43-476c8ad9954f"
984,105,"2020-06-20","08:00 AM",75,"Singleplayer","Keyboard & Mouse","Bedroom","PC","17a87e84-cecb-44fa-9d43-476c8ad9954f"
985,107,"2020-06-20","09:00 PM",135,"Singleplayer","Controller","Lounge","PS4","17a87e84-cecb-44fa-9d43-476c8ad9954f"
986,107,"2020-06-21","07:00 AM",60,"Singleplayer","Controller","Lounge","PS4","17a87e84-cecb-44fa-9d43-476c8ad9954f"
987,99,"2020-06-21","07:00 AM",15,"Singleplayer","Handheld","Bedroom","Switch","17a87e84-cecb-44fa-9d43-476c8ad9954f"
988,107,"2020-06-21","11:00 AM",75,"Singleplayer","Controller","Lounge","PS4","17a87e84-cecb-44fa-9d43-476c8ad9954f"
989,107,"2020-06-21","01:00 PM",150,"Singleplayer","Controller","Lounge","PS4","17a87e84-cecb-44fa-9d43-476c8ad9954f"
990,105,"2020-06-21","07:00 PM",45,"Singleplayer","Keyboard & Mouse","Bedroom","PC","17a87e84-cecb-44fa-9d43-476c8ad9954f"
991,99,"2020-06-22","07:00 AM",15,"Singleplayer","Handheld","Bedroom","Switch","17a87e84-cecb-44fa-9d43-476c8ad9954f"
992,82,"2020-06-22","12:00 PM",30,"Local Multiplayer","Controller","Lounge","PS4","17a87e84-cecb-44fa-9d43-476c8ad9954f"
993,105,"2020-06-22","06:00 PM",45,"Singleplayer","Keyboard & Mouse","Bedroom","PC","17a87e84-cecb-44fa-9d43-476c8ad9954f"
994,107,"2020-06-22","09:00 PM",90,"Singleplayer","Controller","Lounge","PS4","17a87e84-cecb-44fa-9d43-476c8ad9954f"
995,99,"2020-06-23","07:00 AM",30,"Singleplayer","Handheld","Bedroom","Switch","17a87e84-cecb-44fa-9d43-476c8ad9954f"
996,82,"2020-06-23","12:00 PM",30,"Local Multiplayer","Controller","Lounge","PS4","17a87e84-cecb-44fa-9d43-476c8ad9954f"
997,82,"2020-06-23","04:00 PM",30,"Local Multiplayer","Controller","Lounge","PS4","17a87e84-cecb-44fa-9d43-476c8ad9954f"
998,105,"2020-06-23","06:00 PM",60,"Singleplayer","Keyboard & Mouse","Bedroom","PC","17a87e84-cecb-44fa-9d43-476c8ad9954f"
999,107,"2020-06-23","09:00 PM",60,"Singleplayer","Controller","Lounge","PS4","17a87e84-cecb-44fa-9d43-476c8ad9954f"
1000,99,"2020-06-24","07:00 AM",15,"Singleplayer","Handheld","Bedroom","Switch","17a87e84-cecb-44fa-9d43-476c8ad9954f"
1001,82,"2020-06-24","04:00 PM",45,"Local Multiplayer","Controller","Lounge","PS4","17a87e84-cecb-44fa-9d43-476c8ad9954f"
1002,105,"2020-06-24","06:00 PM",30,"Singleplayer","Keyboard & Mouse","Bedroom","PC","17a87e84-cecb-44fa-9d43-476c8ad9954f"
1003,107,"2020-06-24","09:00 PM",75,"Singleplayer","Controller","Lounge","PS4","17a87e84-cecb-44fa-9d43-476c8ad9954f"
1004,99,"2020-06-25","07:00 AM",15,"Singleplayer","Handheld","Bedroom","Switch","17a87e84-cecb-44fa-9d43-476c8ad9954f"
1005,82,"2020-06-25","12:00 PM",15,"Local Multiplayer","Controller","Lounge","PS4","17a87e84-cecb-44fa-9d43-476c8ad9954f"
1006,82,"2020-06-25","04:00 PM",30,"Local Multiplayer","Controller","Lounge","PS4","17a87e84-cecb-44fa-9d43-476c8ad9954f"
1007,105,"2020-06-25","06:00 PM",30,"Singleplayer","Keyboard & Mouse","Bedroom","PC","17a87e84-cecb-44fa-9d43-476c8ad9954f"
1008,1,"2020-06-25","07:00 PM",60,"Online Multiplayer","Keyboard & Mouse","Bedroom","PC","17a87e84-cecb-44fa-9d43-476c8ad9954f"
1009,107,"2020-06-25","08:00 PM",120,"Singleplayer","Controller","Bedroom","PS4","17a87e84-cecb-44fa-9d43-476c8ad9954f"
1010,99,"2020-06-26","07:00 AM",15,"Singleplayer","Handheld","Bedroom","Switch","17a87e84-cecb-44fa-9d43-476c8ad9954f"
1011,82,"2020-06-26","12:00 PM",45,"Local Multiplayer","Controller","Lounge","PS4","17a87e84-cecb-44fa-9d43-476c8ad9954f"
1012,82,"2020-06-26","04:00 PM",60,"Local Multiplayer","Controller","Lounge","PS4","17a87e84-cecb-44fa-9d43-476c8ad9954f"
1013,104,"2020-06-26","08:00 PM",240,"Online Multiplayer","Controller","Bedroom","PC","17a87e84-cecb-44fa-9d43-476c8ad9954f"
1014,99,"2020-06-27","07:00 AM",30,"Singleplayer","Handheld","Bedroom","Switch","17a87e84-cecb-44fa-9d43-476c8ad9954f"
1015,107,"2020-06-27","11:00 AM",105,"Singleplayer","Controller","Lounge","PS4","17a87e84-cecb-44fa-9d43-476c8ad9954f"
1016,99,"2020-06-27","01:00 PM",15,"Singleplayer","Handheld","Lounge","Switch","17a87e84-cecb-44fa-9d43-476c8ad9954f"
1017,105,"2020-06-27","09:00 PM",15,"Singleplayer","Keyboard & Mouse","Bedroom","PC","17a87e84-cecb-44fa-9d43-476c8ad9954f"
1018,99,"2020-06-28","07:00 AM",15,"Singleplayer","Handheld","Bedroom","Switch","17a87e84-cecb-44fa-9d43-476c8ad9954f"
1019,107,"2020-06-28","08:00 AM",150,"Singleplayer","Controller","Lounge","PS4","17a87e84-cecb-44fa-9d43-476c8ad9954f"
1020,99,"2020-06-28","01:00 PM",15,"Singleplayer","Handheld","Bedroom","Switch","17a87e84-cecb-44fa-9d43-476c8ad9954f"
1021,107,"2020-06-28","08:00 PM",60,"Singleplayer","Controller","Lounge","PS4","17a87e84-cecb-44fa-9d43-476c8ad9954f"
1022,99,"2020-06-29","08:00 AM",30,"Singleplayer","Handheld","Bedroom","Switch","17a87e84-cecb-44fa-9d43-476c8ad9954f"
1023,82,"2020-06-29","12:00 PM",30,"Local Multiplayer","Controller","Lounge","PS4","17a87e84-cecb-44fa-9d43-476c8ad9954f"
1024,82,"2020-06-29","04:00 PM",30,"Local Multiplayer","Controller","Lounge","PS4","17a87e84-cecb-44fa-9d43-476c8ad9954f"
1025,105,"2020-06-29","05:00 PM",60,"Singleplayer","Keyboard & Mouse","Bedroom","PC","17a87e84-cecb-44fa-9d43-476c8ad9954f"
1026,107,"2020-06-29","08:00 PM",120,"Singleplayer","Controller","Lounge","PS4","17a87e84-cecb-44fa-9d43-476c8ad9954f"
1027,99,"2020-06-30","07:00 AM",30,"Singleplayer","Handheld","Bedroom","Switch","17a87e84-cecb-44fa-9d43-476c8ad9954f"
1028,82,"2020-06-30","12:00 PM",15,"Local Multiplayer","Controller","Lounge","PS4","17a87e84-cecb-44fa-9d43-476c8ad9954f"
1029,82,"2020-06-30","04:00 PM",30,"Local Multiplayer","Controller","Lounge","PS4","17a87e84-cecb-44fa-9d43-476c8ad9954f"
1030,105,"2020-06-30","05:00 PM",60,"Singleplayer","Keyboard & Mouse","Bedroom","PC","17a87e84-cecb-44fa-9d43-476c8ad9954f"
1031,82,"2020-06-30","08:00 PM",15,"Local Multiplayer","Controller","Lounge","PS4","17a87e84-cecb-44fa-9d43-476c8ad9954f"
1032,107,"2020-06-30","09:00 PM",60,"Singleplayer","Controller","Lounge","PS4","17a87e84-cecb-44fa-9d43-476c8ad9954f"
1033,99,"2020-07-01","08:00 AM",15,"Singleplayer","Handheld","Bedroom","Switch","17a87e84-cecb-44fa-9d43-476c8ad9954f"
1034,82,"2020-07-01","04:00 PM",30,"Local Multiplayer","Controller","Lounge","PS4","17a87e84-cecb-44fa-9d43-476c8ad9954f"
1035,99,"2020-07-02","07:00 AM",30,"Singleplayer","Handheld","Bedroom","Switch","17a87e84-cecb-44fa-9d43-476c8ad9954f"
1036,82,"2020-07-02","12:00 PM",30,"Local Multiplayer","Controller","Lounge","PS4","17a87e84-cecb-44fa-9d43-476c8ad9954f"
1037,99,"2020-07-02","07:00 PM",15,"Singleplayer","Handheld","Train / Train Station","Switch","17a87e84-cecb-44fa-9d43-476c8ad9954f"
1038,105,"2020-07-02","09:00 PM",45,"Singleplayer","Keyboard & Mouse","Bedroom","PC","17a87e84-cecb-44fa-9d43-476c8ad9954f"
1039,99,"2020-07-03","07:00 AM",15,"Singleplayer","Handheld","Bedroom","Switch","17a87e84-cecb-44fa-9d43-476c8ad9954f"
1040,82,"2020-07-03","04:00 PM",45,"Local Multiplayer","Controller","Lounge","PS4","17a87e84-cecb-44fa-9d43-476c8ad9954f"
1041,99,"2020-07-03","05:00 PM",30,"Singleplayer","Handheld","Bedroom","Switch","17a87e84-cecb-44fa-9d43-476c8ad9954f"
1042,105,"2020-07-03","05:00 PM",30,"Singleplayer","Keyboard & Mouse","Bedroom","PC","17a87e84-cecb-44fa-9d43-476c8ad9954f"
1043,107,"2020-07-03","10:00 AM",60,"Singleplayer","Controller","Lounge","PS4","17a87e84-cecb-44fa-9d43-476c8ad9954f"
1044,107,"2020-07-04","07:00 AM",45,"Singleplayer","Controller","Lounge","PS4","17a87e84-cecb-44fa-9d43-476c8ad9954f"
1045,99,"2020-07-04","04:00 PM",15,"Singleplayer","Handheld","Bedroom","Switch","17a87e84-cecb-44fa-9d43-476c8ad9954f"
1046,9,"2020-07-04","09:00 PM",60,"Local Multiplayer","Controller","Lounge","Switch","17a87e84-cecb-44fa-9d43-476c8ad9954f"
1047,107,"2020-07-05","06:00 AM",90,"Singleplayer","Controller","Lounge","PS4","17a87e84-cecb-44fa-9d43-476c8ad9954f"
1048,99,"2020-07-05","08:00 AM",15,"Singleplayer","Handheld","Bedroom","Switch","17a87e84-cecb-44fa-9d43-476c8ad9954f"
1049,105,"2020-07-05","02:00 PM",30,"Singleplayer","Keyboard & Mouse","Bedroom","PC","17a87e84-cecb-44fa-9d43-476c8ad9954f"
1050,82,"2020-07-05","03:00 PM",45,"Local Multiplayer","Controller","Lounge","PS4","17a87e84-cecb-44fa-9d43-476c8ad9954f"
1051,99,"2020-07-05","04:00 PM",30,"Local Multiplayer","Handheld","Lounge","Switch","17a87e84-cecb-44fa-9d43-476c8ad9954f"
1052,107,"2020-07-05","06:00 PM",90,"Singleplayer","Controller","Lounge","PS4","17a87e84-cecb-44fa-9d43-476c8ad9954f"
1053,99,"2020-07-06","07:00 AM",15,"Singleplayer","Handheld","Bedroom","Switch","17a87e84-cecb-44fa-9d43-476c8ad9954f"
1054,82,"2020-07-06","04:00 PM",30,"Local Multiplayer","Controller","Lounge","PS4","17a87e84-cecb-44fa-9d43-476c8ad9954f"
1055,105,"2020-07-06","06:00 PM",30,"Singleplayer","Keyboard & Mouse","Bedroom","PC","17a87e84-cecb-44fa-9d43-476c8ad9954f"
1056,105,"2020-07-06","09:00 PM",60,"Singleplayer","Keyboard & Mouse","Bedroom","PC","17a87e84-cecb-44fa-9d43-476c8ad9954f"
1057,99,"2020-07-07","07:00 AM",15,"Singleplayer","Handheld","Bedroom","Switch","17a87e84-cecb-44fa-9d43-476c8ad9954f"
1058,99,"2020-07-07","07:00 AM",15,"Singleplayer","Handheld","Train / Train Station","Switch","17a87e84-cecb-44fa-9d43-476c8ad9954f"
1059,105,"2020-07-07","09:00 PM",45,"Singleplayer","Keyboard & Mouse","Bedroom","PC","17a87e84-cecb-44fa-9d43-476c8ad9954f"
1060,99,"2020-07-08","07:00 AM",15,"Singleplayer","Handheld","Bedroom","Switch","17a87e84-cecb-44fa-9d43-476c8ad9954f"
1061,99,"2020-07-09","07:00 AM",15,"Singleplayer","Handheld","Lounge","Switch","17a87e84-cecb-44fa-9d43-476c8ad9954f"
1062,105,"2020-07-09","04:00 PM",60,"Singleplayer","Keyboard & Mouse","Lounge","PC","17a87e84-cecb-44fa-9d43-476c8ad9954f"
1063,106,"2020-07-09","08:00 PM",45,"Online Multiplayer","Controller","Lounge","PC","17a87e84-cecb-44fa-9d43-476c8ad9954f"
1064,99,"2020-07-10","07:00 AM",15,"Singleplayer","Handheld","Lounge","Switch","17a87e84-cecb-44fa-9d43-476c8ad9954f"
1065,105,"2020-07-10","04:00 PM",60,"Singleplayer","Keyboard & Mouse","Lounge","PC","17a87e84-cecb-44fa-9d43-476c8ad9954f"
1066,108,"2020-07-10","05:00 PM",60,"Singleplayer","Keyboard & Mouse","Lounge","PC","17a87e84-cecb-44fa-9d43-476c8ad9954f"
1067,99,"2020-07-11","07:00 AM",15,"Singleplayer","Handheld","Lounge","Switch","17a87e84-cecb-44fa-9d43-476c8ad9954f"
1068,99,"2020-07-11","10:00 AM",60,"Singleplayer","Handheld","Lounge","Switch","17a87e84-cecb-44fa-9d43-476c8ad9954f"
1069,108,"2020-07-11","03:00 PM",90,"Online Multiplayer","Keyboard & Mouse","Lounge","PC","17a87e84-cecb-44fa-9d43-476c8ad9954f"
1070,109,"2020-07-11","05:00 PM",90,"Singleplayer","Controller","Lounge","PC","17a87e84-cecb-44fa-9d43-476c8ad9954f"
1071,109,"2020-07-12","08:00 AM",90,"Singleplayer","Controller","Lounge","PC","17a87e84-cecb-44fa-9d43-476c8ad9954f"
1072,99,"2020-07-12","09:00 AM",15,"Singleplayer","Handheld","Lounge","Switch","17a87e84-cecb-44fa-9d43-476c8ad9954f"
1073,99,"2020-07-12","02:00 PM",15,"Singleplayer","Handheld","Lounge","Switch","17a87e84-cecb-44fa-9d43-476c8ad9954f"
1074,108,"2020-07-12","04:00 PM",90,"Online Multiplayer","Keyboard & Mouse","Lounge","PC","17a87e84-cecb-44fa-9d43-476c8ad9954f"
1075,109,"2020-07-12","09:00 PM",45,"Singleplayer","Controller","Lounge","PC","17a87e84-cecb-44fa-9d43-476c8ad9954f"
1076,99,"2020-07-13","06:00 AM",15,"Singleplayer","Handheld","Lounge","Switch","17a87e84-cecb-44fa-9d43-476c8ad9954f"
1077,105,"2020-07-13","04:00 PM",60,"Singleplayer","Keyboard & Mouse","Lounge","PC","17a87e84-cecb-44fa-9d43-476c8ad9954f"
1078,99,"2020-07-14","08:00 AM",15,"Singleplayer","Handheld","Lounge","Switch","17a87e84-cecb-44fa-9d43-476c8ad9954f"
1079,105,"2020-07-14","04:00 PM",60,"Singleplayer","Keyboard & Mouse","Lounge","PC","17a87e84-cecb-44fa-9d43-476c8ad9954f"
1080,99,"2020-07-15","07:00 AM",30,"Singleplayer","Handheld","Lounge","Switch","17a87e84-cecb-44fa-9d43-476c8ad9954f"
1081,99,"2020-07-16","07:00 AM",15,"Singleplayer","Handheld","Lounge","Switch","17a87e84-cecb-44fa-9d43-476c8ad9954f"
1082,99,"2020-07-17","12:00 PM",15,"Singleplayer","Handheld","Train / Train Station","Switch","17a87e84-cecb-44fa-9d43-476c8ad9954f"
1083,99,"2020-07-17","02:00 PM",15,"Singleplayer","Handheld","Lounge","Switch","17a87e84-cecb-44fa-9d43-476c8ad9954f"
1084,110,"2020-07-17","04:00 PM",60,"Singleplayer","Keyboard & Mouse","Lounge","PC","17a87e84-cecb-44fa-9d43-476c8ad9954f"
1085,110,"2020-07-18","08:00 AM",90,"Singleplayer","Keyboard & Mouse","Lounge","PC","17a87e84-cecb-44fa-9d43-476c8ad9954f"
1086,108,"2020-07-18","01:00 PM",120,"Online Multiplayer","Keyboard & Mouse","Lounge","PC","17a87e84-cecb-44fa-9d43-476c8ad9954f"
1087,99,"2020-07-19","07:00 AM",15,"Singleplayer","Handheld","Bed","Switch","17a87e84-cecb-44fa-9d43-476c8ad9954f"
1088,108,"2020-07-19","01:00 PM",150,"Online Multiplayer","Keyboard & Mouse","Lounge","PC","17a87e84-cecb-44fa-9d43-476c8ad9954f"
1089,99,"2020-07-20","09:00 AM",15,"Singleplayer","Handheld","Lounge","Switch","17a87e84-cecb-44fa-9d43-476c8ad9954f"
1090,99,"2020-07-22","07:00 AM",30,"Singleplayer","Handheld","Lounge","Switch","17a87e84-cecb-44fa-9d43-476c8ad9954f"
1091,99,"2020-07-23","08:00 AM",15,"Singleplayer","Handheld","Lounge","Switch","17a87e84-cecb-44fa-9d43-476c8ad9954f"
1092,99,"2020-07-23","04:00 PM",30,"Singleplayer","Handheld","Lounge","Switch","17a87e84-cecb-44fa-9d43-476c8ad9954f"
1093,111,"2020-07-25","07:00 PM",120,"Singleplayer","Keyboard & Mouse","Lounge","PC","17a87e84-cecb-44fa-9d43-476c8ad9954f"
1094,108,"2020-07-26","02:00 PM",150,"Online Multiplayer","Keyboard & Mouse","Lounge","PC","17a87e84-cecb-44fa-9d43-476c8ad9954f"
1095,112,"2020-07-31","09:00 PM",30,"Singleplayer","Controller","Lounge","PC","17a87e84-cecb-44fa-9d43-476c8ad9954f"
1096,108,"2020-08-02","02:00 PM",150,"Online Multiplayer","Keyboard & Mouse","Lounge","PC","17a87e84-cecb-44fa-9d43-476c8ad9954f"
1097,108,"2020-08-07","05:00 PM",60,"Online Multiplayer","Keyboard & Mouse","Lounge","PC","17a87e84-cecb-44fa-9d43-476c8ad9954f"
1098,113,"2020-08-07","09:00 PM",45,"Singleplayer","Controller","Lounge","PC","17a87e84-cecb-44fa-9d43-476c8ad9954f"
1099,114,"2020-08-08","02:00 PM",75,"Singleplayer","Controller","Lounge","PC","17a87e84-cecb-44fa-9d43-476c8ad9954f"
1100,115,"2020-08-08","08:00 PM",60,"Singleplayer","Keyboard & Mouse","Lounge","PC","17a87e84-cecb-44fa-9d43-476c8ad9954f"
1101,73,"2020-08-09","09:00 AM",30,"Singleplayer","Controller","Lounge","Switch","17a87e84-cecb-44fa-9d43-476c8ad9954f"
1102,39,"2020-08-09","02:00 PM",195,"Online Multiplayer","Controller","Lounge","PC","17a87e84-cecb-44fa-9d43-476c8ad9954f"
1103,115,"2020-08-09","05:00 PM",30,"Singleplayer","Keyboard & Mouse","Lounge","PC","17a87e84-cecb-44fa-9d43-476c8ad9954f"
1104,40,"2020-08-10","09:00 PM",45,"Singleplayer","Controller","Lounge","PC","17a87e84-cecb-44fa-9d43-476c8ad9954f"
1105,73,"2020-08-12","06:00 PM",15,"Singleplayer","Controller","Lounge","Switch","17a87e84-cecb-44fa-9d43-476c8ad9954f"
1106,73,"2020-08-13","05:00 PM",15,"Singleplayer","Controller","Lounge","Switch","17a87e84-cecb-44fa-9d43-476c8ad9954f"
1107,73,"2020-08-13","09:00 PM",45,"Singleplayer","Controller","Lounge","Switch","17a87e84-cecb-44fa-9d43-476c8ad9954f"
1108,116,"2020-08-14","05:00 PM",45,"Online Multiplayer","Controller","Lounge","PC","17a87e84-cecb-44fa-9d43-476c8ad9954f"
1109,73,"2020-08-15","10:00 AM",30,"Singleplayer","Controller","Lounge","Switch","17a87e84-cecb-44fa-9d43-476c8ad9954f"
1110,116,"2020-08-15","12:00 PM",45,"Online Multiplayer","Controller","Lounge","PC","17a87e84-cecb-44fa-9d43-476c8ad9954f"
1111,116,"2020-08-15","10:00 PM",30,"Online Multiplayer","Controller","Lounge","PC","17a87e84-cecb-44fa-9d43-476c8ad9954f"
1112,73,"2020-08-16","08:00 AM",60,"Singleplayer","Controller","Lounge","Switch","17a87e84-cecb-44fa-9d43-476c8ad9954f"
1113,108,"2020-08-16","01:00 PM",150,"Online Multiplayer","Keyboard & Mouse","Lounge","PC","17a87e84-cecb-44fa-9d43-476c8ad9954f"
1114,117,"2020-08-19","09:00 PM",30,"Singleplayer","Controller","Lounge","PC","17a87e84-cecb-44fa-9d43-476c8ad9954f"
1115,117,"2020-08-20","09:00 PM",60,"Singleplayer","Controller","Lounge","PC","17a87e84-cecb-44fa-9d43-476c8ad9954f"
1116,118,"2020-08-21","05:00 PM",60,"Singleplayer","Keyboard & Mouse","Lounge","PC","17a87e84-cecb-44fa-9d43-476c8ad9954f"
1117,116,"2020-08-21","09:00 PM",30,"Online Multiplayer","Controller","Lounge","PC","17a87e84-cecb-44fa-9d43-476c8ad9954f"
1118,117,"2020-08-21","09:00 PM",45,"Singleplayer","Controller","Lounge","PC","17a87e84-cecb-44fa-9d43-476c8ad9954f"
1119,116,"2020-08-22","11:00 AM",15,"Online Multiplayer","Controller","Lounge","PC","17a87e84-cecb-44fa-9d43-476c8ad9954f"
1120,117,"2020-08-22","01:00 PM",60,"Singleplayer","Controller","Lounge","PC","17a87e84-cecb-44fa-9d43-476c8ad9954f"
1121,73,"2020-08-22","03:00 PM",60,"Singleplayer","Controller","Lounge","Switch","17a87e84-cecb-44fa-9d43-476c8ad9954f"
1122,116,"2020-08-22","09:00 PM",30,"Online Multiplayer","Controller","Lounge","PC","17a87e84-cecb-44fa-9d43-476c8ad9954f"
1123,108,"2020-08-23","01:00 PM",120,"Online Multiplayer","Keyboard & Mouse","Lounge","PC","17a87e84-cecb-44fa-9d43-476c8ad9954f"
1124,73,"2020-08-23","05:00 PM",45,"Singleplayer","Controller","Lounge","Switch","17a87e84-cecb-44fa-9d43-476c8ad9954f"
1125,117,"2020-08-23","07:00 PM",60,"Singleplayer","Controller","Lounge","PC","17a87e84-cecb-44fa-9d43-476c8ad9954f"
1126,116,"2020-08-23","09:00 PM",30,"Online Multiplayer","Controller","Lounge","PC","17a87e84-cecb-44fa-9d43-476c8ad9954f"
1127,73,"2020-08-27","09:00 PM",45,"Singleplayer","Controller","Lounge","Switch","17a87e84-cecb-44fa-9d43-476c8ad9954f"
1128,117,"2020-08-28","08:00 PM",75,"Singleplayer","Controller","Lounge","PC","17a87e84-cecb-44fa-9d43-476c8ad9954f"
1129,73,"2020-08-29","09:00 AM",60,"Singleplayer","Controller","Lounge","Switch","17a87e84-cecb-44fa-9d43-476c8ad9954f"
1130,117,"2020-08-29","01:00 PM",75,"Singleplayer","Controller","Lounge","PC","17a87e84-cecb-44fa-9d43-476c8ad9954f"
1131,119,"2020-08-30","08:00 PM",90,"Singleplayer","Controller","Lounge","PC","17a87e84-cecb-44fa-9d43-476c8ad9954f"
1132,73,"2020-08-30","08:00 AM",60,"Singleplayer","Controller","Lounge","Switch","17a87e84-cecb-44fa-9d43-476c8ad9954f"
1133,117,"2020-08-30","04:00 PM",75,"Singleplayer","Controller","Lounge","PC","17a87e84-cecb-44fa-9d43-476c8ad9954f"
1134,119,"2020-08-30","09:00 PM",60,"Singleplayer","Controller","Lounge","PC","17a87e84-cecb-44fa-9d43-476c8ad9954f"
1135,117,"2020-08-31","09:00 PM",60,"Singleplayer","Controller","Lounge","PC","17a87e84-cecb-44fa-9d43-476c8ad9954f"
1136,117,"2020-09-01","09:00 PM",60,"Singleplayer","Controller","Lounge","PC","17a87e84-cecb-44fa-9d43-476c8ad9954f"
1137,117,"2020-09-02","09:00 PM",60,"Singleplayer","Controller","Lounge","PC","17a87e84-cecb-44fa-9d43-476c8ad9954f"
1138,117,"2020-09-03","09:00 PM",60,"Singleplayer","Controller","Lounge","PC","17a87e84-cecb-44fa-9d43-476c8ad9954f"
1139,117,"2020-09-04","06:00 PM",45,"Singleplayer","Controller","Lounge","PC","17a87e84-cecb-44fa-9d43-476c8ad9954f"
1140,108,"2020-09-05","08:00 AM",120,"Online Multiplayer","Keyboard & Mouse","Lounge","PC","17a87e84-cecb-44fa-9d43-476c8ad9954f"
1141,120,"2020-09-05","01:00 PM",120,"Singleplayer","Keyboard & Mouse","Lounge","PC","17a87e84-cecb-44fa-9d43-476c8ad9954f"
1142,119,"2020-09-05","08:00 PM",150,"Singleplayer","Controller","Lounge","PC","17a87e84-cecb-44fa-9d43-476c8ad9954f"
1143,73,"2020-09-06","07:00 AM",60,"Singleplayer","Controller","Lounge","Switch","17a87e84-cecb-44fa-9d43-476c8ad9954f"
1144,120,"2020-09-06","04:00 PM",45,"Singleplayer","Keyboard & Mouse","Lounge","PC","17a87e84-cecb-44fa-9d43-476c8ad9954f"
1145,117,"2020-09-06","09:00 PM",60,"Singleplayer","Controller","Lounge","PC","17a87e84-cecb-44fa-9d43-476c8ad9954f"
1146,117,"2020-09-07","09:00 PM",60,"Singleplayer","Controller","Lounge","PC","17a87e84-cecb-44fa-9d43-476c8ad9954f"
1147,117,"2020-09-09","09:00 PM",60,"Singleplayer","Controller","Lounge","PC","17a87e84-cecb-44fa-9d43-476c8ad9954f"
1148,117,"2020-09-10","09:00 PM",45,"Singleplayer","Controller","Lounge","PC","17a87e84-cecb-44fa-9d43-476c8ad9954f"
1149,121,"2020-09-11","06:00 PM",195,"Online Multiplayer","Keyboard & Mouse","Lounge","PC","17a87e84-cecb-44fa-9d43-476c8ad9954f"
1150,73,"2020-09-12","07:00 AM",30,"Singleplayer","Controller","Lounge","Switch","17a87e84-cecb-44fa-9d43-476c8ad9954f"
1151,119,"2020-09-12","06:00 PM",180,"Singleplayer","Controller","Lounge","PC","17a87e84-cecb-44fa-9d43-476c8ad9954f"
1152,117,"2020-09-14","09:00 PM",60,"Singleplayer","Controller","Lounge","PC","17a87e84-cecb-44fa-9d43-476c8ad9954f"
1153,121,"2020-09-15","06:00 PM",90,"Online Multiplayer","Keyboard & Mouse","Lounge","PC","17a87e84-cecb-44fa-9d43-476c8ad9954f"
1154,117,"2020-09-16","09:00 PM",45,"Singleplayer","Controller","Lounge","PC","17a87e84-cecb-44fa-9d43-476c8ad9954f"
1155,117,"2020-09-17","09:00 PM",45,"Singleplayer","Controller","Lounge","PC","17a87e84-cecb-44fa-9d43-476c8ad9954f"
1156,117,"2020-09-18","07:00 PM",45,"Singleplayer","Controller","Lounge","PC","17a87e84-cecb-44fa-9d43-476c8ad9954f"
1157,73,"2020-09-19","07:00 AM",30,"Singleplayer","Controller","Lounge","Switch","17a87e84-cecb-44fa-9d43-476c8ad9954f"
1158,122,"2020-09-19","04:00 PM",15,"Local Multiplayer","Controller","Lounge","Switch","17a87e84-cecb-44fa-9d43-476c8ad9954f"
1159,123,"2020-09-19","05:00 PM",45,"Local Multiplayer","Controller","Lounge","Switch","17a87e84-cecb-44fa-9d43-476c8ad9954f"
1160,9,"2020-09-19","06:00 PM",30,"Local Multiplayer","Controller","Lounge","Switch","17a87e84-cecb-44fa-9d43-476c8ad9954f"
1161,121,"2020-09-19","08:00 PM",90,"Online Multiplayer","Keyboard & Mouse","Lounge","PC","17a87e84-cecb-44fa-9d43-476c8ad9954f"
1162,73,"2020-09-20","07:00 AM",30,"Singleplayer","Controller","Lounge","Switch","17a87e84-cecb-44fa-9d43-476c8ad9954f"
1163,124,"2020-09-20","01:00 PM",120,"Online Multiplayer","Keyboard & Mouse","Lounge","PC","17a87e84-cecb-44fa-9d43-476c8ad9954f"
1164,117,"2020-09-20","05:00 PM",45,"Singleplayer","Controller","Lounge","PC","17a87e84-cecb-44fa-9d43-476c8ad9954f"
1165,117,"2020-09-21","09:00 PM",45,"Singleplayer","Controller","Lounge","PC","17a87e84-cecb-44fa-9d43-476c8ad9954f"
1166,117,"2020-09-22","09:00 PM",60,"Singleplayer","Controller","Lounge","PC","17a87e84-cecb-44fa-9d43-476c8ad9954f"
1167,117,"2020-09-23","06:00 PM",15,"Singleplayer","Controller","Lounge","PC","17a87e84-cecb-44fa-9d43-476c8ad9954f"
1168,125,"2020-09-23","09:00 PM",60,"Singleplayer","Controller","Lounge","Switch","17a87e84-cecb-44fa-9d43-476c8ad9954f"
1169,125,"2020-09-24","09:00 PM",60,"Singleplayer","Controller","Lounge","Switch","17a87e84-cecb-44fa-9d43-476c8ad9954f"
1170,125,"2020-09-25","09:00 PM",60,"Singleplayer","Controller","Lounge","Switch","17a87e84-cecb-44fa-9d43-476c8ad9954f"
1171,125,"2020-09-26","09:00 AM",90,"Singleplayer","Controller","Lounge","Switch","17a87e84-cecb-44fa-9d43-476c8ad9954f"
1172,117,"2020-09-26","06:00 PM",75,"Singleplayer","Controller","Lounge","PC","17a87e84-cecb-44fa-9d43-476c8ad9954f"
1173,108,"2020-09-27","01:00 PM",120,"Online Multiplayer","Keyboard & Mouse","Lounge","PC","17a87e84-cecb-44fa-9d43-476c8ad9954f"
1174,125,"2020-09-27","05:00 PM",90,"Singleplayer","Controller","Lounge","Switch","17a87e84-cecb-44fa-9d43-476c8ad9954f"
1175,125,"2020-09-28","08:00 PM",90,"Singleplayer","Controller","Lounge","Switch","17a87e84-cecb-44fa-9d43-476c8ad9954f"
1176,125,"2020-09-29","09:00 PM",45,"Singleplayer","Controller","Lounge","Switch","17a87e84-cecb-44fa-9d43-476c8ad9954f"
1177,126,"2020-09-30","07:00 PM",75,"Singleplayer","Controller","Lounge","PC","17a87e84-cecb-44fa-9d43-476c8ad9954f"
1178,126,"2020-09-30","09:00 PM",30,"Singleplayer","Controller","Lounge","PC","17a87e84-cecb-44fa-9d43-476c8ad9954f"
1179,126,"2020-10-01","08:00 PM",75,"Singleplayer","Controller","Lounge","PC","17a87e84-cecb-44fa-9d43-476c8ad9954f"
1180,126,"2020-10-02","05:00 PM",90,"Singleplayer","Controller","Lounge","PC","17a87e84-cecb-44fa-9d43-476c8ad9954f"
1181,121,"2020-10-02","07:00 PM",45,"Online Multiplayer","Keyboard & Mouse","Lounge","PC","17a87e84-cecb-44fa-9d43-476c8ad9954f"
1182,126,"2020-10-03","07:00 AM",45,"Singleplayer","Controller","Lounge","PC","17a87e84-cecb-44fa-9d43-476c8ad9954f"
1183,125,"2020-10-03","10:00 AM",75,"Singleplayer","Controller","Lounge","Switch","17a87e84-cecb-44fa-9d43-476c8ad9954f"
1184,126,"2020-10-03","11:00 AM",15,"Singleplayer","Controller","Lounge","PC","17a87e84-cecb-44fa-9d43-476c8ad9954f"
1185,126,"2020-10-03","08:00 PM",30,"Singleplayer","Controller","Lounge","PC","17a87e84-cecb-44fa-9d43-476c8ad9954f"
1186,126,"2020-10-04","12:00 PM",45,"Singleplayer","Controller","Lounge","PC","17a87e84-cecb-44fa-9d43-476c8ad9954f"
1187,126,"2020-10-04","06:00 PM",90,"Singleplayer","Controller","Lounge","PC","17a87e84-cecb-44fa-9d43-476c8ad9954f"
1188,126,"2020-10-05","08:00 PM",45,"Singleplayer","Controller","Lounge","PC","17a87e84-cecb-44fa-9d43-476c8ad9954f"
1189,125,"2020-10-05","09:00 PM",45,"Singleplayer","Controller","Lounge","Switch","17a87e84-cecb-44fa-9d43-476c8ad9954f"
1190,126,"2020-10-06","06:00 PM",45,"Singleplayer","Controller","Lounge","PC","17a87e84-cecb-44fa-9d43-476c8ad9954f"
1191,125,"2020-10-06","09:00 PM",60,"Singleplayer","Controller","Lounge","Switch","17a87e84-cecb-44fa-9d43-476c8ad9954f"
1192,126,"2020-10-07","06:00 PM",15,"Singleplayer","Controller","Lounge","PC","17a87e84-cecb-44fa-9d43-476c8ad9954f"
1193,126,"2020-10-07","08:00 PM",45,"Singleplayer","Controller","Lounge","PC","17a87e84-cecb-44fa-9d43-476c8ad9954f"
1194,125,"2020-10-07","09:00 PM",60,"Singleplayer","Controller","Lounge","Switch","17a87e84-cecb-44fa-9d43-476c8ad9954f"
1195,126,"2020-10-08","06:00 PM",15,"Singleplayer","Controller","Lounge","PC","17a87e84-cecb-44fa-9d43-476c8ad9954f"
1196,126,"2020-10-08","08:00 PM",45,"Singleplayer","Controller","Lounge","PC","17a87e84-cecb-44fa-9d43-476c8ad9954f"
1197,125,"2020-10-08","09:00 PM",60,"Singleplayer","Controller","Lounge","Switch","17a87e84-cecb-44fa-9d43-476c8ad9954f"
1198,126,"2020-10-09","12:00 PM",15,"Singleplayer","Controller","Lounge","PC","17a87e84-cecb-44fa-9d43-476c8ad9954f"
1199,126,"2020-10-09","05:00 PM",45,"Singleplayer","Controller","Lounge","PC","17a87e84-cecb-44fa-9d43-476c8ad9954f"
1200,125,"2020-10-09","09:00 PM",30,"Singleplayer","Controller","Lounge","Switch","17a87e84-cecb-44fa-9d43-476c8ad9954f"
1201,126,"2020-10-09","10:00 PM",45,"Singleplayer","Controller","Lounge","PC","17a87e84-cecb-44fa-9d43-476c8ad9954f"
1202,126,"2020-10-10","08:00 AM",30,"Singleplayer","Controller","Lounge","PC","17a87e84-cecb-44fa-9d43-476c8ad9954f"
1203,126,"2020-10-10","05:00 PM",90,"Singleplayer","Controller","Lounge","PC","17a87e84-cecb-44fa-9d43-476c8ad9954f"
1204,125,"2020-10-10","09:00 PM",30,"Singleplayer","Controller","Lounge","Switch","17a87e84-cecb-44fa-9d43-476c8ad9954f"
1205,126,"2020-10-11","08:00 AM",75,"Singleplayer","Controller","Lounge","PC","17a87e84-cecb-44fa-9d43-476c8ad9954f"
1206,126,"2020-10-11","01:00 PM",30,"Singleplayer","Controller","Lounge","PC","17a87e84-cecb-44fa-9d43-476c8ad9954f"
1207,125,"2020-10-11","04:00 PM",75,"Singleplayer","Controller","Lounge","Switch","17a87e84-cecb-44fa-9d43-476c8ad9954f"
1208,126,"2020-10-12","05:00 PM",45,"Singleplayer","Controller","Lounge","PC","17a87e84-cecb-44fa-9d43-476c8ad9954f"
1209,126,"2020-10-12","07:00 PM",45,"Singleplayer","Controller","Lounge","PC","17a87e84-cecb-44fa-9d43-476c8ad9954f"
1210,125,"2020-10-12","09:00 PM",60,"Singleplayer","Controller","Lounge","Switch","17a87e84-cecb-44fa-9d43-476c8ad9954f"
1211,126,"2020-10-13","09:00 PM",30,"Singleplayer","Controller","Lounge","PC","17a87e84-cecb-44fa-9d43-476c8ad9954f"
1212,126,"2020-10-14","04:00 PM",15,"Singleplayer","Controller","Lounge","PC","17a87e84-cecb-44fa-9d43-476c8ad9954f"
1213,126,"2020-10-14","07:00 PM",30,"Singleplayer","Controller","Lounge","PC","17a87e84-cecb-44fa-9d43-476c8ad9954f"
1214,125,"2020-10-14","08:00 PM",60,"Singleplayer","Controller","Lounge","Switch","17a87e84-cecb-44fa-9d43-476c8ad9954f"
1215,126,"2020-10-15","12:00 PM",30,"Singleplayer","Controller","Lounge","PC","17a87e84-cecb-44fa-9d43-476c8ad9954f"
1216,126,"2020-10-15","04:00 PM",15,"Singleplayer","Controller","Lounge","PC","17a87e84-cecb-44fa-9d43-476c8ad9954f"
1217,126,"2020-10-15","07:00 PM",60,"Singleplayer","Controller","Lounge","PC","17a87e84-cecb-44fa-9d43-476c8ad9954f"
1218,126,"2020-10-16","01:00 PM",15,"Singleplayer","Controller","Lounge","PC","17a87e84-cecb-44fa-9d43-476c8ad9954f"
1219,126,"2020-10-16","04:00 PM",30,"Singleplayer","Controller","Lounge","PC","17a87e84-cecb-44fa-9d43-476c8ad9954f"
1220,127,"2020-10-16","05:00 PM",45,"Singleplayer","Controller","Lounge","Switch","17a87e84-cecb-44fa-9d43-476c8ad9954f"
1221,126,"2020-10-16","07:00 PM",30,"Singleplayer","Controller","Lounge","PC","17a87e84-cecb-44fa-9d43-476c8ad9954f"
1222,127,"2020-10-16","08:00 PM",45,"Singleplayer","Controller","Lounge","Switch","17a87e84-cecb-44fa-9d43-476c8ad9954f"
1223,126,"2020-10-17","08:00 AM",30,"Singleplayer","Controller","Lounge","PC","17a87e84-cecb-44fa-9d43-476c8ad9954f"
1224,126,"2020-10-17","10:00 AM",15,"Singleplayer","Controller","Lounge","PC","17a87e84-cecb-44fa-9d43-476c8ad9954f"
1225,126,"2020-10-17","01:00 PM",15,"Singleplayer","Controller","Lounge","PC","17a87e84-cecb-44fa-9d43-476c8ad9954f"
1226,127,"2020-10-17","02:00 PM",30,"Singleplayer","Controller","Lounge","Switch","17a87e84-cecb-44fa-9d43-476c8ad9954f"
1227,126,"2020-10-17","05:00 PM",30,"Singleplayer","Controller","Lounge","PC","17a87e84-cecb-44fa-9d43-476c8ad9954f"
1228,126,"2020-10-17","09:00 PM",30,"Singleplayer","Controller","Lounge","PC","17a87e84-cecb-44fa-9d43-476c8ad9954f"
1229,126,"2020-10-18","09:00 AM",15,"Singleplayer","Controller","Lounge","PC","17a87e84-cecb-44fa-9d43-476c8ad9954f"
1230,48,"2020-10-18","06:00 PM",90,"Singleplayer","Controller","Lounge","PC","17a87e84-cecb-44fa-9d43-476c8ad9954f"
1231,126,"2020-10-18","09:00 PM",30,"Singleplayer","Controller","Lounge","PC","17a87e84-cecb-44fa-9d43-476c8ad9954f"
1232,126,"2020-10-19","04:00 PM",15,"Singleplayer","Controller","Lounge","PC","17a87e84-cecb-44fa-9d43-476c8ad9954f"
1233,126,"2020-10-19","06:00 PM",15,"Singleplayer","Controller","Lounge","PC","17a87e84-cecb-44fa-9d43-476c8ad9954f"
1234,126,"2020-10-20","12:00 PM",15,"Singleplayer","Controller","Lounge","PC","17a87e84-cecb-44fa-9d43-476c8ad9954f"
1235,126,"2020-10-20","04:00 PM",15,"Singleplayer","Controller","Lounge","PC","17a87e84-cecb-44fa-9d43-476c8ad9954f"
1236,126,"2020-10-20","08:00 PM",30,"Singleplayer","Controller","Lounge","PC","17a87e84-cecb-44fa-9d43-476c8ad9954f"
1237,126,"2020-10-20","09:00 PM",30,"Singleplayer","Controller","Lounge","PC","17a87e84-cecb-44fa-9d43-476c8ad9954f"
1238,126,"2020-10-21","12:00 PM",30,"Singleplayer","Controller","Lounge","PC","17a87e84-cecb-44fa-9d43-476c8ad9954f"
1239,126,"2020-10-21","07:00 PM",30,"Singleplayer","Controller","Lounge","PC","17a87e84-cecb-44fa-9d43-476c8ad9954f"
1240,125,"2020-10-21","09:00 PM",45,"Singleplayer","Controller","Lounge","Switch","17a87e84-cecb-44fa-9d43-476c8ad9954f"
1241,126,"2020-10-21","05:00 PM",45,"Singleplayer","Controller","Lounge","PC","17a87e84-cecb-44fa-9d43-476c8ad9954f"
1242,125,"2020-10-21","09:00 PM",60,"Singleplayer","Controller","Lounge","Switch","17a87e84-cecb-44fa-9d43-476c8ad9954f"
1243,126,"2020-10-23","07:00 AM",30,"Singleplayer","Controller","Lounge","PC","17a87e84-cecb-44fa-9d43-476c8ad9954f"
1244,124,"2020-10-23","09:00 AM",90,"Online Multiplayer","Keyboard & Mouse","Lounge","PC","17a87e84-cecb-44fa-9d43-476c8ad9954f"
1245,126,"2020-10-23","11:00 AM",15,"Singleplayer","Controller","Lounge","PC","17a87e84-cecb-44fa-9d43-476c8ad9954f"
1246,125,"2020-10-23","01:00 PM",45,"Singleplayer","Controller","Lounge","Switch","17a87e84-cecb-44fa-9d43-476c8ad9954f"
1247,126,"2020-10-23","02:00 PM",30,"Singleplayer","Controller","Lounge","PC","17a87e84-cecb-44fa-9d43-476c8ad9954f"
1248,126,"2020-10-24","07:00 AM",30,"Singleplayer","Controller","Lounge","PC","17a87e84-cecb-44fa-9d43-476c8ad9954f"
1249,126,"2020-10-24","10:00 AM",15,"Singleplayer","Controller","Lounge","PC","17a87e84-cecb-44fa-9d43-476c8ad9954f"
1250,125,"2020-10-24","11:00 AM",60,"Singleplayer","Controller","Lounge","Switch","17a87e84-cecb-44fa-9d43-476c8ad9954f"
1251,126,"2020-10-24","07:00 PM",45,"Singleplayer","Controller","Lounge","PC","17a87e84-cecb-44fa-9d43-476c8ad9954f"
1252,126,"2020-10-25","07:00 AM",15,"Singleplayer","Controller","Lounge","PC","17a87e84-cecb-44fa-9d43-476c8ad9954f"
1253,126,"2020-10-25","10:00 AM",30,"Singleplayer","Controller","Lounge","PC","17a87e84-cecb-44fa-9d43-476c8ad9954f"
1254,125,"2020-10-25","11:00 AM",60,"Singleplayer","Controller","Lounge","Switch","17a87e84-cecb-44fa-9d43-476c8ad9954f"
1255,126,"2020-10-25","12:00 PM",45,"Singleplayer","Controller","Lounge","PC","17a87e84-cecb-44fa-9d43-476c8ad9954f"
1256,126,"2020-10-26","09:00 PM",30,"Singleplayer","Controller","Lounge","PC","17a87e84-cecb-44fa-9d43-476c8ad9954f"
1257,126,"2020-10-27","05:00 PM",15,"Singleplayer","Controller","Lounge","PC","17a87e84-cecb-44fa-9d43-476c8ad9954f"
1258,126,"2020-10-27","06:00 PM",30,"Singleplayer","Controller","Lounge","PC","17a87e84-cecb-44fa-9d43-476c8ad9954f"
1259,126,"2020-10-28","05:00 PM",15,"Singleplayer","Controller","Lounge","PC","17a87e84-cecb-44fa-9d43-476c8ad9954f"
1260,128,"2020-10-28","06:00 PM",45,"Online Multiplayer","Controller","Freddies Place","PC","17a87e84-cecb-44fa-9d43-476c8ad9954f"
1261,128,"2020-10-28","09:00 PM",90,"Online Multiplayer","Controller","Freddies Place","PC","17a87e84-cecb-44fa-9d43-476c8ad9954f"
1262,82,"2020-10-29","07:00 PM",60,"Local Multiplayer","Controller","Conor and Nats Place","PS4","17a87e84-cecb-44fa-9d43-476c8ad9954f"
1263,82,"2020-10-29","09:00 PM",30,"Local Multiplayer","Controller","Conor and Nats Place","PS4","17a87e84-cecb-44fa-9d43-476c8ad9954f"
1264,126,"2020-10-30","07:00 AM",15,"Singleplayer","Controller","Lounge","PC","17a87e84-cecb-44fa-9d43-476c8ad9954f"
1265,125,"2020-10-31","08:00 AM",60,"Singleplayer","Controller","Lounge","Switch","17a87e84-cecb-44fa-9d43-476c8ad9954f"
1266,126,"2020-10-31","09:00 AM",30,"Singleplayer","Controller","Lounge","PC","17a87e84-cecb-44fa-9d43-476c8ad9954f"
1267,126,"2020-10-31","01:00 PM",45,"Singleplayer","Controller","Lounge","PC","17a87e84-cecb-44fa-9d43-476c8ad9954f"
1268,126,"2020-10-31","05:00 PM",15,"Singleplayer","Controller","Lounge","PC","17a87e84-cecb-44fa-9d43-476c8ad9954f"
1269,126,"2020-10-31","09:00 PM",60,"Singleplayer","Controller","Lounge","PC","17a87e84-cecb-44fa-9d43-476c8ad9954f"
1270,126,"2020-11-01","07:00 AM",45,"Singleplayer","Controller","Lounge","PC","17a87e84-cecb-44fa-9d43-476c8ad9954f"
1271,126,"2020-11-01","11:00 AM",30,"Singleplayer","Controller","Lounge","PC","17a87e84-cecb-44fa-9d43-476c8ad9954f"
1272,126,"2020-11-01","07:00 PM",75,"Singleplayer","Controller","Lounge","PC","17a87e84-cecb-44fa-9d43-476c8ad9954f"
1273,126,"2020-11-02","05:00 PM",15,"Singleplayer","Controller","Lounge","PC","17a87e84-cecb-44fa-9d43-476c8ad9954f"
1274,44,"2020-11-02","06:00 PM",15,"Singleplayer","Oculus Touch","Lounge","Oculus","17a87e84-cecb-44fa-9d43-476c8ad9954f"
1275,129,"2020-11-02","08:00 PM",60,"Singleplayer","Controller","Lounge","PC","17a87e84-cecb-44fa-9d43-476c8ad9954f"
1276,126,"2020-11-03","07:00 AM",45,"Singleplayer","Controller","Lounge","PC","17a87e84-cecb-44fa-9d43-476c8ad9954f"
1277,44,"2020-11-03","10:00 AM",30,"Singleplayer","Oculus Touch","Lounge","Oculus","17a87e84-cecb-44fa-9d43-476c8ad9954f"
1278,126,"2020-11-04","05:00 PM",15,"Singleplayer","Controller","Lounge","PC","17a87e84-cecb-44fa-9d43-476c8ad9954f"
1279,126,"2020-11-04","09:00 PM",30,"Singleplayer","Controller","Lounge","PC","17a87e84-cecb-44fa-9d43-476c8ad9954f"
1280,126,"2020-11-05","05:00 PM",15,"Singleplayer","Controller","Lounge","PC","17a87e84-cecb-44fa-9d43-476c8ad9954f"
1281,126,"2020-11-05","09:00 PM",30,"Singleplayer","Controller","Lounge","PC","17a87e84-cecb-44fa-9d43-476c8ad9954f"
1282,126,"2020-11-06","05:00 PM",15,"Singleplayer","Controller","Lounge","PC","17a87e84-cecb-44fa-9d43-476c8ad9954f"
1283,126,"2020-11-06","08:00 PM",45,"Singleplayer","Controller","Lounge","PC","17a87e84-cecb-44fa-9d43-476c8ad9954f"
1284,126,"2020-11-07","09:00 AM",30,"Singleplayer","Controller","Lounge","PC","17a87e84-cecb-44fa-9d43-476c8ad9954f"
1285,126,"2020-11-07","02:00 PM",15,"Singleplayer","Controller","Lounge","PC","17a87e84-cecb-44fa-9d43-476c8ad9954f"
1286,126,"2020-11-07","09:00 PM",15,"Singleplayer","Controller","Lounge","PC","17a87e84-cecb-44fa-9d43-476c8ad9954f"
1287,126,"2020-11-08","07:00 AM",30,"Singleplayer","Controller","Lounge","PC","17a87e84-cecb-44fa-9d43-476c8ad9954f"
1288,82,"2020-11-08","02:00 PM",75,"Local Multiplayer","Controller","Conor and Nats Place","PS4","17a87e84-cecb-44fa-9d43-476c8ad9954f"
1289,126,"2020-11-08","07:00 PM",15,"Singleplayer","Controller","Lounge","PC","17a87e84-cecb-44fa-9d43-476c8ad9954f"
1290,126,"2020-11-09","06:00 PM",60,"Singleplayer","Controller","Lounge","PC","17a87e84-cecb-44fa-9d43-476c8ad9954f"
1291,129,"2020-11-09","08:00 PM",15,"Singleplayer","Controller","Lounge","Oculus","17a87e84-cecb-44fa-9d43-476c8ad9954f"
1292,126,"2020-11-09","10:00 PM",15,"Singleplayer","Controller","Lounge","PC","17a87e84-cecb-44fa-9d43-476c8ad9954f"
1293,126,"2020-11-10","04:00 PM",15,"Singleplayer","Controller","Lounge","PC","17a87e84-cecb-44fa-9d43-476c8ad9954f"
1294,126,"2020-11-10","09:00 PM",30,"Singleplayer","Controller","Lounge","PC","17a87e84-cecb-44fa-9d43-476c8ad9954f"
1295,126,"2020-11-11","09:00 PM",30,"Singleplayer","Controller","Lounge","PC","17a87e84-cecb-44fa-9d43-476c8ad9954f"
1296,126,"2020-11-12","05:00 PM",15,"Singleplayer","Controller","Lounge","PC","17a87e84-cecb-44fa-9d43-476c8ad9954f"
1297,86,"2020-11-12","05:00 PM",30,"Singleplayer","Controller","Lounge","Oculus","17a87e84-cecb-44fa-9d43-476c8ad9954f"
1298,126,"2020-11-13","05:00 PM",15,"Singleplayer","Controller","Lounge","PC","17a87e84-cecb-44fa-9d43-476c8ad9954f"
1299,126,"2020-11-13","09:00 PM",15,"Singleplayer","Controller","Lounge","PC","17a87e84-cecb-44fa-9d43-476c8ad9954f"
1300,126,"2020-11-14","10:00 AM",30,"Singleplayer","Controller","Lounge","PC","17a87e84-cecb-44fa-9d43-476c8ad9954f"
1301,126,"2020-11-14","12:00 PM",30,"Singleplayer","Controller","Lounge","PC","17a87e84-cecb-44fa-9d43-476c8ad9954f"
1302,126,"2020-11-17","09:00 PM",15,"Singleplayer","Controller","Lounge","PC","17a87e84-cecb-44fa-9d43-476c8ad9954f"
1303,126,"2020-11-18","05:00 PM",30,"Online Multiplayer","Controller","Lounge","PC","17a87e84-cecb-44fa-9d43-476c8ad9954f"
1304,126,"2020-11-18","09:00 PM",30,"Singleplayer","Controller","Lounge","PC","17a87e84-cecb-44fa-9d43-476c8ad9954f"
1305,126,"2020-11-19","09:00 PM",30,"Singleplayer","Controller","Lounge","PC","17a87e84-cecb-44fa-9d43-476c8ad9954f"
1306,126,"2020-11-20","01:00 PM",30,"Singleplayer","Controller","Lounge","PC","17a87e84-cecb-44fa-9d43-476c8ad9954f"
1307,126,"2020-11-21","07:00 AM",15,"Singleplayer","Controller","Lounge","PC","17a87e84-cecb-44fa-9d43-476c8ad9954f"
1308,126,"2020-11-21","01:00 PM",15,"Singleplayer","Controller","Lounge","PC","17a87e84-cecb-44fa-9d43-476c8ad9954f"
1309,126,"2020-11-21","03:00 PM",45,"Singleplayer","Controller","Lounge","PC","17a87e84-cecb-44fa-9d43-476c8ad9954f"
1310,44,"2020-11-21","05:00 PM",60,"Singleplayer","Oculus Touch","Lounge","Oculus","17a87e84-cecb-44fa-9d43-476c8ad9954f"
1311,126,"2020-11-21","07:00 PM",30,"Singleplayer","Controller","Lounge","PC","17a87e84-cecb-44fa-9d43-476c8ad9954f"
1312,126,"2020-11-21","09:00 PM",15,"Singleplayer","Controller","Lounge","PC","17a87e84-cecb-44fa-9d43-476c8ad9954f"
1313,126,"2020-11-22","07:00 AM",30,"Singleplayer","Controller","Lounge","PC","17a87e84-cecb-44fa-9d43-476c8ad9954f"
1314,126,"2020-11-22","10:00 AM",45,"Singleplayer","Controller","Lounge","PC","17a87e84-cecb-44fa-9d43-476c8ad9954f"
1315,126,"2020-11-22","04:00 PM",30,"Singleplayer","Controller","Lounge","PC","17a87e84-cecb-44fa-9d43-476c8ad9954f"
1316,44,"2020-11-22","05:00 PM",45,"Singleplayer","Oculus Touch","Lounge","Oculus","17a87e84-cecb-44fa-9d43-476c8ad9954f"
1317,126,"2020-11-23","05:00 PM",30,"Singleplayer","Controller","Lounge","PC","17a87e84-cecb-44fa-9d43-476c8ad9954f"
1318,126,"2020-11-23","08:00 PM",30,"Singleplayer","Controller","Lounge","PC","17a87e84-cecb-44fa-9d43-476c8ad9954f"
1319,126,"2020-11-24","12:00 PM",15,"Singleplayer","Controller","Lounge","PC","17a87e84-cecb-44fa-9d43-476c8ad9954f"
1320,126,"2020-11-25","05:00 PM",60,"Singleplayer","Controller","Lounge","PC","17a87e84-cecb-44fa-9d43-476c8ad9954f"
1321,126,"2020-11-26","04:00 PM",15,"Singleplayer","Controller","Lounge","PC","17a87e84-cecb-44fa-9d43-476c8ad9954f"
1322,126,"2020-11-26","09:00 PM",45,"Singleplayer","Controller","Lounge","PC","17a87e84-cecb-44fa-9d43-476c8ad9954f"
1323,126,"2020-11-27","12:00 PM",15,"Singleplayer","Controller","Lounge","PC","17a87e84-cecb-44fa-9d43-476c8ad9954f"
1324,126,"2020-11-27","05:00 PM",15,"Singleplayer","Controller","Lounge","PC","17a87e84-cecb-44fa-9d43-476c8ad9954f"
1325,126,"2020-11-27","10:00 PM",60,"Singleplayer","Controller","Lounge","PC","17a87e84-cecb-44fa-9d43-476c8ad9954f"
1326,126,"2020-11-28","07:00 AM",45,"Singleplayer","Controller","Lounge","PC","17a87e84-cecb-44fa-9d43-476c8ad9954f"
1327,126,"2020-11-30","12:00 PM",15,"Singleplayer","Controller","Lounge","PC","17a87e84-cecb-44fa-9d43-476c8ad9954f"
1328,126,"2020-11-30","05:00 PM",30,"Singleplayer","Controller","Lounge","PC","17a87e84-cecb-44fa-9d43-476c8ad9954f"
1329,126,"2020-12-01","12:00 PM",15,"Singleplayer","Controller","Lounge","PC","17a87e84-cecb-44fa-9d43-476c8ad9954f"
1330,126,"2020-12-01","05:00 PM",60,"Singleplayer","Controller","Lounge","PC","17a87e84-cecb-44fa-9d43-476c8ad9954f"
1331,130,"2020-12-01","09:00 PM",45,"Singleplayer","Keyboard & Mouse","Lounge","PC","17a87e84-cecb-44fa-9d43-476c8ad9954f"
1332,126,"2020-12-03","12:00 PM",15,"Singleplayer","Controller","Lounge","PC","17a87e84-cecb-44fa-9d43-476c8ad9954f"
1333,130,"2020-12-03","09:00 PM",75,"Singleplayer","Keyboard & Mouse","Lounge","PC","17a87e84-cecb-44fa-9d43-476c8ad9954f"
1334,126,"2020-12-04","12:00 PM",30,"Singleplayer","Controller","Lounge","PC","17a87e84-cecb-44fa-9d43-476c8ad9954f"
1335,126,"2020-12-05","07:00 AM",30,"Singleplayer","Controller","Lounge","PC","17a87e84-cecb-44fa-9d43-476c8ad9954f"
1336,126,"2020-12-05","09:00 AM",15,"Singleplayer","Controller","Lounge","PC","17a87e84-cecb-44fa-9d43-476c8ad9954f"
1337,126,"2020-12-05","04:00 PM",30,"Singleplayer","Controller","Lounge","PC","17a87e84-cecb-44fa-9d43-476c8ad9954f"
1338,126,"2020-12-06","07:00 AM",30,"Singleplayer","Controller","Lounge","PC","17a87e84-cecb-44fa-9d43-476c8ad9954f"
1339,130,"2020-12-06","10:00 AM",90,"Singleplayer","Keyboard & Mouse","Lounge","PC","17a87e84-cecb-44fa-9d43-476c8ad9954f"
1340,126,"2020-12-06","07:00 PM",45,"Singleplayer","Controller","Lounge","PC","17a87e84-cecb-44fa-9d43-476c8ad9954f"
1341,126,"2020-12-07","06:00 PM",45,"Singleplayer","Controller","Lounge","PC","17a87e84-cecb-44fa-9d43-476c8ad9954f"
1342,130,"2020-12-07","09:00 PM",60,"Singleplayer","Keyboard & Mouse","Lounge","PC","17a87e84-cecb-44fa-9d43-476c8ad9954f"
1343,126,"2020-12-08","12:00 PM",15,"Singleplayer","Controller","Lounge","PC","17a87e84-cecb-44fa-9d43-476c8ad9954f"
1344,126,"2020-12-08","09:00 PM",30,"Singleplayer","Controller","Lounge","PC","17a87e84-cecb-44fa-9d43-476c8ad9954f"
1345,126,"2020-12-10","06:00 PM",45,"Singleplayer","Controller","Lounge","PC","17a87e84-cecb-44fa-9d43-476c8ad9954f"
1346,126,"2020-12-11","04:00 PM",15,"Singleplayer","Controller","Lounge","PC","17a87e84-cecb-44fa-9d43-476c8ad9954f"
1347,126,"2020-12-11","05:00 PM",30,"Singleplayer","Controller","Lounge","PC","17a87e84-cecb-44fa-9d43-476c8ad9954f"
1348,82,"2020-12-11","08:00 PM",75,"Local Multiplayer","Controller","Lounge","PS4","17a87e84-cecb-44fa-9d43-476c8ad9954f"
1349,126,"2020-12-12","02:00 PM",30,"Singleplayer","Controller","Lounge","PC","17a87e84-cecb-44fa-9d43-476c8ad9954f"
1350,131,"2020-12-12","04:00 PM",60,"Singleplayer","Oculus Touch","Lounge","Oculus","17a87e84-cecb-44fa-9d43-476c8ad9954f"
1351,126,"2020-12-12","05:00 PM",15,"Singleplayer","Controller","Lounge","PC","17a87e84-cecb-44fa-9d43-476c8ad9954f"
1352,126,"2020-12-12","08:00 PM",15,"Singleplayer","Controller","Lounge","PC","17a87e84-cecb-44fa-9d43-476c8ad9954f"
1353,126,"2020-12-13","07:00 AM",15,"Singleplayer","Controller","Lounge","PC","17a87e84-cecb-44fa-9d43-476c8ad9954f"
1354,126,"2020-12-13","01:00 PM",30,"Singleplayer","Controller","Lounge","PC","17a87e84-cecb-44fa-9d43-476c8ad9954f"
1355,126,"2020-12-14","12:00 PM",15,"Singleplayer","Controller","Lounge","PC","17a87e84-cecb-44fa-9d43-476c8ad9954f"
1356,126,"2020-12-14","09:00 PM",15,"Singleplayer","Controller","Lounge","PC","17a87e84-cecb-44fa-9d43-476c8ad9954f"
1357,126,"2020-12-15","12:00 PM",15,"Singleplayer","Controller","Lounge","PC","17a87e84-cecb-44fa-9d43-476c8ad9954f"
1358,126,"2020-12-15","04:00 PM",30,"Singleplayer","Controller","Lounge","PC","17a87e84-cecb-44fa-9d43-476c8ad9954f"
1359,126,"2020-12-16","04:00 PM",75,"Online Multiplayer","Controller","Lounge","PC","17a87e84-cecb-44fa-9d43-476c8ad9954f"
1360,126,"2020-12-17","09:00 PM",30,"Singleplayer","Controller","Lounge","PC","17a87e84-cecb-44fa-9d43-476c8ad9954f"
1361,126,"2020-12-19","07:00 AM",45,"Singleplayer","Controller","Lounge","PC","17a87e84-cecb-44fa-9d43-476c8ad9954f"
1362,126,"2020-12-20","07:00 AM",15,"Singleplayer","Controller","Lounge","PC","17a87e84-cecb-44fa-9d43-476c8ad9954f"
1363,126,"2020-12-20","09:00 AM",15,"Singleplayer","Controller","Lounge","PC","17a87e84-cecb-44fa-9d43-476c8ad9954f"
1364,126,"2020-12-20","11:00 AM",15,"Singleplayer","Controller","Lounge","PC","17a87e84-cecb-44fa-9d43-476c8ad9954f"
1365,126,"2020-12-20","06:00 PM",90,"Online Multiplayer","Controller","Lounge","PC","17a87e84-cecb-44fa-9d43-476c8ad9954f"
1366,126,"2020-12-21","06:00 PM",120,"Online Multiplayer","Controller","Lounge","PC","17a87e84-cecb-44fa-9d43-476c8ad9954f"
1367,126,"2020-12-22","09:00 PM",30,"Singleplayer","Controller","Lounge","PC","17a87e84-cecb-44fa-9d43-476c8ad9954f"
1368,126,"2020-12-23","07:00 AM",15,"Singleplayer","Controller","Lounge","PC","17a87e84-cecb-44fa-9d43-476c8ad9954f"
1369,126,"2020-12-23","06:00 PM",60,"Online Multiplayer","Controller","Lounge","PC","17a87e84-cecb-44fa-9d43-476c8ad9954f"
1370,126,"2020-12-24","07:00 AM",15,"Singleplayer","Controller","Lounge","PC","17a87e84-cecb-44fa-9d43-476c8ad9954f"
1371,126,"2020-12-24","01:00 PM",30,"Singleplayer","Controller","Lounge","PC","17a87e84-cecb-44fa-9d43-476c8ad9954f"
1372,126,"2020-12-25","10:00 AM",30,"Singleplayer","Controller","Lounge","PC","17a87e84-cecb-44fa-9d43-476c8ad9954f"
1373,126,"2020-12-26","08:00 AM",30,"Singleplayer","Controller","Lounge","PC","17a87e84-cecb-44fa-9d43-476c8ad9954f"
1374,126,"2020-12-26","02:00 PM",30,"Singleplayer","Controller","Lounge","PC","17a87e84-cecb-44fa-9d43-476c8ad9954f"
1375,126,"2020-12-26","05:00 PM",45,"Singleplayer","Controller","Lounge","PC","17a87e84-cecb-44fa-9d43-476c8ad9954f"
1376,130,"2020-12-27","09:00 AM",60,"Singleplayer","Keyboard & Mouse","Lounge","PC","17a87e84-cecb-44fa-9d43-476c8ad9954f"
1377,132,"2020-12-27","02:00 PM",60,"Singleplayer","Oculus Touch","Lounge","Oculus","17a87e84-cecb-44fa-9d43-476c8ad9954f"
1378,126,"2020-12-27","08:00 PM",60,"Singleplayer","Controller","Lounge","PC","17a87e84-cecb-44fa-9d43-476c8ad9954f"
1379,126,"2020-12-29","09:00 AM",30,"Singleplayer","Controller","Lounge","PC","17a87e84-cecb-44fa-9d43-476c8ad9954f"
1380,126,"2020-12-29","02:00 PM",15,"Singleplayer","Controller","Lounge","PC","17a87e84-cecb-44fa-9d43-476c8ad9954f"
1381,130,"2020-12-29","03:00 PM",45,"Singleplayer","Keyboard & Mouse","Lounge","PC","17a87e84-cecb-44fa-9d43-476c8ad9954f"
1382,126,"2020-12-29","04:00 PM",60,"Online Multiplayer","Controller","Lounge","PC","17a87e84-cecb-44fa-9d43-476c8ad9954f"
1383,126,"2020-12-30","08:00 AM",15,"Singleplayer","Controller","Lounge","PC","17a87e84-cecb-44fa-9d43-476c8ad9954f"
1384,130,"2020-12-30","02:00 PM",45,"Singleplayer","Keyboard & Mouse","Lounge","PC","17a87e84-cecb-44fa-9d43-476c8ad9954f"
1385,126,"2020-12-30","05:00 PM",90,"Online Multiplayer","Controller","Lounge","PC","17a87e84-cecb-44fa-9d43-476c8ad9954f"
1386,126,"2020-12-31","08:00 AM",30,"Singleplayer","Controller","Lounge","PC","17a87e84-cecb-44fa-9d43-476c8ad9954f"
1387,130,"2020-12-31","10:00 AM",45,"Singleplayer","Keyboard & Mouse","Lounge","PC","17a87e84-cecb-44fa-9d43-476c8ad9954f"
1388,126,"2020-12-31","11:00 AM",30,"Singleplayer","Controller","Lounge","PC","17a87e84-cecb-44fa-9d43-476c8ad9954f"
1389,82,"2020-12-31","09:00 PM",45,"Local Multiplayer","Controller","Conor and Nats Place","PS4","17a87e84-cecb-44fa-9d43-476c8ad9954f"
1390,126,"2021-01-01","07:00 AM",45,"Singleplayer","Controller","Lounge","PC","17a87e84-cecb-44fa-9d43-476c8ad9954f"
1391,130,"2021-01-01","11:00 AM",90,"Singleplayer","Keyboard & Mouse","Lounge","PC","17a87e84-cecb-44fa-9d43-476c8ad9954f"
1392,126,"2021-01-01","02:00 PM",60,"Online Multiplayer","Controller","Lounge","PC","17a87e84-cecb-44fa-9d43-476c8ad9954f"
1393,126,"2021-01-01","09:00 PM",30,"Singleplayer","Controller","Lounge","PC","17a87e84-cecb-44fa-9d43-476c8ad9954f"
1394,126,"2021-01-02","07:00 AM",30,"Singleplayer","Controller","Lounge","PC","17a87e84-cecb-44fa-9d43-476c8ad9954f"
1395,126,"2021-01-02","06:00 PM",90,"Online Multiplayer","Controller","Lounge","PC","17a87e84-cecb-44fa-9d43-476c8ad9954f"
1396,130,"2021-01-03","09:00 AM",30,"Singleplayer","Keyboard & Mouse","Lounge","PC","17a87e84-cecb-44fa-9d43-476c8ad9954f"
1397,126,"2021-01-03","10:00 AM",45,"Singleplayer","Controller","Lounge","PC","17a87e84-cecb-44fa-9d43-476c8ad9954f"
1398,126,"2021-01-03","02:00 PM",30,"Singleplayer","Controller","Lounge","PC","17a87e84-cecb-44fa-9d43-476c8ad9954f"
1399,130,"2021-01-03","05:00 PM",30,"Singleplayer","Keyboard & Mouse","Lounge","PC","17a87e84-cecb-44fa-9d43-476c8ad9954f"
1400,126,"2021-01-03","06:00 PM",60,"Online Multiplayer","Controller","Lounge","PC","17a87e84-cecb-44fa-9d43-476c8ad9954f"
1401,132,"2021-01-03","08:00 PM",60,"Singleplayer","Oculus Touch","Lounge","Oculus","17a87e84-cecb-44fa-9d43-476c8ad9954f"
1402,126,"2021-01-04","07:00 AM",60,"Singleplayer","Controller","Lounge","PC","17a87e84-cecb-44fa-9d43-476c8ad9954f"
1403,130,"2021-01-04","11:00 AM",120,"Singleplayer","Keyboard & Mouse","Lounge","PC","17a87e84-cecb-44fa-9d43-476c8ad9954f"
1404,133,"2021-01-04","05:00 PM",30,"Singleplayer","Keyboard & Mouse","Lounge","PC","17a87e84-cecb-44fa-9d43-476c8ad9954f"
1405,126,"2021-01-04","06:00 PM",60,"Online Multiplayer","Controller","Lounge","PC","17a87e84-cecb-44fa-9d43-476c8ad9954f"
1406,132,"2021-01-04","08:00 PM",60,"Singleplayer","Oculus Touch","Lounge","Oculus","17a87e84-cecb-44fa-9d43-476c8ad9954f"
1407,133,"2021-01-05","07:00 AM",30,"Singleplayer","Keyboard & Mouse","Lounge","PC","17a87e84-cecb-44fa-9d43-476c8ad9954f"
1408,126,"2021-01-05","09:00 AM",45,"Singleplayer","Controller","Lounge","PC","17a87e84-cecb-44fa-9d43-476c8ad9954f"
1409,126,"2021-01-05","11:00 AM",30,"Singleplayer","Controller","Lounge","PC","17a87e84-cecb-44fa-9d43-476c8ad9954f"
1410,126,"2021-01-06","12:00 PM",15,"Singleplayer","Controller","Lounge","PC","17a87e84-cecb-44fa-9d43-476c8ad9954f"
1411,126,"2021-01-09","03:00 PM",15,"Singleplayer","Controller","Lounge","PC","17a87e84-cecb-44fa-9d43-476c8ad9954f"
1412,126,"2021-01-09","05:00 PM",30,"Singleplayer","Controller","Lounge","PC","17a87e84-cecb-44fa-9d43-476c8ad9954f"
1413,126,"2021-01-09","06:00 PM",60,"Singleplayer","Controller","Lounge","PC","17a87e84-cecb-44fa-9d43-476c8ad9954f"
1414,126,"2021-01-10","08:00 AM",45,"Singleplayer","Controller","Lounge","PC","17a87e84-cecb-44fa-9d43-476c8ad9954f"
1415,126,"2021-01-11","08:00 PM",75,"Online Multiplayer","Controller","Lounge","PC","17a87e84-cecb-44fa-9d43-476c8ad9954f"
1416,126,"2021-01-12","09:00 PM",60,"Singleplayer","Controller","Lounge","PC","17a87e84-cecb-44fa-9d43-476c8ad9954f"
1417,126,"2021-01-13","06:00 PM",60,"Online Multiplayer","Controller","Lounge","PC","17a87e84-cecb-44fa-9d43-476c8ad9954f"
1418,126,"2021-01-14","12:00 PM",15,"Singleplayer","Controller","Lounge","PC","17a87e84-cecb-44fa-9d43-476c8ad9954f"
1419,126,"2021-01-15","07:00 AM",15,"Singleplayer","Controller","Lounge","PC","17a87e84-cecb-44fa-9d43-476c8ad9954f"
1420,126,"2021-01-15","12:00 PM",45,"Singleplayer","Controller","Lounge","PC","17a87e84-cecb-44fa-9d43-476c8ad9954f"
1421,126,"2021-01-16","06:00 AM",30,"Singleplayer","Controller","Lounge","PC","17a87e84-cecb-44fa-9d43-476c8ad9954f"
1422,126,"2021-01-16","07:00 AM",30,"Singleplayer","Controller","Lounge","PC","17a87e84-cecb-44fa-9d43-476c8ad9954f"
1423,126,"2021-01-16","06:00 PM",45,"Singleplayer","Controller","Lounge","PC","17a87e84-cecb-44fa-9d43-476c8ad9954f"
1424,126,"2021-01-17","07:00 AM",45,"Singleplayer","Controller","Lounge","PC","17a87e84-cecb-44fa-9d43-476c8ad9954f"
1425,126,"2021-01-17","09:00 AM",30,"Singleplayer","Controller","Lounge","PC","17a87e84-cecb-44fa-9d43-476c8ad9954f"
1426,126,"2021-01-17","01:00 PM",60,"Singleplayer","Controller","Lounge","PC","17a87e84-cecb-44fa-9d43-476c8ad9954f"
1427,132,"2021-01-17","08:00 PM",75,"Singleplayer","Oculus Touch","Lounge","Oculus","17a87e84-cecb-44fa-9d43-476c8ad9954f"
1428,126,"2021-01-18","12:00 PM",15,"Singleplayer","Controller","Lounge","PC","17a87e84-cecb-44fa-9d43-476c8ad9954f"
1429,126,"2021-01-19","07:00 AM",30,"Singleplayer","Controller","Lounge","PC","17a87e84-cecb-44fa-9d43-476c8ad9954f"
1430,125,"2021-01-20","04:00 PM",60,"Singleplayer","Controller","Lounge","Switch","17a87e84-cecb-44fa-9d43-476c8ad9954f"
1431,126,"2021-01-20","05:00 PM",30,"Singleplayer","Controller","Lounge","PC","17a87e84-cecb-44fa-9d43-476c8ad9954f"
1432,132,"2021-01-20","08:00 PM",75,"Singleplayer","Oculus Touch","Lounge","Oculus","17a87e84-cecb-44fa-9d43-476c8ad9954f"
1433,126,"2021-01-21","07:00 AM",30,"Singleplayer","Controller","Lounge","PC","17a87e84-cecb-44fa-9d43-476c8ad9954f"
1434,125,"2021-01-21","12:00 PM",30,"Singleplayer","Controller","Lounge","Switch","17a87e84-cecb-44fa-9d43-476c8ad9954f"
1435,126,"2021-01-22","11:00 AM",60,"Singleplayer","Controller","Lounge","PC","17a87e84-cecb-44fa-9d43-476c8ad9954f"
1436,125,"2021-01-22","12:00 PM",60,"Singleplayer","Controller","Lounge","Switch","17a87e84-cecb-44fa-9d43-476c8ad9954f"
1437,126,"2021-01-22","06:00 PM",75,"Online Multiplayer","Controller","Lounge","PC","17a87e84-cecb-44fa-9d43-476c8ad9954f"
1438,126,"2021-01-23","07:00 AM",60,"Singleplayer","Controller","Lounge","PC","17a87e84-cecb-44fa-9d43-476c8ad9954f"
1439,134,"2021-01-23","08:00 AM",30,"Singleplayer","Controller","Lounge","PC","17a87e84-cecb-44fa-9d43-476c8ad9954f"
1440,126,"2021-01-24","07:00 AM",45,"Singleplayer","Controller","Lounge","PC","17a87e84-cecb-44fa-9d43-476c8ad9954f"
1441,126,"2021-01-24","08:00 AM",60,"Singleplayer","Controller","Lounge","PC","17a87e84-cecb-44fa-9d43-476c8ad9954f"
1442,126,"2021-01-24","12:00 PM",45,"Singleplayer","Controller","Lounge","PC","17a87e84-cecb-44fa-9d43-476c8ad9954f"
1443,125,"2021-01-24","01:00 PM",45,"Singleplayer","Controller","Lounge","Switch","17a87e84-cecb-44fa-9d43-476c8ad9954f"
1444,126,"2021-01-24","03:00 PM",45,"Singleplayer","Controller","Lounge","PC","17a87e84-cecb-44fa-9d43-476c8ad9954f"
1445,126,"2021-01-24","05:00 PM",45,"Singleplayer","Controller","Lounge","PC","17a87e84-cecb-44fa-9d43-476c8ad9954f"
1446,126,"2021-01-24","06:00 PM",60,"Online Multiplayer","Controller","Lounge","PC","17a87e84-cecb-44fa-9d43-476c8ad9954f"
1447,134,"2021-01-24","09:00 PM",30,"Singleplayer","Controller","Lounge","PC","17a87e84-cecb-44fa-9d43-476c8ad9954f"
1448,125,"2021-01-26","08:00 AM",60,"Singleplayer","Controller","Lounge","Switch","17a87e84-cecb-44fa-9d43-476c8ad9954f"
1449,126,"2021-01-26","07:00 PM",60,"Singleplayer","Controller","Lounge","PC","17a87e84-cecb-44fa-9d43-476c8ad9954f"
1450,126,"2021-01-27","12:00 PM",45,"Singleplayer","Controller","Lounge","PC","17a87e84-cecb-44fa-9d43-476c8ad9954f"
1451,126,"2021-01-27","03:00 PM",15,"Singleplayer","Controller","Lounge","PC","17a87e84-cecb-44fa-9d43-476c8ad9954f"
1452,82,"2021-01-27","05:00 PM",45,"Local Multiplayer","Controller","Lounge","PS4","17a87e84-cecb-44fa-9d43-476c8ad9954f"
1453,126,"2021-01-27","08:00 PM",60,"Singleplayer","Controller","Lounge","PC","17a87e84-cecb-44fa-9d43-476c8ad9954f"
1454,125,"2021-01-28","12:00 PM",60,"Singleplayer","Controller","Lounge","Switch","17a87e84-cecb-44fa-9d43-476c8ad9954f"
1455,125,"2021-01-29","07:00 AM",45,"Singleplayer","Controller","Lounge","Switch","17a87e84-cecb-44fa-9d43-476c8ad9954f"
1456,125,"2021-01-29","01:00 PM",60,"Singleplayer","Controller","Lounge","Switch","17a87e84-cecb-44fa-9d43-476c8ad9954f"
1457,132,"2021-01-30","06:00 PM",90,"Singleplayer","Oculus Touch","Lounge","Oculus","17a87e84-cecb-44fa-9d43-476c8ad9954f"
1458,126,"2021-01-30","09:00 PM",30,"Singleplayer","Controller","Lounge","PC","17a87e84-cecb-44fa-9d43-476c8ad9954f"
1459,126,"2021-01-31","11:00 AM",30,"Singleplayer","Controller","Lounge","PC","17a87e84-cecb-44fa-9d43-476c8ad9954f"
1460,82,"2021-01-31","02:00 PM",45,"Local Multiplayer","Controller","Lounge","PS4","17a87e84-cecb-44fa-9d43-476c8ad9954f"
1461,135,"2021-01-31","03:00 PM",30,"Local Multiplayer","Controller","Lounge","PS4","17a87e84-cecb-44fa-9d43-476c8ad9954f"
1462,126,"2021-01-31","06:00 PM",60,"Online Multiplayer","Controller","Lounge","PC","17a87e84-cecb-44fa-9d43-476c8ad9954f"
1463,133,"2021-02-01","09:00 PM",15,"Singleplayer","Keyboard & Mouse","Lounge","PC","17a87e84-cecb-44fa-9d43-476c8ad9954f"
1464,125,"2021-02-03","12:00 PM",45,"Singleplayer","Controller","Lounge","Switch","17a87e84-cecb-44fa-9d43-476c8ad9954f"
1465,125,"2021-02-03","05:00 PM",60,"Singleplayer","Controller","Lounge","Switch","17a87e84-cecb-44fa-9d43-476c8ad9954f"
1466,126,"2021-02-03","06:00 PM",60,"Online Multiplayer","Controller","Lounge","PC","17a87e84-cecb-44fa-9d43-476c8ad9954f"
1467,133,"2021-02-03","09:00 PM",30,"Singleplayer","Keyboard & Mouse","Lounge","PC","17a87e84-cecb-44fa-9d43-476c8ad9954f"
1468,125,"2021-02-04","12:00 PM",45,"Singleplayer","Controller","Lounge","Switch","17a87e84-cecb-44fa-9d43-476c8ad9954f"
1469,125,"2021-02-05","12:00 PM",45,"Singleplayer","Controller","Lounge","Switch","17a87e84-cecb-44fa-9d43-476c8ad9954f"
1470,136,"2021-02-06","07:00 AM",30,"Singleplayer","Controller","Lounge","PC","17a87e84-cecb-44fa-9d43-476c8ad9954f"
1471,137,"2021-02-06","08:00 AM",30,"Singleplayer","Keyboard & Mouse","Lounge","PC","17a87e84-cecb-44fa-9d43-476c8ad9954f"
1472,125,"2021-02-06","02:00 PM",45,"Singleplayer","Controller","Lounge","Switch","17a87e84-cecb-44fa-9d43-476c8ad9954f"
1473,126,"2021-02-06","03:00 PM",30,"Online Multiplayer","Controller","Lounge","PC","17a87e84-cecb-44fa-9d43-476c8ad9954f"
1474,126,"2021-02-06","08:00 PM",30,"Singleplayer","Controller","Lounge","PC","17a87e84-cecb-44fa-9d43-476c8ad9954f"
1475,125,"2021-02-07","08:00 AM",45,"Singleplayer","Controller","Lounge","Switch","17a87e84-cecb-44fa-9d43-476c8ad9954f"
1476,126,"2021-02-07","09:00 AM",30,"Singleplayer","Controller","Lounge","PC","17a87e84-cecb-44fa-9d43-476c8ad9954f"
1477,126,"2021-02-07","07:00 PM",45,"Online Multiplayer","Controller","Lounge","PC","17a87e84-cecb-44fa-9d43-476c8ad9954f"
1478,125,"2021-02-08","12:00 PM",45,"Singleplayer","Controller","Lounge","Switch","17a87e84-cecb-44fa-9d43-476c8ad9954f"
1479,126,"2021-02-08","08:00 PM",45,"Online Multiplayer","Controller","Lounge","PC","17a87e84-cecb-44fa-9d43-476c8ad9954f"
1480,125,"2021-02-09","12:00 PM",45,"Singleplayer","Controller","Lounge","Switch","17a87e84-cecb-44fa-9d43-476c8ad9954f"
1481,126,"2021-02-10","06:00 PM",60,"Online Multiplayer","Controller","Lounge","PC","17a87e84-cecb-44fa-9d43-476c8ad9954f"
1482,126,"2021-02-13","07:00 AM",30,"Singleplayer","Controller","Lounge","PC","17a87e84-cecb-44fa-9d43-476c8ad9954f"
1483,39,"2021-02-13","04:00 PM",75,"Online Multiplayer","Controller","Lounge","PC","17a87e84-cecb-44fa-9d43-476c8ad9954f"
1484,126,"2021-02-14","01:00 PM",45,"Singleplayer","Controller","Lounge","PC","17a87e84-cecb-44fa-9d43-476c8ad9954f"
1485,126,"2021-02-14","03:00 PM",30,"Singleplayer","Controller","Lounge","PC","17a87e84-cecb-44fa-9d43-476c8ad9954f"
1486,126,"2021-02-16","06:00 PM",60,"Online Multiplayer","Controller","Lounge","PC","17a87e84-cecb-44fa-9d43-476c8ad9954f"
1487,138,"2021-02-17","07:00 PM",75,"Singleplayer","Controller","Lounge","PC","17a87e84-cecb-44fa-9d43-476c8ad9954f"
1488,138,"2021-02-18","01:00 PM",45,"Singleplayer","Controller","Lounge","PC","17a87e84-cecb-44fa-9d43-476c8ad9954f"
1489,138,"2021-02-18","05:00 PM",45,"Singleplayer","Controller","Lounge","PC","17a87e84-cecb-44fa-9d43-476c8ad9954f"
1490,138,"2021-02-19","12:00 PM",45,"Singleplayer","Controller","Lounge","PC","17a87e84-cecb-44fa-9d43-476c8ad9954f"
1491,138,"2021-02-20","08:00 AM",60,"Singleplayer","Controller","Lounge","PC","17a87e84-cecb-44fa-9d43-476c8ad9954f"
1492,126,"2021-02-20","03:00 PM",45,"Singleplayer","Controller","Lounge","PC","17a87e84-cecb-44fa-9d43-476c8ad9954f"
1493,126,"2021-02-21","04:00 PM",60,"Singleplayer","Controller","Lounge","PC","17a87e84-cecb-44fa-9d43-476c8ad9954f"
1494,132,"2021-02-21","08:00 PM",120,"Singleplayer","Oculus Touch","Lounge","Oculus","17a87e84-cecb-44fa-9d43-476c8ad9954f"
1495,126,"2021-02-22","07:00 PM",45,"Online Multiplayer","Controller","Lounge","PC","17a87e84-cecb-44fa-9d43-476c8ad9954f"
1496,138,"2021-02-23","06:00 PM",45,"Singleplayer","Controller","Lounge","PC","17a87e84-cecb-44fa-9d43-476c8ad9954f"
1497,126,"2021-02-24","05:00 PM",15,"Singleplayer","Controller","Lounge","PC","17a87e84-cecb-44fa-9d43-476c8ad9954f"
1498,126,"2021-02-25","04:00 PM",30,"Singleplayer","Controller","Lounge","PC","17a87e84-cecb-44fa-9d43-476c8ad9954f"
1499,126,"2021-02-26","04:00 PM",30,"Singleplayer","Controller","Lounge","PC","17a87e84-cecb-44fa-9d43-476c8ad9954f"
1500,126,"2021-02-27","07:00 AM",45,"Singleplayer","Controller","Lounge","PC","17a87e84-cecb-44fa-9d43-476c8ad9954f"
1501,126,"2021-02-27","02:00 PM",45,"Singleplayer","Controller","Lounge","PC","17a87e84-cecb-44fa-9d43-476c8ad9954f"
1502,126,"2021-02-28","05:00 PM",45,"Singleplayer","Controller","Lounge","PC","17a87e84-cecb-44fa-9d43-476c8ad9954f"
1503,126,"2021-03-01","08:00 PM",30,"Singleplayer","Controller","Lounge","PC","17a87e84-cecb-44fa-9d43-476c8ad9954f"
1504,126,"2021-03-02","06:00 PM",45,"Online Multiplayer","Controller","Lounge","PC","17a87e84-cecb-44fa-9d43-476c8ad9954f"
1505,126,"2021-03-04","09:00 PM",45,"Singleplayer","Controller","Lounge","PC","17a87e84-cecb-44fa-9d43-476c8ad9954f"
1506,126,"2021-03-05","04:00 PM",30,"Singleplayer","Controller","Lounge","PC","17a87e84-cecb-44fa-9d43-476c8ad9954f"
1507,137,"2021-03-07","08:00 AM",60,"Singleplayer","Keyboard & Mouse","Lounge","PC","17a87e84-cecb-44fa-9d43-476c8ad9954f"
1508,126,"2021-03-07","09:00 AM",30,"Singleplayer","Controller","Lounge","PC","17a87e84-cecb-44fa-9d43-476c8ad9954f"
1509,126,"2021-03-08","07:00 AM",45,"Singleplayer","Controller","Lounge","PC","17a87e84-cecb-44fa-9d43-476c8ad9954f"
1510,126,"2021-03-08","08:00 PM",30,"Singleplayer","Controller","Lounge","PC","17a87e84-cecb-44fa-9d43-476c8ad9954f"
1511,139,"2021-03-08","08:00 PM",30,"Singleplayer","Controller","Lounge","PC","17a87e84-cecb-44fa-9d43-476c8ad9954f"
1512,126,"2021-03-13","08:00 AM",45,"Singleplayer","Controller","Lounge","PC","17a87e84-cecb-44fa-9d43-476c8ad9954f"
1513,126,"2021-03-18","11:00 AM",30,"Singleplayer","Controller","Lounge","PC","17a87e84-cecb-44fa-9d43-476c8ad9954f"
1514,126,"2021-03-21","10:00 AM",15,"Singleplayer","Controller","Lounge","PC","17a87e84-cecb-44fa-9d43-476c8ad9954f"
1515,126,"2021-03-21","08:00 PM",15,"Singleplayer","Controller","Lounge","PC","17a87e84-cecb-44fa-9d43-476c8ad9954f"
1516,126,"2021-03-24","06:00 PM",30,"Singleplayer","Controller","Lounge","PC","17a87e84-cecb-44fa-9d43-476c8ad9954f"
1517,82,"2021-04-12","06:00 PM",45,"Local Multiplayer","Controller","Conor and Nats Place","PS4","17a87e84-cecb-44fa-9d43-476c8ad9954f"
1518,126,"2021-04-15","06:00 PM",60,"Online Multiplayer","Controller","Lounge","PC","17a87e84-cecb-44fa-9d43-476c8ad9954f"
1519,126,"2021-04-17","10:00 AM",30,"Singleplayer","Controller","Lounge","PC","17a87e84-cecb-44fa-9d43-476c8ad9954f"
1520,126,"2021-04-18","10:00 AM",30,"Singleplayer","Controller","Lounge","PC","17a87e84-cecb-44fa-9d43-476c8ad9954f"
1521,126,"2021-04-19","06:00 PM",30,"Singleplayer","Controller","Lounge","PC","17a87e84-cecb-44fa-9d43-476c8ad9954f"
1522,126,"2021-04-24","09:00 PM",45,"Singleplayer","Controller","Lounge","PC","17a87e84-cecb-44fa-9d43-476c8ad9954f"
1523,126,"2021-04-24","03:00 PM",45,"Online Multiplayer","Controller","Lounge","PC","17a87e84-cecb-44fa-9d43-476c8ad9954f"
1524,126,"2021-04-25","09:00 AM",45,"Singleplayer","Controller","Lounge","PC","17a87e84-cecb-44fa-9d43-476c8ad9954f"
1525,126,"2021-04-25","06:00 PM",45,"Online Multiplayer","Controller","Lounge","PC","17a87e84-cecb-44fa-9d43-476c8ad9954f"
1526,126,"2021-05-01","09:00 AM",30,"Singleplayer","Controller","Lounge","PC","17a87e84-cecb-44fa-9d43-476c8ad9954f"
1527,126,"2021-05-07","08:00 PM",60,"Online Multiplayer","Controller","Lounge","PC","17a87e84-cecb-44fa-9d43-476c8ad9954f"
1528,126,"2021-05-08","02:00 PM",30,"Online Multiplayer","Controller","Lounge","PC","17a87e84-cecb-44fa-9d43-476c8ad9954f"
1529,140,"2021-05-08","03:00 PM",90,"Online Multiplayer","Keyboard & Mouse","Lounge","PC","17a87e84-cecb-44fa-9d43-476c8ad9954f"
1530,126,"2021-05-09","05:00 PM",30,"Online Multiplayer","Controller","Lounge","PC","17a87e84-cecb-44fa-9d43-476c8ad9954f"
1531,140,"2021-05-09","06:00 PM",90,"Online Multiplayer","Keyboard & Mouse","Lounge","PC","17a87e84-cecb-44fa-9d43-476c8ad9954f"
1532,126,"2021-05-17","08:00 PM",45,"Singleplayer","Controller","Lounge","PC","17a87e84-cecb-44fa-9d43-476c8ad9954f"
1533,126,"2021-05-22","09:00 AM",15,"Singleplayer","Controller","Lounge","PC","17a87e84-cecb-44fa-9d43-476c8ad9954f"
1534,141,"2021-05-22","06:00 PM",60,"Singleplayer","Controller","Lounge","PC","17a87e84-cecb-44fa-9d43-476c8ad9954f"
1535,141,"2021-05-23","07:00 AM",60,"Singleplayer","Controller","Lounge","PC","17a87e84-cecb-44fa-9d43-476c8ad9954f"
1536,141,"2021-05-23","01:00 PM",45,"Singleplayer","Controller","Lounge","PC","17a87e84-cecb-44fa-9d43-476c8ad9954f"
1537,126,"2021-05-23","07:00 PM",15,"Singleplayer","Controller","Lounge","PC","17a87e84-cecb-44fa-9d43-476c8ad9954f"
1538,141,"2021-05-27","04:00 PM",75,"Singleplayer","Controller","Lounge","PC","17a87e84-cecb-44fa-9d43-476c8ad9954f"
1539,141,"2021-05-28","04:00 PM",60,"Singleplayer","Controller","Lounge","PC","17a87e84-cecb-44fa-9d43-476c8ad9954f"
1540,39,"2021-05-29","09:00 AM",180,"Online Multiplayer","Controller","Lounge","PC","17a87e84-cecb-44fa-9d43-476c8ad9954f"
1541,141,"2021-05-29","02:00 PM",60,"Singleplayer","Controller","Lounge","PC","17a87e84-cecb-44fa-9d43-476c8ad9954f"
1542,126,"2021-05-29","05:00 PM",60,"Online Multiplayer","Controller","Lounge","PC","17a87e84-cecb-44fa-9d43-476c8ad9954f"
1543,141,"2021-05-30","09:00 AM",45,"Singleplayer","Controller","Lounge","PC","17a87e84-cecb-44fa-9d43-476c8ad9954f"
1544,141,"2021-05-30","01:00 PM",45,"Singleplayer","Controller","Lounge","PC","17a87e84-cecb-44fa-9d43-476c8ad9954f"
1545,126,"2021-05-30","06:00 PM",60,"Online Multiplayer","Controller","Lounge","PC","17a87e84-cecb-44fa-9d43-476c8ad9954f"
1546,126,"2021-05-31","04:00 PM",30,"Online Multiplayer","Controller","Lounge","PC","17a87e84-cecb-44fa-9d43-476c8ad9954f"
1547,141,"2021-05-31","05:00 PM",45,"Singleplayer","Controller","Lounge","PC","17a87e84-cecb-44fa-9d43-476c8ad9954f"
1548,126,"2021-05-31","07:00 PM",45,"Online Multiplayer","Controller","Lounge","PC","17a87e84-cecb-44fa-9d43-476c8ad9954f"
1549,141,"2021-06-01","12:00 PM",30,"Singleplayer","Controller","Lounge","PC","17a87e84-cecb-44fa-9d43-476c8ad9954f"
1550,141,"2021-06-01","04:00 PM",60,"Singleplayer","Controller","Lounge","PC","17a87e84-cecb-44fa-9d43-476c8ad9954f"
1551,141,"2021-06-01","09:00 PM",60,"Singleplayer","Controller","Lounge","PC","17a87e84-cecb-44fa-9d43-476c8ad9954f"
1552,141,"2021-06-02","12:00 PM",45,"Singleplayer","Controller","Lounge","PC","17a87e84-cecb-44fa-9d43-476c8ad9954f"
1553,141,"2021-06-02","07:00 PM",45,"Singleplayer","Controller","Lounge","PC","17a87e84-cecb-44fa-9d43-476c8ad9954f"
1554,141,"2021-06-03","01:00 PM",30,"Singleplayer","Controller","Lounge","PC","17a87e84-cecb-44fa-9d43-476c8ad9954f"
1555,141,"2021-06-03","04:00 PM",15,"Singleplayer","Controller","Lounge","PC","17a87e84-cecb-44fa-9d43-476c8ad9954f"
1556,141,"2021-06-03","08:00 PM",45,"Singleplayer","Controller","Lounge","PC","17a87e84-cecb-44fa-9d43-476c8ad9954f"
1557,141,"2021-06-04","12:00 PM",30,"Singleplayer","Controller","Lounge","PC","17a87e84-cecb-44fa-9d43-476c8ad9954f"
1558,141,"2021-06-04","04:00 PM",45,"Singleplayer","Controller","Lounge","PC","17a87e84-cecb-44fa-9d43-476c8ad9954f"
1559,141,"2021-06-04","06:00 PM",15,"Singleplayer","Controller","Lounge","PC","17a87e84-cecb-44fa-9d43-476c8ad9954f"
1560,141,"2021-06-05","08:00 AM",30,"Singleplayer","Controller","Lounge","PC","17a87e84-cecb-44fa-9d43-476c8ad9954f"
1561,141,"2021-06-05","08:00 PM",45,"Singleplayer","Controller","Lounge","PC","17a87e84-cecb-44fa-9d43-476c8ad9954f"
1562,141,"2021-06-06","08:00 AM",45,"Singleplayer","Controller","Lounge","PC","17a87e84-cecb-44fa-9d43-476c8ad9954f"
1563,141,"2021-06-06","11:00 AM",45,"Singleplayer","Controller","Lounge","PC","17a87e84-cecb-44fa-9d43-476c8ad9954f"
1564,39,"2021-06-06","02:00 PM",180,"Online Multiplayer","Controller","Lounge","PC","17a87e84-cecb-44fa-9d43-476c8ad9954f"
1565,141,"2021-06-06","09:00 PM",45,"Singleplayer","Controller","Lounge","PC","17a87e84-cecb-44fa-9d43-476c8ad9954f"
1566,142,"2021-06-07","05:00 PM",120,"Online Multiplayer","Controller","Lounge","PC","17a87e84-cecb-44fa-9d43-476c8ad9954f"
1567,142,"2021-06-08","06:00 PM",45,"Online Multiplayer","Controller","Lounge","PC","17a87e84-cecb-44fa-9d43-476c8ad9954f"
1568,143,"2021-06-08","09:00 PM",30,"Singleplayer","Controller","Bed","Switch","17a87e84-cecb-44fa-9d43-476c8ad9954f"
1569,141,"2021-06-09","04:00 PM",45,"Singleplayer","Controller","Lounge","PC","17a87e84-cecb-44fa-9d43-476c8ad9954f"
1570,142,"2021-06-09","06:00 PM",45,"Online Multiplayer","Controller","Lounge","PC","17a87e84-cecb-44fa-9d43-476c8ad9954f"
1571,141,"2021-06-09","09:00 PM",30,"Singleplayer","Controller","Lounge","PC","17a87e84-cecb-44fa-9d43-476c8ad9954f"
1572,141,"2021-06-10","12:00 PM",30,"Singleplayer","Controller","Lounge","PC","17a87e84-cecb-44fa-9d43-476c8ad9954f"
1573,142,"2021-06-10","07:00 PM",60,"Online Multiplayer","Controller","Lounge","PC","17a87e84-cecb-44fa-9d43-476c8ad9954f"
1574,141,"2021-06-10","09:00 PM",15,"Singleplayer","Controller","Lounge","PC","17a87e84-cecb-44fa-9d43-476c8ad9954f"
1575,142,"2021-06-12","03:00 PM",45,"Online Multiplayer","Controller","Lounge","PC","17a87e84-cecb-44fa-9d43-476c8ad9954f"
1576,144,"2021-06-12","04:00 PM",75,"Singleplayer","Controller","Lounge","PC","17a87e84-cecb-44fa-9d43-476c8ad9954f"
1577,144,"2021-06-13","06:00 AM",60,"Singleplayer","Controller","Lounge","PC","17a87e84-cecb-44fa-9d43-476c8ad9954f"
1578,144,"2021-06-14","09:00 AM",45,"Singleplayer","Controller","Lounge","PC","17a87e84-cecb-44fa-9d43-476c8ad9954f"
1579,144,"2021-06-14","04:00 PM",60,"Singleplayer","Controller","Lounge","PC","17a87e84-cecb-44fa-9d43-476c8ad9954f"
1580,142,"2021-06-14","05:00 PM",45,"Online Multiplayer","Controller","Lounge","PC","17a87e84-cecb-44fa-9d43-476c8ad9954f"
1581,144,"2021-06-15","07:00 PM",60,"Singleplayer","Controller","Lounge","PC","17a87e84-cecb-44fa-9d43-476c8ad9954f"
1582,145,"2021-06-16","08:00 PM",60,"Singleplayer","Controller","Lounge","PC","17a87e84-cecb-44fa-9d43-476c8ad9954f"
1583,142,"2021-06-17","06:00 PM",45,"Online Multiplayer","Controller","Lounge","PC","17a87e84-cecb-44fa-9d43-476c8ad9954f"
1584,145,"2021-06-17","08:00 PM",60,"Singleplayer","Controller","Lounge","PC","17a87e84-cecb-44fa-9d43-476c8ad9954f"
1585,142,"2021-06-24","06:00 PM",60,"Online Multiplayer","Controller","Lounge","PC","17a87e84-cecb-44fa-9d43-476c8ad9954f"
1586,142,"2021-06-26","01:00 PM",75,"Online Multiplayer","Controller","Lounge","PC","17a87e84-cecb-44fa-9d43-476c8ad9954f"
1587,142,"2021-06-27","04:00 PM",45,"Online Multiplayer","Controller","Lounge","PC","17a87e84-cecb-44fa-9d43-476c8ad9954f"
1588,29,"2021-07-10","09:00 PM",90,"Local Multiplayer","Controller","Simone & Kyles","Xbox","17a87e84-cecb-44fa-9d43-476c8ad9954f"
1589,126,"2021-07-11","01:00 PM",60,"Online Multiplayer","Controller","Lounge","PC","17a87e84-cecb-44fa-9d43-476c8ad9954f"
1590,146,"2021-07-16","07:00 PM",45,"Singleplayer","Controller","Lounge","PC","17a87e84-cecb-44fa-9d43-476c8ad9954f"
1591,146,"2021-07-17","11:00 AM",45,"Singleplayer","Controller","Lounge","PC","17a87e84-cecb-44fa-9d43-476c8ad9954f"
1592,146,"2021-07-17","05:00 PM",45,"Singleplayer","Controller","Lounge","PC","17a87e84-cecb-44fa-9d43-476c8ad9954f"
1593,106,"2021-07-17","10:00 PM",75,"Online Multiplayer","Controller","Lounge","PC","17a87e84-cecb-44fa-9d43-476c8ad9954f"
1594,146,"2021-07-18","10:00 AM",75,"Singleplayer","Controller","Lounge","PC","17a87e84-cecb-44fa-9d43-476c8ad9954f"
1595,146,"2021-07-18","05:00 PM",60,"Singleplayer","Controller","Lounge","PC","17a87e84-cecb-44fa-9d43-476c8ad9954f"
1596,146,"2021-07-19","06:00 PM",30,"Singleplayer","Controller","Lounge","PC","17a87e84-cecb-44fa-9d43-476c8ad9954f"
1597,146,"2021-07-21","07:00 PM",60,"Singleplayer","Controller","Lounge","PC","17a87e84-cecb-44fa-9d43-476c8ad9954f"
1598,126,"2021-07-22","06:00 PM",60,"Online Multiplayer","Controller","Lounge","PC","17a87e84-cecb-44fa-9d43-476c8ad9954f"
1599,146,"2021-07-23","08:00 PM",60,"Singleplayer","Controller","Lounge","PC","17a87e84-cecb-44fa-9d43-476c8ad9954f"
1600,146,"2021-07-24","09:00 AM",45,"Singleplayer","Controller","Lounge","PC","17a87e84-cecb-44fa-9d43-476c8ad9954f"
1601,106,"2021-07-24","07:00 PM",75,"Online Multiplayer","Controller","Lounge","PC","17a87e84-cecb-44fa-9d43-476c8ad9954f"
1602,106,"2021-07-25","01:00 PM",90,"Online Multiplayer","Controller","Lounge","PC","17a87e84-cecb-44fa-9d43-476c8ad9954f"
1603,147,"2021-07-31","02:00 PM",45,"Singleplayer","Oculus Touch","Lounge","Oculus","17a87e84-cecb-44fa-9d43-476c8ad9954f"
1604,44,"2021-07-31","02:00 PM",15,"Singleplayer","Oculus Touch","Lounge","Oculus","17a87e84-cecb-44fa-9d43-476c8ad9954f"
1605,106,"2021-08-07","04:00 PM",90,"Online Multiplayer","Controller","Lounge","PC","17a87e84-cecb-44fa-9d43-476c8ad9954f"
1606,148,"2021-08-08","08:00 AM",30,"Singleplayer","Controller","Lounge","PC","17a87e84-cecb-44fa-9d43-476c8ad9954f"
1607,39,"2021-08-08","01:00 PM",120,"Online Multiplayer","Controller","Lounge","PC","17a87e84-cecb-44fa-9d43-476c8ad9954f"
1608,106,"2021-08-08","04:00 PM",90,"Online Multiplayer","Controller","Lounge","PC","17a87e84-cecb-44fa-9d43-476c8ad9954f"
1609,149,"2021-08-13","07:00 PM",45,"Singleplayer","Controller","Lounge","Switch","17a87e84-cecb-44fa-9d43-476c8ad9954f"
1610,126,"2021-08-13","08:00 PM",75,"Online Multiplayer","Controller","Lounge","PC","17a87e84-cecb-44fa-9d43-476c8ad9954f"
1611,149,"2021-08-14","07:00 AM",30,"Singleplayer","Controller","Lounge","Switch","17a87e84-cecb-44fa-9d43-476c8ad9954f"
1612,149,"2021-08-14","12:00 PM",30,"Singleplayer","Controller","Lounge","Switch","17a87e84-cecb-44fa-9d43-476c8ad9954f"
1613,149,"2021-08-14","04:00 PM",75,"Singleplayer","Controller","Lounge","Switch","17a87e84-cecb-44fa-9d43-476c8ad9954f"
1614,126,"2021-08-14","08:00 PM",75,"Singleplayer","Controller","Lounge","PC","17a87e84-cecb-44fa-9d43-476c8ad9954f"
1615,149,"2021-08-15","10:00 AM",45,"Singleplayer","Controller","Lounge","Switch","17a87e84-cecb-44fa-9d43-476c8ad9954f"
1616,39,"2021-08-15","01:00 PM",165,"Online Multiplayer","Controller","Lounge","PC","17a87e84-cecb-44fa-9d43-476c8ad9954f"
1617,106,"2021-08-15","04:00 PM",60,"Online Multiplayer","Controller","Lounge","PC","17a87e84-cecb-44fa-9d43-476c8ad9954f"
1618,149,"2021-08-16","07:00 AM",30,"Singleplayer","Controller","Lounge","Switch","17a87e84-cecb-44fa-9d43-476c8ad9954f"
1619,149,"2021-08-16","12:00 PM",30,"Singleplayer","Controller","Lounge","Switch","17a87e84-cecb-44fa-9d43-476c8ad9954f"
1620,149,"2021-08-16","08:00 PM",60,"Singleplayer","Controller","Lounge","Switch","17a87e84-cecb-44fa-9d43-476c8ad9954f"
1621,106,"2021-08-17","06:00 PM",45,"Online Multiplayer","Controller","Lounge","PC","17a87e84-cecb-44fa-9d43-476c8ad9954f"
1622,106,"2021-08-18","08:00 PM",75,"Online Multiplayer","Controller","Lounge","PC","17a87e84-cecb-44fa-9d43-476c8ad9954f"
1623,73,"2021-08-19","06:00 PM",30,"Singleplayer","Controller","Lounge","Switch","17a87e84-cecb-44fa-9d43-476c8ad9954f"
1624,106,"2021-08-20","08:00 PM",150,"Online Multiplayer","Controller","Lounge","PC","17a87e84-cecb-44fa-9d43-476c8ad9954f"
1625,73,"2021-08-21","09:00 AM",30,"Singleplayer","Controller","Lounge","Switch","17a87e84-cecb-44fa-9d43-476c8ad9954f"
1626,86,"2021-08-21","01:00 PM",30,"Singleplayer","Controller","Lounge","PC","17a87e84-cecb-44fa-9d43-476c8ad9954f"
1627,73,"2021-08-21","06:00 PM",45,"Singleplayer","Controller","Lounge","Switch","17a87e84-cecb-44fa-9d43-476c8ad9954f"
1628,73,"2021-08-22","07:00 AM",60,"Singleplayer","Controller","Lounge","Switch","17a87e84-cecb-44fa-9d43-476c8ad9954f"
1629,106,"2021-08-22","02:00 PM",75,"Online Multiplayer","Controller","Lounge","PC","17a87e84-cecb-44fa-9d43-476c8ad9954f"
1630,150,"2021-08-22","05:00 PM",30,"Singleplayer","Controller","Lounge","PC","17a87e84-cecb-44fa-9d43-476c8ad9954f"
1631,150,"2021-08-22","06:00 PM",90,"Online Multiplayer","Controller","Lounge","PC","17a87e84-cecb-44fa-9d43-476c8ad9954f"
1632,150,"2021-08-23","12:00 PM",30,"Singleplayer","Controller","Lounge","PC","17a87e84-cecb-44fa-9d43-476c8ad9954f"
1633,150,"2021-08-23","05:00 PM",120,"Online Multiplayer","Controller","Lounge","PC","17a87e84-cecb-44fa-9d43-476c8ad9954f"
1634,150,"2021-08-24","12:00 PM",45,"Singleplayer","Controller","Lounge","PC","17a87e84-cecb-44fa-9d43-476c8ad9954f"
1635,150,"2021-08-24","06:00 PM",30,"Singleplayer","Controller","Lounge","PC","17a87e84-cecb-44fa-9d43-476c8ad9954f"
1636,106,"2021-08-24","07:00 PM",30,"Online Multiplayer","Controller","Lounge","PC","17a87e84-cecb-44fa-9d43-476c8ad9954f"
1637,150,"2021-08-25","12:00 PM",30,"Singleplayer","Controller","Lounge","PC","17a87e84-cecb-44fa-9d43-476c8ad9954f"
1638,126,"2021-08-25","04:00 PM",15,"Singleplayer","Controller","Lounge","PC","17a87e84-cecb-44fa-9d43-476c8ad9954f"
1639,150,"2021-08-25","05:00 PM",120,"Online Multiplayer","Controller","Lounge","PC","17a87e84-cecb-44fa-9d43-476c8ad9954f"
1640,151,"2021-08-27","09:00 AM",90,"Singleplayer","Controller","Lounge","PC","17a87e84-cecb-44fa-9d43-476c8ad9954f"
1641,126,"2021-08-27","05:00 PM",15,"Online Multiplayer","Controller","Lounge","PC","17a87e84-cecb-44fa-9d43-476c8ad9954f"
1642,150,"2021-08-27","06:00 PM",90,"Online Multiplayer","Controller","Lounge","PC","17a87e84-cecb-44fa-9d43-476c8ad9954f"
1643,106,"2021-08-27","08:00 PM",120,"Online Multiplayer","Controller","Lounge","PC","17a87e84-cecb-44fa-9d43-476c8ad9954f"
1644,150,"2021-08-28","10:00 AM",60,"Singleplayer","Controller","Lounge","PC","17a87e84-cecb-44fa-9d43-476c8ad9954f"
1645,150,"2021-08-28","03:00 PM",75,"Online Multiplayer","Controller","Lounge","PC","17a87e84-cecb-44fa-9d43-476c8ad9954f"
1646,151,"2021-08-28","04:00 PM",45,"Singleplayer","Controller","Lounge","PC","17a87e84-cecb-44fa-9d43-476c8ad9954f"
1647,106,"2021-08-28","05:00 PM",75,"Online Multiplayer","Controller","Lounge","PC","17a87e84-cecb-44fa-9d43-476c8ad9954f"
1648,150,"2021-08-29","09:00 PM",60,"Singleplayer","Controller","Lounge","PC","17a87e84-cecb-44fa-9d43-476c8ad9954f"
1649,151,"2021-08-29","08:00 AM",45,"Singleplayer","Controller","Lounge","PC","17a87e84-cecb-44fa-9d43-476c8ad9954f"
1650,150,"2021-08-29","09:00 AM",60,"Singleplayer","Controller","Lounge","PC","17a87e84-cecb-44fa-9d43-476c8ad9954f"
1651,39,"2021-08-29","02:00 PM",120,"Online Multiplayer","Controller","Lounge","PC","17a87e84-cecb-44fa-9d43-476c8ad9954f"
1652,126,"2021-08-29","06:00 PM",75,"Singleplayer","Controller","Lounge","PC","17a87e84-cecb-44fa-9d43-476c8ad9954f"
1653,151,"2021-08-30","08:00 PM",45,"Singleplayer","Controller","Lounge","PC","17a87e84-cecb-44fa-9d43-476c8ad9954f"
1654,106,"2021-08-30","09:00 PM",75,"Online Multiplayer","Controller","Lounge","PC","17a87e84-cecb-44fa-9d43-476c8ad9954f"
1655,150,"2021-08-31","05:00 PM",60,"Singleplayer","Controller","Lounge","PC","17a87e84-cecb-44fa-9d43-476c8ad9954f"
1656,151,"2021-08-31","08:00 PM",60,"Singleplayer","Controller","Lounge","PC","17a87e84-cecb-44fa-9d43-476c8ad9954f"
1657,126,"2021-09-01","05:00 PM",15,"Singleplayer","Controller","Lounge","PC","17a87e84-cecb-44fa-9d43-476c8ad9954f"
1658,150,"2021-09-01","05:00 PM",60,"Online Multiplayer","Controller","Lounge","PC","17a87e84-cecb-44fa-9d43-476c8ad9954f"
1659,151,"2021-09-01","08:00 PM",45,"Singleplayer","Controller","Lounge","PC","17a87e84-cecb-44fa-9d43-476c8ad9954f"
1660,150,"2021-09-02","12:00 PM",60,"Singleplayer","Controller","Lounge","PC","17a87e84-cecb-44fa-9d43-476c8ad9954f"
1661,151,"2021-09-02","08:00 PM",60,"Singleplayer","Controller","Lounge","PC","17a87e84-cecb-44fa-9d43-476c8ad9954f"
1662,126,"2021-09-03","05:00 PM",30,"Online Multiplayer","Controller","Lounge","PC","17a87e84-cecb-44fa-9d43-476c8ad9954f"
1663,126,"2021-09-03","06:00 PM",60,"Online Multiplayer","Controller","Lounge","PC","17a87e84-cecb-44fa-9d43-476c8ad9954f"
1664,106,"2021-09-03","08:00 PM",120,"Online Multiplayer","Controller","Lounge","PC","17a87e84-cecb-44fa-9d43-476c8ad9954f"
1665,150,"2021-09-04","09:00 AM",60,"Singleplayer","Controller","Lounge","PC","17a87e84-cecb-44fa-9d43-476c8ad9954f"
1666,151,"2021-09-04","02:00 PM",60,"Singleplayer","Controller","Lounge","PC","17a87e84-cecb-44fa-9d43-476c8ad9954f"
1667,150,"2021-09-04","05:00 PM",45,"Online Multiplayer","Controller","Lounge","PC","17a87e84-cecb-44fa-9d43-476c8ad9954f"
1668,126,"2021-09-04","06:00 PM",30,"Online Multiplayer","Controller","Lounge","PC","17a87e84-cecb-44fa-9d43-476c8ad9954f"
1669,150,"2021-09-05","10:00 AM",60,"Online Multiplayer","Controller","Lounge","PC","17a87e84-cecb-44fa-9d43-476c8ad9954f"
1670,151,"2021-09-05","03:00 PM",45,"Singleplayer","Controller","Lounge","PC","17a87e84-cecb-44fa-9d43-476c8ad9954f"
1671,150,"2021-09-05","05:00 PM",90,"Online Multiplayer","Controller","Lounge","PC","17a87e84-cecb-44fa-9d43-476c8ad9954f"
1672,150,"2021-09-07","05:00 PM",60,"Online Multiplayer","Controller","Lounge","PC","17a87e84-cecb-44fa-9d43-476c8ad9954f"
1673,150,"2021-09-08","05:00 PM",75,"Singleplayer","Controller","Lounge","PC","17a87e84-cecb-44fa-9d43-476c8ad9954f"
1674,151,"2021-09-08","08:00 PM",60,"Singleplayer","Controller","Lounge","PC","17a87e84-cecb-44fa-9d43-476c8ad9954f"
1675,151,"2021-09-09","08:00 PM",45,"Singleplayer","Controller","Lounge","PC","17a87e84-cecb-44fa-9d43-476c8ad9954f"
1676,106,"2021-09-10","04:00 PM",120,"Online Multiplayer","Controller","Lounge","PC","17a87e84-cecb-44fa-9d43-476c8ad9954f"
1677,150,"2021-09-10","07:00 PM",120,"Online Multiplayer","Controller","Lounge","PC","17a87e84-cecb-44fa-9d43-476c8ad9954f"
1678,39,"2021-09-11","01:00 PM",120,"Online Multiplayer","Controller","Lounge","PC","17a87e84-cecb-44fa-9d43-476c8ad9954f"
1679,150,"2021-09-11","06:00 PM",90,"Online Multiplayer","Controller","Lounge","PC","17a87e84-cecb-44fa-9d43-476c8ad9954f"
1680,151,"2021-09-12","10:00 AM",45,"Singleplayer","Controller","Lounge","PC","17a87e84-cecb-44fa-9d43-476c8ad9954f"
1681,55,"2021-09-12","01:00 PM",60,"Singleplayer","Controller","Lounge","Oculus","17a87e84-cecb-44fa-9d43-476c8ad9954f"
1682,150,"2021-09-12","04:00 PM",60,"Singleplayer","Controller","Lounge","PC","17a87e84-cecb-44fa-9d43-476c8ad9954f"
1683,150,"2021-09-12","05:00 PM",60,"Online Multiplayer","Controller","Lounge","PC","17a87e84-cecb-44fa-9d43-476c8ad9954f"
1684,126,"2021-09-12","06:00 PM",30,"Online Multiplayer","Controller","Lounge","PC","17a87e84-cecb-44fa-9d43-476c8ad9954f"
1685,150,"2021-09-14","05:00 PM",60,"Singleplayer","Controller","Lounge","PC","17a87e84-cecb-44fa-9d43-476c8ad9954f"
1686,151,"2021-09-14","08:00 PM",45,"Singleplayer","Controller","Lounge","PC","17a87e84-cecb-44fa-9d43-476c8ad9954f"
1687,150,"2021-09-15","05:00 PM",90,"Online Multiplayer","Controller","Lounge","PC","17a87e84-cecb-44fa-9d43-476c8ad9954f"
1688,150,"2021-09-16","05:00 PM",90,"Online Multiplayer","Controller","Lounge","PC","17a87e84-cecb-44fa-9d43-476c8ad9954f"
1689,150,"2021-09-17","04:00 PM",75,"Online Multiplayer","Controller","Lounge","PC","17a87e84-cecb-44fa-9d43-476c8ad9954f"
1690,151,"2021-09-18","07:00 AM",60,"Singleplayer","Controller","Lounge","PC","17a87e84-cecb-44fa-9d43-476c8ad9954f"
1691,39,"2021-09-18","02:00 PM",180,"Online Multiplayer","Controller","Lounge","PC","17a87e84-cecb-44fa-9d43-476c8ad9954f"
1692,150,"2021-09-18","06:00 PM",120,"Online Multiplayer","Controller","Lounge","PC","17a87e84-cecb-44fa-9d43-476c8ad9954f"
1693,151,"2021-09-19","07:00 AM",60,"Singleplayer","Controller","Lounge","PC","17a87e84-cecb-44fa-9d43-476c8ad9954f"
1694,150,"2021-09-19","09:00 AM",60,"Singleplayer","Controller","Lounge","PC","17a87e84-cecb-44fa-9d43-476c8ad9954f"
1695,150,"2021-09-19","07:00 PM",90,"Online Multiplayer","Controller","Lounge","PC","17a87e84-cecb-44fa-9d43-476c8ad9954f"
1696,150,"2021-09-20","06:00 PM",90,"Online Multiplayer","Controller","Lounge","PC","17a87e84-cecb-44fa-9d43-476c8ad9954f"
1697,150,"2021-09-21","06:00 PM",90,"Online Multiplayer","Controller","Lounge","PC","17a87e84-cecb-44fa-9d43-476c8ad9954f"
1698,150,"2021-09-23","06:00 PM",120,"Online Multiplayer","Controller","Lounge","PC","17a87e84-cecb-44fa-9d43-476c8ad9954f"
1699,151,"2021-09-24","08:00 AM",60,"Singleplayer","Controller","Lounge","PC","17a87e84-cecb-44fa-9d43-476c8ad9954f"
1700,150,"2021-09-24","09:00 AM",105,"Singleplayer","Controller","Lounge","PC","17a87e84-cecb-44fa-9d43-476c8ad9954f"
1701,106,"2021-09-24","01:00 PM",120,"Online Multiplayer","Controller","Lounge","PC","17a87e84-cecb-44fa-9d43-476c8ad9954f"
1702,150,"2021-09-24","08:00 AM",120,"Online Multiplayer","Controller","Lounge","PC","17a87e84-cecb-44fa-9d43-476c8ad9954f"
1703,151,"2021-09-25","08:00 AM",60,"Singleplayer","Controller","Lounge","PC","17a87e84-cecb-44fa-9d43-476c8ad9954f"
1704,150,"2021-09-25","11:00 AM",75,"Singleplayer","Controller","Lounge","PC","17a87e84-cecb-44fa-9d43-476c8ad9954f"
1705,106,"2021-09-25","12:00 PM",60,"Online Multiplayer","Controller","Lounge","PC","17a87e84-cecb-44fa-9d43-476c8ad9954f"
1706,150,"2021-09-25","07:00 PM",90,"Online Multiplayer","Controller","Lounge","PC","17a87e84-cecb-44fa-9d43-476c8ad9954f"
1707,150,"2021-09-26","11:00 AM",60,"Singleplayer","Controller","Lounge","PC","17a87e84-cecb-44fa-9d43-476c8ad9954f"
1708,106,"2021-09-26","05:00 PM",90,"Online Multiplayer","Controller","Lounge","PC","17a87e84-cecb-44fa-9d43-476c8ad9954f"
1709,150,"2021-09-28","06:00 PM",90,"Online Multiplayer","Controller","Lounge","PC","17a87e84-cecb-44fa-9d43-476c8ad9954f"
1710,150,"2021-09-29","05:00 PM",75,"Online Multiplayer","Controller","Lounge","PC","17a87e84-cecb-44fa-9d43-476c8ad9954f"
1711,152,"2021-09-30","08:00 PM",60,"Singleplayer","Controller","Lounge","PC","17a87e84-cecb-44fa-9d43-476c8ad9954f"
1712,150,"2021-10-01","05:00 PM",150,"Online Multiplayer","Controller","Lounge","PC","17a87e84-cecb-44fa-9d43-476c8ad9954f"
1713,150,"2021-10-02","08:00 AM",90,"Singleplayer","Controller","Lounge","PC","17a87e84-cecb-44fa-9d43-476c8ad9954f"
1714,150,"2021-10-02","01:00 PM",90,"Online Multiplayer","Controller","Lounge","PC","17a87e84-cecb-44fa-9d43-476c8ad9954f"
1715,150,"2021-10-03","08:00 AM",75,"Singleplayer","Controller","Lounge","PC","17a87e84-cecb-44fa-9d43-476c8ad9954f"
1716,150,"2021-10-03","03:00 PM",45,"Singleplayer","Controller","Lounge","PC","17a87e84-cecb-44fa-9d43-476c8ad9954f"
1717,150,"2021-10-03","06:00 PM",75,"Online Multiplayer","Controller","Lounge","PC","17a87e84-cecb-44fa-9d43-476c8ad9954f"
1718,150,"2021-10-05","05:00 PM",30,"Singleplayer","Controller","Lounge","PC","17a87e84-cecb-44fa-9d43-476c8ad9954f"
1719,150,"2021-10-05","07:00 PM",120,"Online Multiplayer","Controller","Lounge","PC","17a87e84-cecb-44fa-9d43-476c8ad9954f"
1720,150,"2021-10-07","06:00 PM",60,"Online Multiplayer","Controller","Lounge","PC","17a87e84-cecb-44fa-9d43-476c8ad9954f"
1721,150,"2021-10-07","09:00 PM",60,"Singleplayer","Controller","Lounge","PC","17a87e84-cecb-44fa-9d43-476c8ad9954f"
1722,150,"2021-10-08","12:00 PM",30,"Singleplayer","Controller","Lounge","PC","17a87e84-cecb-44fa-9d43-476c8ad9954f"
1723,150,"2021-10-08","05:00 PM",75,"Singleplayer","Controller","Lounge","PC","17a87e84-cecb-44fa-9d43-476c8ad9954f"
1724,150,"2021-10-09","07:00 AM",180,"Singleplayer","Controller","Lounge","PC","17a87e84-cecb-44fa-9d43-476c8ad9954f"
1725,150,"2021-10-10","01:00 PM",45,"Singleplayer","Controller","Lounge","PC","17a87e84-cecb-44fa-9d43-476c8ad9954f"
1726,150,"2021-10-10","04:00 PM",45,"Singleplayer","Controller","Lounge","PC","17a87e84-cecb-44fa-9d43-476c8ad9954f"
1727,150,"2021-10-10","08:00 PM",60,"Singleplayer","Controller","Lounge","PC","17a87e84-cecb-44fa-9d43-476c8ad9954f"
1728,150,"2021-10-11","05:00 PM",45,"Singleplayer","Controller","Lounge","PC","17a87e84-cecb-44fa-9d43-476c8ad9954f"
1729,150,"2021-10-11","07:00 PM",45,"Online Multiplayer","Controller","Lounge","PC","17a87e84-cecb-44fa-9d43-476c8ad9954f"
1730,150,"2021-10-12","05:00 PM",45,"Singleplayer","Controller","Lounge","PC","17a87e84-cecb-44fa-9d43-476c8ad9954f"
1731,150,"2021-10-12","08:00 PM",75,"Singleplayer","Controller","Lounge","PC","17a87e84-cecb-44fa-9d43-476c8ad9954f"
1732,150,"2021-10-13","05:00 PM",90,"Online Multiplayer","Controller","Lounge","PC","17a87e84-cecb-44fa-9d43-476c8ad9954f"
1733,150,"2021-10-14","06:00 PM",30,"Singleplayer","Controller","Lounge","PC","17a87e84-cecb-44fa-9d43-476c8ad9954f"
1734,150,"2021-10-15","05:00 PM",90,"Singleplayer","Controller","Lounge","PC","17a87e84-cecb-44fa-9d43-476c8ad9954f"
1735,150,"2021-10-16","07:00 AM",60,"Singleplayer","Controller","Lounge","PC","17a87e84-cecb-44fa-9d43-476c8ad9954f"
1736,153,"2021-10-16","10:00 AM",60,"Online Multiplayer","Controller","Lounge","PC","17a87e84-cecb-44fa-9d43-476c8ad9954f"
1737,150,"2021-10-16","01:00 PM",60,"Online Multiplayer","Controller","Lounge","PC","17a87e84-cecb-44fa-9d43-476c8ad9954f"
1738,154,"2021-10-18","08:00 AM",30,"Singleplayer","Keyboard & Mouse","Lounge","PC","17a87e84-cecb-44fa-9d43-476c8ad9954f"
1739,150,"2021-10-19","04:00 PM",30,"Singleplayer","Controller","Lounge","PC","17a87e84-cecb-44fa-9d43-476c8ad9954f"
1740,150,"2021-10-19","05:00 PM",75,"Online Multiplayer","Controller","Lounge","PC","17a87e84-cecb-44fa-9d43-476c8ad9954f"
1741,150,"2021-10-20","06:00 PM",90,"Online Multiplayer","Controller","Lounge","PC","17a87e84-cecb-44fa-9d43-476c8ad9954f"
1742,150,"2021-10-21","07:00 PM",45,"Singleplayer","Controller","Lounge","PC","17a87e84-cecb-44fa-9d43-476c8ad9954f"
1743,150,"2021-10-23","07:00 AM",75,"Singleplayer","Controller","Lounge","PC","17a87e84-cecb-44fa-9d43-476c8ad9954f"
1744,150,"2021-10-23","10:00 AM",60,"Singleplayer","Controller","Lounge","PC","17a87e84-cecb-44fa-9d43-476c8ad9954f"
1745,150,"2021-10-23","05:00 PM",90,"Online Multiplayer","Controller","Lounge","PC","17a87e84-cecb-44fa-9d43-476c8ad9954f"
1746,150,"2021-10-24","08:00 AM",75,"Singleplayer","Controller","Lounge","PC","17a87e84-cecb-44fa-9d43-476c8ad9954f"
1747,150,"2021-10-25","06:00 PM",75,"Online Multiplayer","Controller","Lounge","PC","17a87e84-cecb-44fa-9d43-476c8ad9954f"
1748,150,"2021-10-26","06:00 PM",60,"Singleplayer","Controller","Lounge","PC","17a87e84-cecb-44fa-9d43-476c8ad9954f"
1749,150,"2021-10-28","05:00 PM",60,"Online Multiplayer","Controller","Lounge","PC","17a87e84-cecb-44fa-9d43-476c8ad9954f"
1750,150,"2021-10-29","04:00 PM",75,"Singleplayer","Controller","Lounge","PC","17a87e84-cecb-44fa-9d43-476c8ad9954f"
1751,150,"2021-10-31","06:00 PM",90,"Online Multiplayer","Controller","Lounge","PC","17a87e84-cecb-44fa-9d43-476c8ad9954f"
1752,150,"2021-11-01","05:00 PM",120,"Online Multiplayer","Controller","Lounge","PC","17a87e84-cecb-44fa-9d43-476c8ad9954f"
1753,150,"2021-11-02","07:00 AM",60,"Singleplayer","Controller","Lounge","PC","17a87e84-cecb-44fa-9d43-476c8ad9954f"
1754,82,"2021-11-05","06:00 PM",45,"Online Multiplayer","Controller","Lounge","PS4","17a87e84-cecb-44fa-9d43-476c8ad9954f"
1755,150,"2021-11-06","07:00 AM",120,"Singleplayer","Controller","Lounge","PC","17a87e84-cecb-44fa-9d43-476c8ad9954f"
1756,150,"2021-11-07","01:00 PM",60,"Online Multiplayer","Controller","Lounge","PC","17a87e84-cecb-44fa-9d43-476c8ad9954f"
1757,150,"2021-11-07","06:00 PM",120,"Online Multiplayer","Controller","Lounge","PC","17a87e84-cecb-44fa-9d43-476c8ad9954f"
1758,150,"2021-11-08","06:00 PM",60,"Singleplayer","Controller","Lounge","PC","17a87e84-cecb-44fa-9d43-476c8ad9954f"
1759,155,"2021-11-09","06:00 PM",60,"Singleplayer","Controller","Lounge","PC","17a87e84-cecb-44fa-9d43-476c8ad9954f"
1760,155,"2021-11-09","08:00 PM",45,"Singleplayer","Controller","Lounge","PC","17a87e84-cecb-44fa-9d43-476c8ad9954f"
1761,155,"2021-11-10","04:00 PM",45,"Singleplayer","Controller","Lounge","PC","17a87e84-cecb-44fa-9d43-476c8ad9954f"
1762,155,"2021-11-11","04:00 PM",30,"Singleplayer","Controller","Lounge","PC","17a87e84-cecb-44fa-9d43-476c8ad9954f"
1763,155,"2021-11-12","08:00 PM",60,"Singleplayer","Controller","Lounge","PC","17a87e84-cecb-44fa-9d43-476c8ad9954f"
1764,155,"2021-11-13","09:00 AM",60,"Singleplayer","Controller","Lounge","PC","17a87e84-cecb-44fa-9d43-476c8ad9954f"
1765,155,"2021-11-13","08:00 PM",30,"Singleplayer","Controller","Lounge","PC","17a87e84-cecb-44fa-9d43-476c8ad9954f"
1766,155,"2021-11-14","10:00 AM",60,"Singleplayer","Controller","Lounge","PC","17a87e84-cecb-44fa-9d43-476c8ad9954f"
1767,155,"2021-11-15","06:00 PM",135,"Online Multiplayer","Controller","Lounge","PC","17a87e84-cecb-44fa-9d43-476c8ad9954f"
1768,155,"2021-11-16","05:00 PM",90,"Singleplayer","Controller","Lounge","PC","17a87e84-cecb-44fa-9d43-476c8ad9954f"
1769,155,"2021-11-16","06:00 PM",60,"Online Multiplayer","Controller","Lounge","PC","17a87e84-cecb-44fa-9d43-476c8ad9954f"
1770,155,"2021-11-18","04:00 PM",60,"Singleplayer","Controller","Lounge","PC","17a87e84-cecb-44fa-9d43-476c8ad9954f"
1771,150,"2021-11-19","06:00 PM",60,"Online Multiplayer","Controller","Lounge","PC","17a87e84-cecb-44fa-9d43-476c8ad9954f"
1772,155,"2021-11-19","07:00 PM",90,"Online Multiplayer","Controller","Lounge","PC","17a87e84-cecb-44fa-9d43-476c8ad9954f"
1773,155,"2021-11-20","07:00 AM",45,"Singleplayer","Controller","Lounge","PC","17a87e84-cecb-44fa-9d43-476c8ad9954f"
1774,150,"2021-11-21","07:00 PM",120,"Online Multiplayer","Controller","Lounge","PC","17a87e84-cecb-44fa-9d43-476c8ad9954f"
1775,155,"2021-11-22","05:00 PM",30,"Singleplayer","Controller","Lounge","PC","17a87e84-cecb-44fa-9d43-476c8ad9954f"
1776,156,"2021-11-22","06:00 PM",120,"Online Multiplayer","Keyboard & Mouse","Lounge","PC","17a87e84-cecb-44fa-9d43-476c8ad9954f"
1777,155,"2021-11-23","05:00 PM",75,"Singleplayer","Controller","Lounge","PC","17a87e84-cecb-44fa-9d43-476c8ad9954f"
1778,156,"2021-11-23","06:00 PM",120,"Online Multiplayer","Keyboard & Mouse","Lounge","PC","17a87e84-cecb-44fa-9d43-476c8ad9954f"
1779,155,"2021-11-24","05:00 PM",45,"Singleplayer","Controller","Lounge","PC","17a87e84-cecb-44fa-9d43-476c8ad9954f"
1780,150,"2021-11-24","06:00 PM",45,"Online Multiplayer","Controller","Lounge","PC","17a87e84-cecb-44fa-9d43-476c8ad9954f"
1781,156,"2021-11-24","07:00 PM",60,"Online Multiplayer","Keyboard & Mouse","Lounge","PC","17a87e84-cecb-44fa-9d43-476c8ad9954f"
1782,150,"2021-11-25","06:00 PM",45,"Online Multiplayer","Controller","Lounge","PC","17a87e84-cecb-44fa-9d43-476c8ad9954f"
1783,156,"2021-11-25","07:00 PM",90,"Online Multiplayer","Keyboard & Mouse","Lounge","PC","17a87e84-cecb-44fa-9d43-476c8ad9954f"
1784,155,"2021-11-26","05:00 PM",60,"Singleplayer","Controller","Lounge","PC","17a87e84-cecb-44fa-9d43-476c8ad9954f"
1785,156,"2021-11-26","07:00 PM",120,"Online Multiplayer","Keyboard & Mouse","Lounge","PC","17a87e84-cecb-44fa-9d43-476c8ad9954f"
1786,155,"2021-11-27","08:00 AM",75,"Singleplayer","Controller","Lounge","PC","17a87e84-cecb-44fa-9d43-476c8ad9954f"
1787,150,"2021-11-28","08:00 AM",60,"Singleplayer","Controller","Lounge","PC","17a87e84-cecb-44fa-9d43-476c8ad9954f"
1788,155,"2021-11-29","05:00 PM",45,"Singleplayer","Controller","Lounge","PC","17a87e84-cecb-44fa-9d43-476c8ad9954f"
1789,150,"2021-11-29","06:00 PM",60,"Online Multiplayer","Controller","Lounge","PC","17a87e84-cecb-44fa-9d43-476c8ad9954f"
1790,150,"2021-12-01","05:00 PM",60,"Online Multiplayer","Controller","Lounge","PC","17a87e84-cecb-44fa-9d43-476c8ad9954f"
1791,150,"2021-12-03","05:00 PM",90,"Online Multiplayer","Controller","Lounge","PC","17a87e84-cecb-44fa-9d43-476c8ad9954f"
1792,155,"2021-12-04","01:00 PM",60,"Singleplayer","Controller","Lounge","PC","17a87e84-cecb-44fa-9d43-476c8ad9954f"
1793,150,"2021-12-04","04:00 PM",45,"Singleplayer","Controller","Lounge","PC","17a87e84-cecb-44fa-9d43-476c8ad9954f"
1794,150,"2021-12-05","07:00 AM",45,"Singleplayer","Controller","Lounge","PC","17a87e84-cecb-44fa-9d43-476c8ad9954f"
1795,150,"2021-12-05","10:00 AM",45,"Singleplayer","Controller","Lounge","PC","17a87e84-cecb-44fa-9d43-476c8ad9954f"
1796,155,"2021-12-05","01:00 PM",60,"Singleplayer","Controller","Lounge","PC","17a87e84-cecb-44fa-9d43-476c8ad9954f"
1797,150,"2021-12-06","05:00 PM",60,"Online Multiplayer","Controller","Lounge","PC","17a87e84-cecb-44fa-9d43-476c8ad9954f"
1798,150,"2021-12-06","07:00 PM",90,"Online Multiplayer","Controller","Lounge","PC","17a87e84-cecb-44fa-9d43-476c8ad9954f"
1799,150,"2021-12-07","05:00 PM",45,"Online Multiplayer","Controller","Lounge","PC","17a87e84-cecb-44fa-9d43-476c8ad9954f"
1800,150,"2021-12-07","07:00 PM",120,"Online Multiplayer","Controller","Lounge","PC","17a87e84-cecb-44fa-9d43-476c8ad9954f"
1801,150,"2021-12-08","05:00 PM",45,"Singleplayer","Controller","Lounge","PC","17a87e84-cecb-44fa-9d43-476c8ad9954f"
1802,156,"2021-12-08","06:00 PM",75,"Online Multiplayer","Keyboard & Mouse","Lounge","PC","17a87e84-cecb-44fa-9d43-476c8ad9954f"
1803,150,"2021-12-11","07:00 AM",30,"Singleplayer","Controller","Lounge","PC","17a87e84-cecb-44fa-9d43-476c8ad9954f"
1804,150,"2021-12-11","10:00 AM",60,"Singleplayer","Controller","Lounge","PC","17a87e84-cecb-44fa-9d43-476c8ad9954f"
1805,126,"2021-12-11","06:00 PM",30,"Online Multiplayer","Controller","Lounge","PC","17a87e84-cecb-44fa-9d43-476c8ad9954f"
1806,150,"2021-12-11","07:00 PM",120,"Online Multiplayer","Controller","Lounge","PC","17a87e84-cecb-44fa-9d43-476c8ad9954f"
1807,150,"2021-12-12","10:00 AM",15,"Online Multiplayer","Controller","Lounge","PC","17a87e84-cecb-44fa-9d43-476c8ad9954f"
1808,126,"2021-12-16","05:00 PM",30,"Singleplayer","Controller","Lounge","PC","17a87e84-cecb-44fa-9d43-476c8ad9954f"
1809,150,"2021-12-16","06:00 PM",75,"Online Multiplayer","Controller","Lounge","PC","17a87e84-cecb-44fa-9d43-476c8ad9954f"
1810,150,"2021-12-21","06:00 PM",90,"Online Multiplayer","Controller","Lounge","PC","17a87e84-cecb-44fa-9d43-476c8ad9954f"
1811,150,"2021-12-22","05:00 PM",30,"Online Multiplayer","Controller","Lounge","PC","17a87e84-cecb-44fa-9d43-476c8ad9954f"
1812,78,"2021-12-22","06:00 PM",90,"Online Multiplayer","Keyboard & Mouse","Lounge","PC","17a87e84-cecb-44fa-9d43-476c8ad9954f"
1813,150,"2021-12-23","05:00 PM",60,"Singleplayer","Controller","Lounge","PC","17a87e84-cecb-44fa-9d43-476c8ad9954f"
1814,78,"2021-12-23","06:00 PM",90,"Online Multiplayer","Keyboard & Mouse","Lounge","PC","17a87e84-cecb-44fa-9d43-476c8ad9954f"
1815,150,"2021-12-26","08:00 AM",105,"Singleplayer","Controller","Lounge","PC","17a87e84-cecb-44fa-9d43-476c8ad9954f"
1816,78,"2021-12-26","12:00 PM",120,"Online Multiplayer","Keyboard & Mouse","Lounge","PC","17a87e84-cecb-44fa-9d43-476c8ad9954f"
1817,78,"2021-12-26","05:00 PM",60,"Online Multiplayer","Keyboard & Mouse","Lounge","PC","17a87e84-cecb-44fa-9d43-476c8ad9954f"
1818,78,"2021-12-26","07:00 PM",120,"Online Multiplayer","Keyboard & Mouse","Lounge","PC","17a87e84-cecb-44fa-9d43-476c8ad9954f"
1819,78,"2021-12-27","08:00 AM",120,"Online Multiplayer","Keyboard & Mouse","Lounge","PC","17a87e84-cecb-44fa-9d43-476c8ad9954f"
1820,78,"2021-12-27","02:00 PM",90,"Online Multiplayer","Keyboard & Mouse","Lounge","PC","17a87e84-cecb-44fa-9d43-476c8ad9954f"
1821,106,"2021-12-27","04:00 PM",90,"Online Multiplayer","Controller","Lounge","PC","17a87e84-cecb-44fa-9d43-476c8ad9954f"
1822,78,"2021-12-27","06:00 PM",150,"Online Multiplayer","Keyboard & Mouse","Lounge","PC","17a87e84-cecb-44fa-9d43-476c8ad9954f"
1823,78,"2021-12-28","09:00 AM",120,"Singleplayer","Keyboard & Mouse","Lounge","PC","17a87e84-cecb-44fa-9d43-476c8ad9954f"
1824,78,"2021-12-28","02:00 PM",90,"Singleplayer","Keyboard & Mouse","Lounge","PC","17a87e84-cecb-44fa-9d43-476c8ad9954f"
1825,78,"2021-12-28","06:00 PM",75,"Singleplayer","Keyboard & Mouse","Lounge","PC","17a87e84-cecb-44fa-9d43-476c8ad9954f"
1826,78,"2021-12-29","07:00 AM",30,"Singleplayer","Keyboard & Mouse","Lounge","PC","17a87e84-cecb-44fa-9d43-476c8ad9954f"
1827,78,"2021-12-29","04:00 PM",60,"Online Multiplayer","Keyboard & Mouse","Lounge","PC","17a87e84-cecb-44fa-9d43-476c8ad9954f"
1828,78,"2021-12-29","08:00 PM",60,"Online Multiplayer","Keyboard & Mouse","Lounge","PC","17a87e84-cecb-44fa-9d43-476c8ad9954f"
1829,78,"2021-12-30","09:00 AM",90,"Online Multiplayer","Keyboard & Mouse","Lounge","PC","17a87e84-cecb-44fa-9d43-476c8ad9954f"
1830,78,"2021-12-30","04:00 PM",180,"Online Multiplayer","Keyboard & Mouse","Lounge","PC","17a87e84-cecb-44fa-9d43-476c8ad9954f"
1831,78,"2021-12-30","08:00 PM",30,"Singleplayer","Keyboard & Mouse","Lounge","PC","17a87e84-cecb-44fa-9d43-476c8ad9954f"
1832,78,"2021-12-31","07:00 AM",30,"Singleplayer","Keyboard & Mouse","Lounge","PC","17a87e84-cecb-44fa-9d43-476c8ad9954f"
1833,78,"2021-12-31","10:00 AM",30,"Singleplayer","Keyboard & Mouse","Lounge","PC","17a87e84-cecb-44fa-9d43-476c8ad9954f"
1834,156,"2021-12-31","12:00 PM",60,"Online Multiplayer","Keyboard & Mouse","Lounge","PC","17a87e84-cecb-44fa-9d43-476c8ad9954f"
1835,78,"2021-12-31","03:00 PM",30,"Singleplayer","Keyboard & Mouse","Lounge","PC","17a87e84-cecb-44fa-9d43-476c8ad9954f"
1836,156,"2022-01-01","11:00 AM",45,"Singleplayer","Keyboard & Mouse","Lounge","PC","17a87e84-cecb-44fa-9d43-476c8ad9954f"
1837,156,"2022-01-02","10:00 AM",45,"Singleplayer","Keyboard & Mouse","Lounge","PC","17a87e84-cecb-44fa-9d43-476c8ad9954f"
1838,157,"2022-01-02","07:00 PM",30,"Online Multiplayer","Controller","Lounge","PC","17a87e84-cecb-44fa-9d43-476c8ad9954f"
1839,78,"2022-01-02","08:00 PM",90,"Online Multiplayer","Keyboard & Mouse","Lounge","PC","17a87e84-cecb-44fa-9d43-476c8ad9954f"
1840,156,"2022-01-03","03:00 PM",60,"Singleplayer","Keyboard & Mouse","Lounge","PC","17a87e84-cecb-44fa-9d43-476c8ad9954f"
1841,78,"2022-01-03","06:00 PM",60,"Online Multiplayer","Keyboard & Mouse","Lounge","PC","17a87e84-cecb-44fa-9d43-476c8ad9954f"
1842,78,"2022-01-04","08:00 AM",60,"Singleplayer","Keyboard & Mouse","Lounge","PC","17a87e84-cecb-44fa-9d43-476c8ad9954f"
1843,78,"2022-01-04","12:00 PM",45,"Singleplayer","Keyboard & Mouse","Lounge","PC","17a87e84-cecb-44fa-9d43-476c8ad9954f"
1844,78,"2022-01-04","04:00 PM",30,"Singleplayer","Keyboard & Mouse","Lounge","PC","17a87e84-cecb-44fa-9d43-476c8ad9954f"
1845,156,"2022-01-04","09:00 PM",45,"Singleplayer","Keyboard & Mouse","Lounge","PC","17a87e84-cecb-44fa-9d43-476c8ad9954f"
1846,78,"2022-01-05","10:00 AM",75,"Singleplayer","Keyboard & Mouse","Lounge","PC","17a87e84-cecb-44fa-9d43-476c8ad9954f"
1847,156,"2022-01-05","08:00 PM",45,"Singleplayer","Keyboard & Mouse","Lounge","PC","17a87e84-cecb-44fa-9d43-476c8ad9954f"
1848,156,"2022-01-06","09:00 PM",90,"Online Multiplayer","Keyboard & Mouse","Lounge","PC","17a87e84-cecb-44fa-9d43-476c8ad9954f"
1849,156,"2022-01-07","01:00 PM",60,"Singleplayer","Keyboard & Mouse","Lounge","PC","17a87e84-cecb-44fa-9d43-476c8ad9954f"
1850,106,"2022-01-07","06:00 PM",90,"Online Multiplayer","Controller","Lounge","PC","17a87e84-cecb-44fa-9d43-476c8ad9954f"
1851,156,"2022-01-07","09:00 PM",75,"Online Multiplayer","Keyboard & Mouse","Lounge","PC","17a87e84-cecb-44fa-9d43-476c8ad9954f"
1852,156,"2022-01-08","09:00 AM",30,"Online Multiplayer","Keyboard & Mouse","Lounge","PC","17a87e84-cecb-44fa-9d43-476c8ad9954f"
1853,156,"2022-01-08","11:00 AM",45,"Online Multiplayer","Keyboard & Mouse","Lounge","PC","17a87e84-cecb-44fa-9d43-476c8ad9954f"
1854,156,"2022-01-08","12:00 PM",30,"Online Multiplayer","Keyboard & Mouse","Lounge","PC","17a87e84-cecb-44fa-9d43-476c8ad9954f"
1855,156,"2022-01-08","06:00 PM",90,"Online Multiplayer","Keyboard & Mouse","Lounge","PC","17a87e84-cecb-44fa-9d43-476c8ad9954f"
1856,78,"2022-01-08","07:00 PM",60,"Online Multiplayer","Keyboard & Mouse","Lounge","PC","17a87e84-cecb-44fa-9d43-476c8ad9954f"
1857,156,"2022-01-08","09:00 PM",90,"Online Multiplayer","Keyboard & Mouse","Lounge","PC","17a87e84-cecb-44fa-9d43-476c8ad9954f"
1858,156,"2022-01-09","11:00 AM",30,"Online Multiplayer","Keyboard & Mouse","Lounge","PC","17a87e84-cecb-44fa-9d43-476c8ad9954f"
1859,156,"2022-01-09","07:00 PM",90,"Online Multiplayer","Keyboard & Mouse","Lounge","PC","17a87e84-cecb-44fa-9d43-476c8ad9954f"
1860,156,"2022-01-10","10:00 AM",60,"Online Multiplayer","Keyboard & Mouse","Lounge","PC","17a87e84-cecb-44fa-9d43-476c8ad9954f"
1861,156,"2022-01-10","01:00 PM",90,"Online Multiplayer","Keyboard & Mouse","Lounge","PC","17a87e84-cecb-44fa-9d43-476c8ad9954f"
1862,156,"2022-01-10","04:00 PM",75,"Online Multiplayer","Keyboard & Mouse","Lounge","PC","17a87e84-cecb-44fa-9d43-476c8ad9954f"
1863,78,"2022-01-10","07:00 PM",60,"Online Multiplayer","Keyboard & Mouse","Lounge","PC","17a87e84-cecb-44fa-9d43-476c8ad9954f"
1864,156,"2022-01-13","05:00 PM",45,"Online Multiplayer","Keyboard & Mouse","Lounge","PC","17a87e84-cecb-44fa-9d43-476c8ad9954f"
1865,78,"2022-01-13","09:00 PM",30,"Online Multiplayer","Keyboard & Mouse","Lounge","PC","17a87e84-cecb-44fa-9d43-476c8ad9954f"
1866,78,"2022-01-14","07:00 PM",90,"Online Multiplayer","Keyboard & Mouse","Lounge","PC","17a87e84-cecb-44fa-9d43-476c8ad9954f"
1867,106,"2022-01-14","08:00 PM",90,"Online Multiplayer","Controller","Lounge","PC","17a87e84-cecb-44fa-9d43-476c8ad9954f"
1868,78,"2022-01-15","09:00 AM",90,"Online Multiplayer","Keyboard & Mouse","Lounge","PC","17a87e84-cecb-44fa-9d43-476c8ad9954f"
1869,78,"2022-01-15","11:00 AM",30,"Online Multiplayer","Keyboard & Mouse","Lounge","PC","17a87e84-cecb-44fa-9d43-476c8ad9954f"
1870,78,"2022-01-15","05:00 PM",60,"Online Multiplayer","Keyboard & Mouse","Lounge","PC","17a87e84-cecb-44fa-9d43-476c8ad9954f"
1871,156,"2022-01-15","09:00 PM",60,"Online Multiplayer","Keyboard & Mouse","Lounge","PC","17a87e84-cecb-44fa-9d43-476c8ad9954f"
1872,78,"2022-01-15","10:00 PM",30,"Online Multiplayer","Keyboard & Mouse","Lounge","PC","17a87e84-cecb-44fa-9d43-476c8ad9954f"
1873,156,"2022-01-16","08:00 AM",60,"Singleplayer","Keyboard & Mouse","Lounge","PC","17a87e84-cecb-44fa-9d43-476c8ad9954f"
1874,78,"2022-01-16","09:00 AM",30,"Online Multiplayer","Keyboard & Mouse","Lounge","PC","17a87e84-cecb-44fa-9d43-476c8ad9954f"
1875,78,"2022-01-17","07:00 PM",90,"Online Multiplayer","Keyboard & Mouse","Lounge","PC","17a87e84-cecb-44fa-9d43-476c8ad9954f"
1876,78,"2022-01-18","05:00 PM",30,"Online Multiplayer","Keyboard & Mouse","Lounge","PC","17a87e84-cecb-44fa-9d43-476c8ad9954f"
1877,78,"2022-01-19","05:00 PM",75,"Online Multiplayer","Keyboard & Mouse","Lounge","PC","17a87e84-cecb-44fa-9d43-476c8ad9954f"
1878,78,"2022-01-23","05:00 PM",30,"Singleplayer","Keyboard & Mouse","Lounge","PC","17a87e84-cecb-44fa-9d43-476c8ad9954f"
1879,158,"2022-01-23","06:00 PM",45,"Online Multiplayer","Controller","Lounge","PC","17a87e84-cecb-44fa-9d43-476c8ad9954f"
1880,78,"2022-01-23","08:00 PM",60,"Online Multiplayer","Keyboard & Mouse","Lounge","PC","17a87e84-cecb-44fa-9d43-476c8ad9954f"
1881,78,"2022-01-24","05:00 PM",30,"Online Multiplayer","Keyboard & Mouse","Lounge","PC","17a87e84-cecb-44fa-9d43-476c8ad9954f"
1882,158,"2022-01-24","06:00 PM",30,"Online Multiplayer","Controller","Lounge","PC","17a87e84-cecb-44fa-9d43-476c8ad9954f"
1883,159,"2022-01-24","08:00 PM",60,"Singleplayer","Controller","Lounge","PC","17a87e84-cecb-44fa-9d43-476c8ad9954f"
1884,158,"2022-01-25","05:00 PM",15,"Online Multiplayer","Controller","Lounge","PC","17a87e84-cecb-44fa-9d43-476c8ad9954f"
1885,159,"2022-01-25","06:00 PM",30,"Online Multiplayer","Controller","Lounge","PC","17a87e84-cecb-44fa-9d43-476c8ad9954f"
1886,78,"2022-01-25","07:00 PM",90,"Online Multiplayer","Keyboard & Mouse","Lounge","PC","17a87e84-cecb-44fa-9d43-476c8ad9954f"
1887,78,"2022-01-26","07:00 AM",30,"Online Multiplayer","Keyboard & Mouse","Lounge","PC","17a87e84-cecb-44fa-9d43-476c8ad9954f"
1888,78,"2022-01-26","06:00 PM",30,"Online Multiplayer","Keyboard & Mouse","Lounge","PC","17a87e84-cecb-44fa-9d43-476c8ad9954f"
1889,78,"2022-01-27","05:00 PM",45,"Online Multiplayer","Keyboard & Mouse","Lounge","PC","17a87e84-cecb-44fa-9d43-476c8ad9954f"
1890,157,"2022-01-27","06:00 PM",30,"Online Multiplayer","Controller","Lounge","PC","17a87e84-cecb-44fa-9d43-476c8ad9954f"
1891,78,"2022-01-27","08:00 PM",30,"Online Multiplayer","Keyboard & Mouse","Lounge","PC","17a87e84-cecb-44fa-9d43-476c8ad9954f"
1892,159,"2022-01-27","09:00 PM",60,"Singleplayer","Controller","Lounge","PC","17a87e84-cecb-44fa-9d43-476c8ad9954f"
1893,78,"2022-01-28","07:00 AM",30,"Online Multiplayer","Keyboard & Mouse","Lounge","PC","17a87e84-cecb-44fa-9d43-476c8ad9954f"
1894,78,"2022-01-28","12:00 PM",15,"Online Multiplayer","Keyboard & Mouse","Lounge","PC","17a87e84-cecb-44fa-9d43-476c8ad9954f"
1895,78,"2022-01-28","03:00 PM",30,"Online Multiplayer","Keyboard & Mouse","Lounge","PC","17a87e84-cecb-44fa-9d43-476c8ad9954f"
1896,78,"2022-01-29","12:00 PM",30,"Online Multiplayer","Keyboard & Mouse","Lounge","PC","17a87e84-cecb-44fa-9d43-476c8ad9954f"
1897,78,"2022-01-29","03:00 PM",60,"Online Multiplayer","Keyboard & Mouse","Lounge","PC","17a87e84-cecb-44fa-9d43-476c8ad9954f"
1898,159,"2022-01-29","10:00 PM",60,"Singleplayer","Controller","Lounge","PC","17a87e84-cecb-44fa-9d43-476c8ad9954f"
1899,159,"2022-01-30","08:00 AM",60,"Singleplayer","Controller","Lounge","PC","17a87e84-cecb-44fa-9d43-476c8ad9954f"
1900,156,"2022-01-30","01:00 PM",120,"Online Multiplayer","Keyboard & Mouse","Lounge","PC","17a87e84-cecb-44fa-9d43-476c8ad9954f"
1901,78,"2022-01-30","04:00 PM",30,"Online Multiplayer","Keyboard & Mouse","Lounge","PC","17a87e84-cecb-44fa-9d43-476c8ad9954f"
1902,159,"2022-01-30","06:00 PM",30,"Singleplayer","Controller","Lounge","PC","17a87e84-cecb-44fa-9d43-476c8ad9954f"
1903,158,"2022-01-31","05:00 PM",30,"Online Multiplayer","Controller","Lounge","PC","17a87e84-cecb-44fa-9d43-476c8ad9954f"
1904,159,"2022-01-31","06:00 PM",45,"Singleplayer","Controller","Lounge","PC","17a87e84-cecb-44fa-9d43-476c8ad9954f"
1905,78,"2022-02-02","06:00 PM",30,"Online Multiplayer","Keyboard & Mouse","Lounge","PC","17a87e84-cecb-44fa-9d43-476c8ad9954f"
1906,158,"2022-02-02","06:00 PM",30,"Online Multiplayer","Controller","Lounge","PC","17a87e84-cecb-44fa-9d43-476c8ad9954f"
1907,159,"2022-02-02","08:00 PM",45,"Singleplayer","Controller","Lounge","PC","17a87e84-cecb-44fa-9d43-476c8ad9954f"
1908,78,"2022-02-03","05:00 PM",30,"Online Multiplayer","Keyboard & Mouse","Lounge","PC","17a87e84-cecb-44fa-9d43-476c8ad9954f"
1909,158,"2022-02-03","06:00 PM",30,"Online Multiplayer","Controller","Lounge","PC","17a87e84-cecb-44fa-9d43-476c8ad9954f"
1910,159,"2022-02-03","08:00 PM",45,"Singleplayer","Controller","Lounge","PC","17a87e84-cecb-44fa-9d43-476c8ad9954f"
1911,78,"2022-02-04","04:00 PM",30,"Online Multiplayer","Keyboard & Mouse","Lounge","PC","17a87e84-cecb-44fa-9d43-476c8ad9954f"
1912,159,"2022-02-05","07:00 AM",60,"Singleplayer","Controller","Lounge","PC","17a87e84-cecb-44fa-9d43-476c8ad9954f"
1913,78,"2022-02-05","12:00 PM",45,"Online Multiplayer","Keyboard & Mouse","Lounge","PC","17a87e84-cecb-44fa-9d43-476c8ad9954f"
1914,159,"2022-02-05","02:00 PM",60,"Singleplayer","Controller","Lounge","PC","17a87e84-cecb-44fa-9d43-476c8ad9954f"
1915,159,"2022-02-06","07:00 AM",60,"Singleplayer","Controller","Lounge","PC","17a87e84-cecb-44fa-9d43-476c8ad9954f"
1916,78,"2022-02-06","01:00 PM",60,"Online Multiplayer","Keyboard & Mouse","Lounge","PC","17a87e84-cecb-44fa-9d43-476c8ad9954f"
1917,159,"2022-02-06","05:00 PM",60,"Singleplayer","Controller","Lounge","PC","17a87e84-cecb-44fa-9d43-476c8ad9954f"
1918,78,"2022-02-06","08:00 PM",30,"Online Multiplayer","Keyboard & Mouse","Lounge","PC","17a87e84-cecb-44fa-9d43-476c8ad9954f"
1919,159,"2022-02-06","09:00 PM",30,"Singleplayer","Controller","Lounge","PC","17a87e84-cecb-44fa-9d43-476c8ad9954f"
1920,126,"2022-02-07","06:00 PM",60,"Online Multiplayer","Controller","Lounge","PC","17a87e84-cecb-44fa-9d43-476c8ad9954f"
1921,159,"2022-02-07","08:00 PM",60,"Singleplayer","Controller","Lounge","PC","17a87e84-cecb-44fa-9d43-476c8ad9954f"
1922,78,"2022-02-08","06:00 PM",75,"Online Multiplayer","Keyboard & Mouse","Lounge","PC","17a87e84-cecb-44fa-9d43-476c8ad9954f"
1923,159,"2022-02-09","09:00 PM",45,"Singleplayer","Controller","Lounge","PC","17a87e84-cecb-44fa-9d43-476c8ad9954f"
1924,156,"2022-02-09","06:00 PM",90,"Online Multiplayer","Keyboard & Mouse","Lounge","PC","17a87e84-cecb-44fa-9d43-476c8ad9954f"
1925,159,"2022-02-10","09:00 PM",60,"Singleplayer","Controller","Lounge","PC","17a87e84-cecb-44fa-9d43-476c8ad9954f"
1926,78,"2022-02-10","06:00 PM",60,"Online Multiplayer","Keyboard & Mouse","Lounge","PC","17a87e84-cecb-44fa-9d43-476c8ad9954f"
1927,159,"2022-02-10","09:00 PM",30,"Singleplayer","Controller","Lounge","PC","17a87e84-cecb-44fa-9d43-476c8ad9954f"
1928,78,"2022-02-11","09:00 PM",45,"Singleplayer","Keyboard & Mouse","Lounge","PC","17a87e84-cecb-44fa-9d43-476c8ad9954f"
1929,78,"2022-02-12","08:00 AM",45,"Singleplayer","Keyboard & Mouse","Lounge","PC","17a87e84-cecb-44fa-9d43-476c8ad9954f"
1930,78,"2022-02-12","12:00 PM",45,"Singleplayer","Keyboard & Mouse","Lounge","PC","17a87e84-cecb-44fa-9d43-476c8ad9954f"
1931,78,"2022-02-12","04:00 PM",90,"Online Multiplayer","Keyboard & Mouse","Lounge","PC","17a87e84-cecb-44fa-9d43-476c8ad9954f"
1932,78,"2022-02-12","10:00 PM",60,"Online Multiplayer","Keyboard & Mouse","Lounge","PC","17a87e84-cecb-44fa-9d43-476c8ad9954f"
1933,156,"2022-02-13","03:00 PM",90,"Online Multiplayer","Keyboard & Mouse","Lounge","PC","17a87e84-cecb-44fa-9d43-476c8ad9954f"
1934,78,"2022-02-13","05:00 PM",30,"Online Multiplayer","Keyboard & Mouse","Lounge","PC","17a87e84-cecb-44fa-9d43-476c8ad9954f"
1935,158,"2022-02-13","06:00 PM",30,"Online Multiplayer","Controller","Lounge","PC","17a87e84-cecb-44fa-9d43-476c8ad9954f"
1936,160,"2022-02-13","09:00 PM",45,"Singleplayer","Controller","Lounge","PC","17a87e84-cecb-44fa-9d43-476c8ad9954f"
1937,160,"2022-02-14","09:00 PM",60,"Singleplayer","Controller","Lounge","PC","17a87e84-cecb-44fa-9d43-476c8ad9954f"
1938,158,"2022-02-17","07:00 PM",30,"Online Multiplayer","Controller","Lounge","PC","17a87e84-cecb-44fa-9d43-476c8ad9954f"
1939,157,"2022-02-17","07:00 PM",30,"Online Multiplayer","Controller","Lounge","PC","17a87e84-cecb-44fa-9d43-476c8ad9954f"
1940,160,"2022-02-18","09:00 PM",60,"Singleplayer","Controller","Lounge","PC","17a87e84-cecb-44fa-9d43-476c8ad9954f"
1941,156,"2022-02-20","01:00 PM",60,"Online Multiplayer","Keyboard & Mouse","Lounge","PC","17a87e84-cecb-44fa-9d43-476c8ad9954f"
1942,160,"2022-02-22","08:00 PM",60,"Singleplayer","Controller","Lounge","PC","17a87e84-cecb-44fa-9d43-476c8ad9954f"
1943,156,"2022-02-23","05:00 PM",120,"Online Multiplayer","Keyboard & Mouse","Lounge","PC","17a87e84-cecb-44fa-9d43-476c8ad9954f"
1944,126,"2022-02-23","07:00 PM",45,"Online Multiplayer","Controller","Lounge","PC","17a87e84-cecb-44fa-9d43-476c8ad9954f"
1945,156,"2022-02-24","09:00 PM",90,"Online Multiplayer","Keyboard & Mouse","Lounge","PC","17a87e84-cecb-44fa-9d43-476c8ad9954f"
1946,156,"2022-02-24","06:00 PM",90,"Online Multiplayer","Keyboard & Mouse","Lounge","PC","17a87e84-cecb-44fa-9d43-476c8ad9954f"
1947,156,"2022-02-25","04:00 PM",90,"Online Multiplayer","Keyboard & Mouse","Lounge","PC","17a87e84-cecb-44fa-9d43-476c8ad9954f"
1948,156,"2022-02-25","08:00 PM",120,"Online Multiplayer","Keyboard & Mouse","Lounge","PC","17a87e84-cecb-44fa-9d43-476c8ad9954f"
1949,156,"2022-02-26","08:00 AM",90,"Online Multiplayer","Keyboard & Mouse","Lounge","PC","17a87e84-cecb-44fa-9d43-476c8ad9954f"
1950,156,"2022-02-26","03:00 PM",120,"Online Multiplayer","Keyboard & Mouse","Lounge","PC","17a87e84-cecb-44fa-9d43-476c8ad9954f"
1951,161,"2022-02-27","09:00 PM",60,"Singleplayer","Controller","Lounge","Switch","17a87e84-cecb-44fa-9d43-476c8ad9954f"
1952,161,"2022-02-28","08:00 PM",60,"Singleplayer","Controller","Lounge","Switch","17a87e84-cecb-44fa-9d43-476c8ad9954f"
1953,150,"2022-03-04","08:00 PM",90,"Online Multiplayer","Controller","Jordans","PC","17a87e84-cecb-44fa-9d43-476c8ad9954f"
1954,67,"2022-03-05","08:00 PM",90,"Local Multiplayer","Controller","Regan & Amys","Switch","17a87e84-cecb-44fa-9d43-476c8ad9954f"
1955,161,"2022-03-06","09:00 AM",60,"Singleplayer","Controller","Mum & Dads","Switch","17a87e84-cecb-44fa-9d43-476c8ad9954f"
1956,150,"2022-03-06","04:00 PM",30,"Online Multiplayer","Controller","Jordans","PC","17a87e84-cecb-44fa-9d43-476c8ad9954f"
1957,161,"2022-03-06","09:00 PM",30,"Singleplayer","Controller","Mum & Dads","Switch","17a87e84-cecb-44fa-9d43-476c8ad9954f"
1958,161,"2022-03-07","05:00 PM",60,"Singleplayer","Controller","Mum & Dads","Switch","17a87e84-cecb-44fa-9d43-476c8ad9954f"
1959,150,"2022-03-07","08:00 PM",60,"Online Multiplayer","Controller","Mum & Dads","PC","17a87e84-cecb-44fa-9d43-476c8ad9954f"
1960,161,"2022-03-08","04:00 PM",60,"Singleplayer","Controller","Mum & Dads","Switch","17a87e84-cecb-44fa-9d43-476c8ad9954f"
1961,150,"2022-03-08","09:00 PM",60,"Online Multiplayer","Controller","Mum & Dads","PC","17a87e84-cecb-44fa-9d43-476c8ad9954f"
1962,161,"2022-03-09","04:00 PM",45,"Singleplayer","Controller","Mum & Dads","Switch","17a87e84-cecb-44fa-9d43-476c8ad9954f"
1963,161,"2022-03-10","04:00 PM",60,"Singleplayer","Controller","Mum & Dads","Switch","17a87e84-cecb-44fa-9d43-476c8ad9954f"
1964,79,"2022-03-11","09:00 PM",60,"Online Multiplayer","Controller","Jordans","PC","17a87e84-cecb-44fa-9d43-476c8ad9954f"
1965,161,"2022-03-12","08:00 AM",30,"Singleplayer","Controller","Mum & Dads","Switch","17a87e84-cecb-44fa-9d43-476c8ad9954f"
1966,161,"2022-03-12","11:00 AM",45,"Singleplayer","Controller","Mum & Dads","Switch","17a87e84-cecb-44fa-9d43-476c8ad9954f"
1967,82,"2022-03-13","03:00 PM",45,"Local Multiplayer","Controller","Conor & Nats","PS4","17a87e84-cecb-44fa-9d43-476c8ad9954f"
1968,161,"2022-03-13","09:00 PM",30,"Singleplayer","Controller","Mum & Dads","Switch","17a87e84-cecb-44fa-9d43-476c8ad9954f"
1969,161,"2022-03-14","08:00 AM",90,"Singleplayer","Controller","Mum & Dads","Switch","17a87e84-cecb-44fa-9d43-476c8ad9954f"
1970,161,"2022-03-14","03:00 PM",60,"Singleplayer","Controller","Mum & Dads","Switch","17a87e84-cecb-44fa-9d43-476c8ad9954f"
1971,82,"2022-03-14","06:00 PM",75,"Local Multiplayer","Controller","Conor & Nats","PS4","17a87e84-cecb-44fa-9d43-476c8ad9954f"
1972,161,"2022-03-15","05:00 PM",60,"Singleplayer","Controller","Mum & Dads","Switch","17a87e84-cecb-44fa-9d43-476c8ad9954f"
1973,161,"2022-03-16","09:00 PM",30,"Singleplayer","Controller","Mum & Dads","Switch","17a87e84-cecb-44fa-9d43-476c8ad9954f"
1974,161,"2022-03-17","08:00 AM",90,"Singleplayer","Controller","Mum & Dads","Switch","17a87e84-cecb-44fa-9d43-476c8ad9954f"
1975,161,"2022-03-18","11:00 AM",30,"Singleplayer","Controller","Plane","Switch","17a87e84-cecb-44fa-9d43-476c8ad9954f"
1976,161,"2022-03-18","04:00 PM",60,"Singleplayer","Controller","Lounge","Switch","17a87e84-cecb-44fa-9d43-476c8ad9954f"
1977,161,"2022-03-19","07:00 AM",60,"Singleplayer","Controller","Lounge","Switch","17a87e84-cecb-44fa-9d43-476c8ad9954f"
1978,161,"2022-03-19","01:00 PM",60,"Singleplayer","Controller","Lounge","Switch","17a87e84-cecb-44fa-9d43-476c8ad9954f"
1979,150,"2022-03-19","03:00 PM",60,"Online Multiplayer","Controller","Lounge","PC","17a87e84-cecb-44fa-9d43-476c8ad9954f"
1980,161,"2022-03-19","05:00 PM",60,"Singleplayer","Controller","Lounge","Switch","17a87e84-cecb-44fa-9d43-476c8ad9954f"
1981,9,"2022-03-19","06:00 PM",60,"Online Multiplayer","Controller","Lounge","Switch","17a87e84-cecb-44fa-9d43-476c8ad9954f"
1982,161,"2022-03-20","06:00 AM",60,"Singleplayer","Controller","Lounge","Switch","17a87e84-cecb-44fa-9d43-476c8ad9954f"
1983,161,"2022-03-20","09:00 AM",60,"Singleplayer","Controller","Lounge","Switch","17a87e84-cecb-44fa-9d43-476c8ad9954f"
1984,150,"2022-03-20","11:00 AM",30,"Online Multiplayer","Controller","Lounge","PC","17a87e84-cecb-44fa-9d43-476c8ad9954f"
1985,150,"2022-03-20","05:00 PM",45,"Online Multiplayer","Controller","Lounge","PC","17a87e84-cecb-44fa-9d43-476c8ad9954f"
1986,161,"2022-03-21","05:00 PM",30,"Singleplayer","Controller","Lounge","Switch","17a87e84-cecb-44fa-9d43-476c8ad9954f"
1987,150,"2022-03-21","08:00 PM",45,"Online Multiplayer","Controller","Lounge","PC","17a87e84-cecb-44fa-9d43-476c8ad9954f"
1988,150,"2022-03-24","06:00 PM",90,"Online Multiplayer","Controller","Lounge","PC","17a87e84-cecb-44fa-9d43-476c8ad9954f"
1989,161,"2022-03-24","08:00 PM",60,"Singleplayer","Controller","Lounge","Switch","17a87e84-cecb-44fa-9d43-476c8ad9954f"
1990,150,"2022-03-25","07:00 AM",45,"Online Multiplayer","Controller","Lounge","PC","17a87e84-cecb-44fa-9d43-476c8ad9954f"
1991,161,"2022-03-26","03:00 PM",45,"Singleplayer","Controller","Lounge","Switch","17a87e84-cecb-44fa-9d43-476c8ad9954f"
1992,150,"2022-03-26","04:00 PM",60,"Online Multiplayer","Controller","Lounge","PC","17a87e84-cecb-44fa-9d43-476c8ad9954f"
1993,150,"2022-03-26","08:00 PM",75,"Online Multiplayer","Controller","Lounge","PC","17a87e84-cecb-44fa-9d43-476c8ad9954f"
1994,161,"2022-03-27","07:00 AM",60,"Singleplayer","Controller","Lounge","Switch","17a87e84-cecb-44fa-9d43-476c8ad9954f"
1995,150,"2022-03-27","01:00 PM",45,"Online Multiplayer","Controller","Lounge","PC","17a87e84-cecb-44fa-9d43-476c8ad9954f"
1996,150,"2022-03-27","08:00 PM",60,"Online Multiplayer","Controller","Lounge","PC","17a87e84-cecb-44fa-9d43-476c8ad9954f"
1997,161,"2022-03-28","05:00 PM",15,"Singleplayer","Controller","Lounge","Switch","17a87e84-cecb-44fa-9d43-476c8ad9954f"
1998,150,"2022-03-28","06:00 PM",60,"Online Multiplayer","Controller","Lounge","PC","17a87e84-cecb-44fa-9d43-476c8ad9954f"
1999,162,"2022-03-30","04:00 PM",60,"Singleplayer","Controller","Lounge","PS4","17a87e84-cecb-44fa-9d43-476c8ad9954f"
2000,162,"2022-03-31","09:00 PM",60,"Singleplayer","Controller","Lounge","PS4","17a87e84-cecb-44fa-9d43-476c8ad9954f"
2001,150,"2022-03-31","06:00 PM",90,"Online Multiplayer","Controller","Lounge","PC","17a87e84-cecb-44fa-9d43-476c8ad9954f"
2002,162,"2022-03-31","09:00 PM",75,"Singleplayer","Controller","Lounge","PS4","17a87e84-cecb-44fa-9d43-476c8ad9954f"
2003,162,"2022-04-01","12:00 PM",45,"Singleplayer","Controller","Lounge","PS4","17a87e84-cecb-44fa-9d43-476c8ad9954f"
2004,162,"2022-04-01","04:00 PM",60,"Singleplayer","Controller","Lounge","PS4","17a87e84-cecb-44fa-9d43-476c8ad9954f"
2005,150,"2022-04-01","05:00 PM",60,"Online Multiplayer","Controller","Lounge","PC","17a87e84-cecb-44fa-9d43-476c8ad9954f"
2006,162,"2022-04-01","09:00 PM",45,"Singleplayer","Controller","Lounge","PS4","17a87e84-cecb-44fa-9d43-476c8ad9954f"
2007,162,"2022-04-02","12:00 PM",60,"Singleplayer","Controller","Lounge","PS4","17a87e84-cecb-44fa-9d43-476c8ad9954f"
2008,162,"2022-04-03","08:00 AM",60,"Singleplayer","Controller","Lounge","PS4","17a87e84-cecb-44fa-9d43-476c8ad9954f"
2009,126,"2022-04-03","06:00 PM",60,"Online Multiplayer","Controller","Lounge","PC","17a87e84-cecb-44fa-9d43-476c8ad9954f"
2010,162,"2022-04-03","09:00 PM",60,"Singleplayer","Controller","Lounge","PS4","17a87e84-cecb-44fa-9d43-476c8ad9954f"
2011,162,"2022-04-04","08:00 PM",90,"Singleplayer","Controller","Lounge","PS4","17a87e84-cecb-44fa-9d43-476c8ad9954f"
2012,162,"2022-04-05","05:00 PM",15,"Singleplayer","Controller","Lounge","PS4","17a87e84-cecb-44fa-9d43-476c8ad9954f"
2013,162,"2022-04-05","09:00 PM",45,"Singleplayer","Controller","Lounge","PS4","17a87e84-cecb-44fa-9d43-476c8ad9954f"
2014,162,"2022-04-06","09:00 PM",45,"Singleplayer","Controller","Lounge","PS4","17a87e84-cecb-44fa-9d43-476c8ad9954f"
2015,162,"2022-04-07","06:00 PM",120,"Online Multiplayer","Controller","Lounge","PS4","17a87e84-cecb-44fa-9d43-476c8ad9954f"
2016,162,"2022-04-07","09:00 PM",75,"Singleplayer","Controller","Lounge","PS4","17a87e84-cecb-44fa-9d43-476c8ad9954f"
2017,150,"2022-04-08","09:00 PM",120,"Online Multiplayer","Controller","Lounge","PC","17a87e84-cecb-44fa-9d43-476c8ad9954f"
2018,162,"2022-04-09","09:00 PM",60,"Singleplayer","Controller","Lounge","PS4","17a87e84-cecb-44fa-9d43-476c8ad9954f"
2019,156,"2022-04-10","08:00 AM",60,"Online Multiplayer","Keyboard & Mouse","Lounge","PC","17a87e84-cecb-44fa-9d43-476c8ad9954f"
2020,162,"2022-04-10","09:00 PM",60,"Singleplayer","Controller","Lounge","PS4","17a87e84-cecb-44fa-9d43-476c8ad9954f"
2021,162,"2022-04-12","09:00 PM",30,"Singleplayer","Controller","Lounge","PS4","17a87e84-cecb-44fa-9d43-476c8ad9954f"
2022,150,"2022-04-15","06:00 PM",120,"Online Multiplayer","Controller","Lounge","PC","17a87e84-cecb-44fa-9d43-476c8ad9954f"
2023,162,"2022-04-19","02:00 PM",60,"Singleplayer","Controller","Lounge","PS4","17a87e84-cecb-44fa-9d43-476c8ad9954f"
2024,150,"2022-04-19","06:00 PM",90,"Online Multiplayer","Controller","Lounge","PC","17a87e84-cecb-44fa-9d43-476c8ad9954f"
2025,162,"2022-04-19","09:00 PM",30,"Singleplayer","Controller","Lounge","PS4","17a87e84-cecb-44fa-9d43-476c8ad9954f"
2026,162,"2022-04-20","05:00 PM",90,"Online Multiplayer","Controller","Lounge","PS4","17a87e84-cecb-44fa-9d43-476c8ad9954f"
2027,162,"2022-04-20","08:00 PM",60,"Singleplayer","Controller","Lounge","PS4","17a87e84-cecb-44fa-9d43-476c8ad9954f"
2028,162,"2022-04-21","05:00 PM",75,"Singleplayer","Controller","Lounge","PS4","17a87e84-cecb-44fa-9d43-476c8ad9954f"
2029,126,"2022-04-21","06:00 PM",45,"Singleplayer","Controller","Lounge","PC","17a87e84-cecb-44fa-9d43-476c8ad9954f"
2030,162,"2022-04-21","09:00 PM",60,"Singleplayer","Controller","Lounge","PS4","17a87e84-cecb-44fa-9d43-476c8ad9954f"
2031,162,"2022-04-22","04:00 PM",120,"Singleplayer","Controller","Lounge","PS4","17a87e84-cecb-44fa-9d43-476c8ad9954f"
2032,162,"2022-04-22","09:00 PM",30,"Singleplayer","Controller","Lounge","PS4","17a87e84-cecb-44fa-9d43-476c8ad9954f"
2033,162,"2022-04-23","01:00 PM",60,"Singleplayer","Controller","Lounge","PS4","17a87e84-cecb-44fa-9d43-476c8ad9954f"
2034,162,"2022-04-24","08:00 AM",60,"Singleplayer","Controller","Lounge","PS4","17a87e84-cecb-44fa-9d43-476c8ad9954f"
2035,162,"2022-04-24","02:00 PM",45,"Singleplayer","Controller","Lounge","PS4","17a87e84-cecb-44fa-9d43-476c8ad9954f"
2036,162,"2022-04-24","04:00 PM",30,"Singleplayer","Controller","Lounge","PS4","17a87e84-cecb-44fa-9d43-476c8ad9954f"
2037,162,"2022-04-24","06:00 PM",150,"Online Multiplayer","Controller","Lounge","PS4","17a87e84-cecb-44fa-9d43-476c8ad9954f"
2038,162,"2022-04-25","09:00 AM",120,"Online Multiplayer","Controller","Lounge","PS4","17a87e84-cecb-44fa-9d43-476c8ad9954f"
2039,156,"2022-04-25","01:00 PM",90,"Online Multiplayer","Keyboard & Mouse","Lounge","PC","17a87e84-cecb-44fa-9d43-476c8ad9954f"
2040,162,"2022-04-25","04:00 PM",30,"Singleplayer","Controller","Lounge","PS4","17a87e84-cecb-44fa-9d43-476c8ad9954f"
2041,126,"2022-04-25","05:00 PM",30,"Online Multiplayer","Controller","Lounge","PC","17a87e84-cecb-44fa-9d43-476c8ad9954f"
2042,157,"2022-04-25","07:00 PM",30,"Online Multiplayer","Controller","Lounge","PC","17a87e84-cecb-44fa-9d43-476c8ad9954f"
2043,157,"2022-04-25","07:00 PM",30,"Online Multiplayer","Controller","Lounge","PC","17a87e84-cecb-44fa-9d43-476c8ad9954f"
2044,126,"2022-04-28","06:00 PM",60,"Online Multiplayer","Controller","Lounge","PC","17a87e84-cecb-44fa-9d43-476c8ad9954f"
2045,163,"2022-04-30","08:00 AM",60,"Singleplayer","Controller","Lounge","PS4","17a87e84-cecb-44fa-9d43-476c8ad9954f"
2046,163,"2022-04-30","05:00 PM",45,"Singleplayer","Controller","Lounge","PS4","17a87e84-cecb-44fa-9d43-476c8ad9954f"
2047,126,"2022-04-30","06:00 PM",45,"Online Multiplayer","Controller","Lounge","PC","17a87e84-cecb-44fa-9d43-476c8ad9954f"
2048,163,"2022-05-01","09:00 AM",60,"Singleplayer","Controller","Lounge","PS4","17a87e84-cecb-44fa-9d43-476c8ad9954f"
2049,163,"2022-05-02","04:00 PM",60,"Singleplayer","Controller","Lounge","PS4","17a87e84-cecb-44fa-9d43-476c8ad9954f"
2050,126,"2022-05-03","06:00 PM",60,"Online Multiplayer","Controller","Lounge","PC","17a87e84-cecb-44fa-9d43-476c8ad9954f"
2051,163,"2022-05-03","08:00 PM",60,"Singleplayer","Controller","Lounge","PS4","17a87e84-cecb-44fa-9d43-476c8ad9954f"
2052,163,"2022-05-05","05:00 PM",30,"Singleplayer","Controller","Lounge","PS4","17a87e84-cecb-44fa-9d43-476c8ad9954f"
2053,126,"2022-05-05","06:00 PM",60,"Online Multiplayer","Controller","Lounge","PC","17a87e84-cecb-44fa-9d43-476c8ad9954f"
2054,163,"2022-05-05","08:00 PM",60,"Singleplayer","Controller","Lounge","PS4","17a87e84-cecb-44fa-9d43-476c8ad9954f"
2055,163,"2022-05-07","09:00 PM",75,"Singleplayer","Controller","Lounge","PS4","17a87e84-cecb-44fa-9d43-476c8ad9954f"
2056,156,"2022-05-07","01:00 PM",90,"Online Multiplayer","Keyboard & Mouse","Lounge","PC","17a87e84-cecb-44fa-9d43-476c8ad9954f"
2057,126,"2022-05-07","07:00 PM",60,"Online Multiplayer","Controller","Lounge","PC","17a87e84-cecb-44fa-9d43-476c8ad9954f"
2058,163,"2022-05-07","09:00 PM",45,"Singleplayer","Controller","Lounge","PS4","17a87e84-cecb-44fa-9d43-476c8ad9954f"
2059,163,"2022-05-08","09:00 AM",60,"Singleplayer","Controller","Lounge","PS4","17a87e84-cecb-44fa-9d43-476c8ad9954f"
2060,163,"2022-05-08","08:00 PM",60,"Singleplayer","Controller","Lounge","PS4","17a87e84-cecb-44fa-9d43-476c8ad9954f"
2061,126,"2022-05-10","05:00 PM",60,"Online Multiplayer","Controller","Lounge","PC","17a87e84-cecb-44fa-9d43-476c8ad9954f"
2062,163,"2022-05-10","09:00 PM",60,"Singleplayer","Controller","Lounge","PS4","17a87e84-cecb-44fa-9d43-476c8ad9954f"
2063,126,"2022-05-11","05:00 PM",45,"Online Multiplayer","Controller","Lounge","PC","17a87e84-cecb-44fa-9d43-476c8ad9954f"
2064,163,"2022-05-11","09:00 PM",60,"Singleplayer","Controller","Lounge","PS4","17a87e84-cecb-44fa-9d43-476c8ad9954f"
2065,163,"2022-05-13","04:00 PM",60,"Singleplayer","Controller","Lounge","PS4","17a87e84-cecb-44fa-9d43-476c8ad9954f"
2066,163,"2022-05-14","07:00 AM",60,"Singleplayer","Controller","Lounge","PS4","17a87e84-cecb-44fa-9d43-476c8ad9954f"
2067,164,"2022-05-14","01:00 AM",30,"Singleplayer","Controller","Lounge","PS4","17a87e84-cecb-44fa-9d43-476c8ad9954f"
2068,163,"2022-05-14","02:00 PM",60,"Singleplayer","Controller","Lounge","PS4","17a87e84-cecb-44fa-9d43-476c8ad9954f"
2069,163,"2022-05-15","08:00 AM",60,"Singleplayer","Controller","Lounge","PS4","17a87e84-cecb-44fa-9d43-476c8ad9954f"
2070,163,"2022-05-15","04:00 PM",45,"Singleplayer","Controller","Lounge","PS4","17a87e84-cecb-44fa-9d43-476c8ad9954f"
2071,164,"2022-05-15","08:00 PM",60,"Singleplayer","Controller","Lounge","PS4","17a87e84-cecb-44fa-9d43-476c8ad9954f"
2072,126,"2022-05-19","06:00 PM",90,"Online Multiplayer","Controller","Lounge","PC","17a87e84-cecb-44fa-9d43-476c8ad9954f"
2073,163,"2022-05-20","09:00 PM",75,"Singleplayer","Controller","Lounge","PS4","17a87e84-cecb-44fa-9d43-476c8ad9954f"
2074,163,"2022-05-21","07:00 AM",30,"Singleplayer","Controller","Lounge","PS4","17a87e84-cecb-44fa-9d43-476c8ad9954f"
2075,156,"2022-05-22","03:00 PM",90,"Online Multiplayer","Keyboard & Mouse","Lounge","PC","17a87e84-cecb-44fa-9d43-476c8ad9954f"
2076,126,"2022-05-22","06:00 PM",90,"Online Multiplayer","Controller","Lounge","PC","17a87e84-cecb-44fa-9d43-476c8ad9954f"
2077,163,"2022-05-23","08:00 AM",60,"Singleplayer","Controller","Lounge","PS4","17a87e84-cecb-44fa-9d43-476c8ad9954f"
2078,163,"2022-05-24","09:00 PM",60,"Singleplayer","Controller","Lounge","PS4","17a87e84-cecb-44fa-9d43-476c8ad9954f"
2079,126,"2022-05-25","06:00 PM",60,"Online Multiplayer","Controller","Lounge","PC","17a87e84-cecb-44fa-9d43-476c8ad9954f"
2080,163,"2022-05-25","07:00 PM",60,"Singleplayer","Controller","Lounge","PS4","17a87e84-cecb-44fa-9d43-476c8ad9954f"
2081,9,"2022-05-26","06:00 PM",60,"Online Multiplayer","Controller","Lounge","Switch","17a87e84-cecb-44fa-9d43-476c8ad9954f"
2082,126,"2022-05-26","07:00 PM",45,"Online Multiplayer","Controller","Lounge","PC","17a87e84-cecb-44fa-9d43-476c8ad9954f"
2083,163,"2022-05-26","09:00 PM",60,"Singleplayer","Controller","Lounge","PS4","17a87e84-cecb-44fa-9d43-476c8ad9954f"
2084,163,"2022-05-28","07:00 AM",60,"Singleplayer","Controller","Lounge","PS4","17a87e84-cecb-44fa-9d43-476c8ad9954f"
2085,163,"2022-05-28","03:00 PM",60,"Singleplayer","Controller","Lounge","PS4","17a87e84-cecb-44fa-9d43-476c8ad9954f"
2086,156,"2022-05-29","11:00 AM",60,"Online Multiplayer","Keyboard & Mouse","Lounge","PC","17a87e84-cecb-44fa-9d43-476c8ad9954f"
2087,163,"2022-05-29","05:00 PM",60,"Singleplayer","Controller","Lounge","PS4","17a87e84-cecb-44fa-9d43-476c8ad9954f"
2088,164,"2022-06-01","05:00 PM",30,"Singleplayer","Controller","Lounge","PS4","17a87e84-cecb-44fa-9d43-476c8ad9954f"
2089,126,"2022-06-01","08:00 PM",45,"Online Multiplayer","Controller","Lounge","PC","17a87e84-cecb-44fa-9d43-476c8ad9954f"
2090,164,"2022-06-02","09:00 PM",15,"Singleplayer","Controller","Lounge","PS4","17a87e84-cecb-44fa-9d43-476c8ad9954f"
2091,164,"2022-06-03","09:00 PM",45,"Singleplayer","Controller","Lounge","PS4","17a87e84-cecb-44fa-9d43-476c8ad9954f"
2092,164,"2022-06-04","08:00 AM",45,"Singleplayer","Controller","Lounge","PS4","17a87e84-cecb-44fa-9d43-476c8ad9954f"
2093,156,"2022-06-04","01:00 PM",135,"Online Multiplayer","Keyboard & Mouse","Lounge","PC","17a87e84-cecb-44fa-9d43-476c8ad9954f"
2094,164,"2022-06-05","07:00 AM",30,"Singleplayer","Controller","Lounge","PS4","17a87e84-cecb-44fa-9d43-476c8ad9954f"
2095,164,"2022-06-05","10:00 AM",30,"Singleplayer","Controller","Lounge","PS4","17a87e84-cecb-44fa-9d43-476c8ad9954f"
2096,106,"2022-06-05","01:00 PM",60,"Online Multiplayer","Controller","Lounge","PC","17a87e84-cecb-44fa-9d43-476c8ad9954f"
2097,164,"2022-06-05","06:00 PM",30,"Singleplayer","Controller","Lounge","PS4","17a87e84-cecb-44fa-9d43-476c8ad9954f"
2098,164,"2022-06-06","05:00 PM",30,"Singleplayer","Controller","Lounge","PS4","17a87e84-cecb-44fa-9d43-476c8ad9954f"
2099,164,"2022-06-06","08:00 PM",30,"Singleplayer","Controller","Lounge","PS4","17a87e84-cecb-44fa-9d43-476c8ad9954f"
2100,164,"2022-06-07","05:00 PM",30,"Singleplayer","Controller","Lounge","PS4","17a87e84-cecb-44fa-9d43-476c8ad9954f"
2101,126,"2022-06-07","07:00 PM",60,"Online Multiplayer","Controller","Lounge","PC","17a87e84-cecb-44fa-9d43-476c8ad9954f"
2102,164,"2022-06-07","09:00 PM",30,"Singleplayer","Controller","Lounge","PS4","17a87e84-cecb-44fa-9d43-476c8ad9954f"
2103,156,"2022-06-08","05:00 PM",75,"Online Multiplayer","Keyboard & Mouse","Lounge","PC","17a87e84-cecb-44fa-9d43-476c8ad9954f"
2104,164,"2022-06-08","09:00 PM",45,"Singleplayer","Controller","Lounge","PS4","17a87e84-cecb-44fa-9d43-476c8ad9954f"
2105,164,"2022-06-09","04:00 PM",45,"Singleplayer","Controller","Lounge","PS4","17a87e84-cecb-44fa-9d43-476c8ad9954f"
2106,126,"2022-06-09","07:00 PM",60,"Online Multiplayer","Controller","Lounge","PC","17a87e84-cecb-44fa-9d43-476c8ad9954f"
2107,164,"2022-06-09","09:00 PM",30,"Singleplayer","Controller","Lounge","PS4","17a87e84-cecb-44fa-9d43-476c8ad9954f"
2108,164,"2022-06-12","08:00 AM",45,"Singleplayer","Controller","Lounge","PS4","17a87e84-cecb-44fa-9d43-476c8ad9954f"
2109,164,"2022-06-12","07:00 PM",15,"Singleplayer","Controller","Lounge","PS4","17a87e84-cecb-44fa-9d43-476c8ad9954f"
2110,156,"2022-06-12","08:00 PM",90,"Online Multiplayer","Keyboard & Mouse","Lounge","PC","17a87e84-cecb-44fa-9d43-476c8ad9954f"
2111,164,"2022-06-14","07:00 AM",15,"Singleplayer","Controller","Lounge","PS4","17a87e84-cecb-44fa-9d43-476c8ad9954f"
2112,164,"2022-06-14","12:00 PM",30,"Singleplayer","Controller","Lounge","PS4","17a87e84-cecb-44fa-9d43-476c8ad9954f"
2113,164,"2022-06-14","04:00 PM",30,"Singleplayer","Controller","Lounge","PS4","17a87e84-cecb-44fa-9d43-476c8ad9954f"
2114,126,"2022-06-14","06:00 PM",60,"Online Multiplayer","Controller","Lounge","PC","17a87e84-cecb-44fa-9d43-476c8ad9954f"
2115,156,"2022-06-15","05:00 PM",75,"Online Multiplayer","Keyboard & Mouse","Lounge","PC","17a87e84-cecb-44fa-9d43-476c8ad9954f"
2116,164,"2022-06-16","12:00 PM",30,"Singleplayer","Controller","Lounge","PS4","17a87e84-cecb-44fa-9d43-476c8ad9954f"
2117,164,"2022-06-16","04:00 PM",30,"Singleplayer","Controller","Lounge","PS4","17a87e84-cecb-44fa-9d43-476c8ad9954f"
2118,150,"2022-06-16","06:00 PM",120,"Online Multiplayer","Controller","Lounge","PC","17a87e84-cecb-44fa-9d43-476c8ad9954f"
2119,164,"2022-06-18","08:00 AM",30,"Singleplayer","Controller","Lounge","PS4","17a87e84-cecb-44fa-9d43-476c8ad9954f"
2120,164,"2022-06-18","02:00 PM",30,"Singleplayer","Controller","Lounge","PS4","17a87e84-cecb-44fa-9d43-476c8ad9954f"
2121,164,"2022-06-18","09:00 PM",30,"Singleplayer","Controller","Lounge","PS4","17a87e84-cecb-44fa-9d43-476c8ad9954f"
2122,165,"2022-06-19","01:00 PM",30,"Online Multiplayer","Controller","Lounge","PC","17a87e84-cecb-44fa-9d43-476c8ad9954f"
2123,166,"2022-06-19","01:00 PM",45,"Online Multiplayer","Controller","Lounge","PC","17a87e84-cecb-44fa-9d43-476c8ad9954f"
2124,156,"2022-06-19","02:00 PM",75,"Online Multiplayer","Keyboard & Mouse","Lounge","PC","17a87e84-cecb-44fa-9d43-476c8ad9954f"
2125,165,"2022-06-20","05:00 PM",60,"Online Multiplayer","Controller","Lounge","PC","17a87e84-cecb-44fa-9d43-476c8ad9954f"
2126,156,"2022-06-20","06:00 PM",60,"Online Multiplayer","Keyboard & Mouse","Lounge","PC","17a87e84-cecb-44fa-9d43-476c8ad9954f"
2127,150,"2022-06-21","06:00 PM",60,"Online Multiplayer","Controller","Lounge","PC","17a87e84-cecb-44fa-9d43-476c8ad9954f"
2128,165,"2022-06-21","07:00 PM",30,"Online Multiplayer","Controller","Lounge","PC","17a87e84-cecb-44fa-9d43-476c8ad9954f"
2129,126,"2022-06-22","05:00 PM",30,"Online Multiplayer","Controller","Lounge","PC","17a87e84-cecb-44fa-9d43-476c8ad9954f"
2130,126,"2022-06-23","06:00 PM",30,"Online Multiplayer","Controller","Lounge","PC","17a87e84-cecb-44fa-9d43-476c8ad9954f"
2131,150,"2022-06-23","07:00 PM",120,"Online Multiplayer","Controller","Lounge","PC","17a87e84-cecb-44fa-9d43-476c8ad9954f"
2132,150,"2022-06-30","06:00 PM",120,"Online Multiplayer","Controller","Lounge","PC","17a87e84-cecb-44fa-9d43-476c8ad9954f"
2133,167,"2022-07-01","05:00 PM",15,"Singleplayer","Keyboard & Mouse","Lounge","PC","17a87e84-cecb-44fa-9d43-476c8ad9954f"
2134,167,"2022-07-02","05:00 PM",30,"Singleplayer","Keyboard & Mouse","Lounge","PC","17a87e84-cecb-44fa-9d43-476c8ad9954f"
2135,167,"2022-07-03","11:00 AM",15,"Singleplayer","Keyboard & Mouse","Lounge","PC","17a87e84-cecb-44fa-9d43-476c8ad9954f"
2136,126,"2022-07-03","07:00 PM",30,"Online Multiplayer","Controller","Lounge","PC","17a87e84-cecb-44fa-9d43-476c8ad9954f"
2137,150,"2022-07-06","05:00 PM",60,"Online Multiplayer","Controller","Lounge","PC","17a87e84-cecb-44fa-9d43-476c8ad9954f"
2138,166,"2022-07-14","05:00 PM",90,"Online Multiplayer","Controller","Lounge","PC","17a87e84-cecb-44fa-9d43-476c8ad9954f"
2139,150,"2022-07-17","06:00 PM",120,"Online Multiplayer","Controller","Lounge","PC","17a87e84-cecb-44fa-9d43-476c8ad9954f"
2140,150,"2022-07-21","06:00 PM",60,"Online Multiplayer","Controller","Lounge","PC","17a87e84-cecb-44fa-9d43-476c8ad9954f"
2141,168,"2022-07-21","09:00 PM",30,"Singleplayer","Controller","Lounge","PC","17a87e84-cecb-44fa-9d43-476c8ad9954f"
2142,168,"2022-07-22","04:00 PM",30,"Singleplayer","Controller","Lounge","PC","17a87e84-cecb-44fa-9d43-476c8ad9954f"
2143,150,"2022-07-22","06:00 PM",30,"Online Multiplayer","Controller","Lounge","PC","17a87e84-cecb-44fa-9d43-476c8ad9954f"
2144,169,"2022-07-22","07:00 PM",45,"Singleplayer","Keyboard & Mouse","Lounge","PC","17a87e84-cecb-44fa-9d43-476c8ad9954f"
2145,150,"2022-07-22","09:00 PM",75,"Online Multiplayer","Controller","Lounge","PC","17a87e84-cecb-44fa-9d43-476c8ad9954f"
2146,150,"2022-07-23","05:00 PM",75,"Online Multiplayer","Controller","Lounge","PC","17a87e84-cecb-44fa-9d43-476c8ad9954f"
2147,156,"2022-07-24","11:00 AM",90,"Online Multiplayer","Keyboard & Mouse","Lounge","PC","17a87e84-cecb-44fa-9d43-476c8ad9954f"
2148,168,"2022-07-25","05:00 PM",30,"Singleplayer","Controller","Lounge","PC","17a87e84-cecb-44fa-9d43-476c8ad9954f"
2149,170,"2022-07-28","04:00 PM",75,"Online Multiplayer","Controller","Lounge","PS4","17a87e84-cecb-44fa-9d43-476c8ad9954f"
2150,150,"2022-07-28","07:00 PM",90,"Online Multiplayer","Controller","Lounge","PC","17a87e84-cecb-44fa-9d43-476c8ad9954f"
2151,156,"2022-07-31","10:00 AM",90,"Online Multiplayer","Keyboard & Mouse","Lounge","PC","17a87e84-cecb-44fa-9d43-476c8ad9954f"
2152,150,"2022-07-31","05:00 PM",75,"Online Multiplayer","Controller","Lounge","PC","17a87e84-cecb-44fa-9d43-476c8ad9954f"
2153,150,"2022-08-05","04:00 PM",60,"Singleplayer","Controller","Hotel","PC","17a87e84-cecb-44fa-9d43-476c8ad9954f"
2154,171,"2022-08-06","09:00 AM",30,"Singleplayer","Controller","Hotel","PC","17a87e84-cecb-44fa-9d43-476c8ad9954f"
2155,171,"2022-08-06","03:00 PM",15,"Singleplayer","Controller","Hotel","PC","17a87e84-cecb-44fa-9d43-476c8ad9954f"
2156,150,"2022-08-06","04:00 PM",60,"Singleplayer","Controller","Hotel","PC","17a87e84-cecb-44fa-9d43-476c8ad9954f"
2157,171,"2022-08-07","09:00 AM",30,"Singleplayer","Controller","Hotel","PC","17a87e84-cecb-44fa-9d43-476c8ad9954f"
2158,156,"2022-08-14","12:00 PM",90,"Online Multiplayer","Keyboard & Mouse","Lounge","PC","17a87e84-cecb-44fa-9d43-476c8ad9954f"
2159,171,"2022-08-14","06:00 PM",30,"Singleplayer","Controller","Lounge","PC","17a87e84-cecb-44fa-9d43-476c8ad9954f"
2160,172,"2022-08-14","09:00 PM",60,"Singleplayer","Controller","Lounge","PS4","17a87e84-cecb-44fa-9d43-476c8ad9954f"
2161,172,"2022-08-15","09:00 PM",60,"Singleplayer","Controller","Lounge","PS4","17a87e84-cecb-44fa-9d43-476c8ad9954f"
2162,172,"2022-08-16","08:00 PM",75,"Singleplayer","Controller","Lounge","PS4","17a87e84-cecb-44fa-9d43-476c8ad9954f"
2163,172,"2022-08-17","08:00 AM",75,"Singleplayer","Controller","Lounge","PS4","17a87e84-cecb-44fa-9d43-476c8ad9954f"
2164,172,"2022-08-17","01:00 PM",60,"Singleplayer","Controller","Lounge","PS4","17a87e84-cecb-44fa-9d43-476c8ad9954f"
2165,172,"2022-08-17","08:00 PM",60,"Singleplayer","Controller","Lounge","PS4","17a87e84-cecb-44fa-9d43-476c8ad9954f"
2166,172,"2022-08-18","08:00 AM",60,"Singleplayer","Controller","Lounge","PS4","17a87e84-cecb-44fa-9d43-476c8ad9954f"
2167,172,"2022-08-18","03:00 PM",60,"Singleplayer","Controller","Lounge","PS4","17a87e84-cecb-44fa-9d43-476c8ad9954f"
2168,150,"2022-08-18","06:00 PM",120,"Online Multiplayer","Controller","Lounge","PC","17a87e84-cecb-44fa-9d43-476c8ad9954f"
2169,172,"2022-08-19","12:00 PM",30,"Singleplayer","Controller","Lounge","PS4","17a87e84-cecb-44fa-9d43-476c8ad9954f"
2170,172,"2022-08-22","09:00 PM",30,"Singleplayer","Controller","Lounge","PS4","17a87e84-cecb-44fa-9d43-476c8ad9954f"
2171,172,"2022-08-24","10:00 AM",75,"Singleplayer","Controller","Lounge","PS4","17a87e84-cecb-44fa-9d43-476c8ad9954f"
2172,172,"2022-08-24","04:00 PM",60,"Singleplayer","Controller","Lounge","PS4","17a87e84-cecb-44fa-9d43-476c8ad9954f"
2173,156,"2022-08-24","05:00 PM",90,"Online Multiplayer","Keyboard & Mouse","Lounge","PC","17a87e84-cecb-44fa-9d43-476c8ad9954f"
2174,172,"2022-08-25","06:00 PM",75,"Singleplayer","Controller","Lounge","PS4","17a87e84-cecb-44fa-9d43-476c8ad9954f"
2175,172,"2022-08-26","05:00 PM",60,"Singleplayer","Controller","Lounge","PS4","17a87e84-cecb-44fa-9d43-476c8ad9954f"
2176,172,"2022-08-27","07:00 AM",75,"Singleplayer","Controller","Lounge","PS4","17a87e84-cecb-44fa-9d43-476c8ad9954f"
2177,172,"2022-08-27","01:00 PM",60,"Singleplayer","Controller","Lounge","PS4","17a87e84-cecb-44fa-9d43-476c8ad9954f"
2178,172,"2022-08-27","07:00 PM",30,"Singleplayer","Controller","Lounge","PS4","17a87e84-cecb-44fa-9d43-476c8ad9954f"
2179,172,"2022-08-28","07:00 AM",45,"Singleplayer","Controller","Lounge","PS4","17a87e84-cecb-44fa-9d43-476c8ad9954f"
2180,156,"2022-08-28","11:00 AM",90,"Online Multiplayer","Keyboard & Mouse","Lounge","PC","17a87e84-cecb-44fa-9d43-476c8ad9954f"
2181,172,"2022-08-28","03:00 PM",30,"Singleplayer","Controller","Lounge","PS4","17a87e84-cecb-44fa-9d43-476c8ad9954f"
2182,172,"2022-08-28","08:00 PM",45,"Singleplayer","Controller","Lounge","PS4","17a87e84-cecb-44fa-9d43-476c8ad9954f"
2183,172,"2022-08-29","05:00 PM",75,"Singleplayer","Controller","Lounge","PS4","17a87e84-cecb-44fa-9d43-476c8ad9954f"
2184,172,"2022-08-30","09:00 PM",45,"Singleplayer","Controller","Lounge","PS4","17a87e84-cecb-44fa-9d43-476c8ad9954f"
2185,172,"2022-09-02","04:00 PM",75,"Singleplayer","Controller","Lounge","PS4","17a87e84-cecb-44fa-9d43-476c8ad9954f"
2186,172,"2022-09-02","09:00 PM",60,"Singleplayer","Controller","Lounge","PS4","17a87e84-cecb-44fa-9d43-476c8ad9954f"
2187,172,"2022-09-03","08:00 AM",60,"Singleplayer","Controller","Lounge","PS4","17a87e84-cecb-44fa-9d43-476c8ad9954f"
2188,172,"2022-09-03","03:00 PM",60,"Singleplayer","Controller","Lounge","PS4","17a87e84-cecb-44fa-9d43-476c8ad9954f"
2189,172,"2022-09-04","09:00 AM",75,"Singleplayer","Controller","Lounge","PS4","17a87e84-cecb-44fa-9d43-476c8ad9954f"
2190,150,"2022-09-04","07:00 PM",90,"Online Multiplayer","Controller","Lounge","PC","17a87e84-cecb-44fa-9d43-476c8ad9954f"
2191,172,"2022-09-04","09:00 PM",30,"Singleplayer","Controller","Lounge","PS4","17a87e84-cecb-44fa-9d43-476c8ad9954f"
2192,172,"2022-09-05","04:00 PM",60,"Singleplayer","Controller","Lounge","PS4","17a87e84-cecb-44fa-9d43-476c8ad9954f"
2193,172,"2022-09-07","04:00 PM",60,"Singleplayer","Controller","Lounge","PS4","17a87e84-cecb-44fa-9d43-476c8ad9954f"
2194,150,"2022-09-09","06:00 PM",120,"Online Multiplayer","Controller","Lounge","PC","17a87e84-cecb-44fa-9d43-476c8ad9954f"
2195,172,"2022-09-10","08:00 AM",75,"Singleplayer","Controller","Lounge","PS4","17a87e84-cecb-44fa-9d43-476c8ad9954f"
2196,172,"2022-09-10","04:00 PM",90,"Singleplayer","Controller","Lounge","PS4","17a87e84-cecb-44fa-9d43-476c8ad9954f"
2197,172,"2022-09-11","08:00 AM",90,"Singleplayer","Controller","Lounge","PS4","17a87e84-cecb-44fa-9d43-476c8ad9954f"
2198,156,"2022-09-11","12:00 PM",75,"Online Multiplayer","Keyboard & Mouse","Lounge","PC","17a87e84-cecb-44fa-9d43-476c8ad9954f"
2199,172,"2022-09-12","06:00 PM",75,"Singleplayer","Controller","Lounge","PS4","17a87e84-cecb-44fa-9d43-476c8ad9954f"
2200,150,"2022-09-12","08:00 PM",90,"Online Multiplayer","Controller","Lounge","PC","17a87e84-cecb-44fa-9d43-476c8ad9954f"
2201,150,"2022-09-13","07:00 PM",90,"Online Multiplayer","Controller","Lounge","PC","17a87e84-cecb-44fa-9d43-476c8ad9954f"
2202,172,"2022-09-13","09:00 PM",60,"Singleplayer","Controller","Lounge","PS4","17a87e84-cecb-44fa-9d43-476c8ad9954f"
2203,150,"2022-09-14","06:00 PM",60,"Online Multiplayer","Controller","Lounge","PC","17a87e84-cecb-44fa-9d43-476c8ad9954f"
2204,172,"2022-09-14","09:00 PM",75,"Singleplayer","Controller","Lounge","PS4","17a87e84-cecb-44fa-9d43-476c8ad9954f"
2205,172,"2022-09-15","04:00 PM",75,"Singleplayer","Controller","Lounge","PS4","17a87e84-cecb-44fa-9d43-476c8ad9954f"
2206,172,"2022-09-16","04:00 PM",60,"Singleplayer","Controller","Lounge","PS4","17a87e84-cecb-44fa-9d43-476c8ad9954f"
2207,150,"2022-09-16","06:00 PM",120,"Online Multiplayer","Controller","Lounge","PC","17a87e84-cecb-44fa-9d43-476c8ad9954f"
2208,172,"2022-09-17","07:00 AM",60,"Singleplayer","Controller","Lounge","PS4","17a87e84-cecb-44fa-9d43-476c8ad9954f"
2209,172,"2022-09-17","03:00 PM",90,"Singleplayer","Controller","Lounge","PS4","17a87e84-cecb-44fa-9d43-476c8ad9954f"
2210,126,"2022-09-17","06:00 PM",30,"Online Multiplayer","Controller","Lounge","PC","17a87e84-cecb-44fa-9d43-476c8ad9954f"
2211,62,"2022-09-17","09:00 PM",30,"Online Multiplayer","Controller","Lounge","PS4","17a87e84-cecb-44fa-9d43-476c8ad9954f"
2212,172,"2022-09-18","08:00 AM",120,"Singleplayer","Controller","Lounge","PS4","17a87e84-cecb-44fa-9d43-476c8ad9954f"
2213,172,"2022-09-18","02:00 PM",60,"Singleplayer","Controller","Lounge","PS4","17a87e84-cecb-44fa-9d43-476c8ad9954f"
2214,172,"2022-09-18","09:00 PM",60,"Singleplayer","Controller","Lounge","PS4","17a87e84-cecb-44fa-9d43-476c8ad9954f"
2215,172,"2022-09-21","05:00 PM",30,"Singleplayer","Controller","Lounge","PS4","17a87e84-cecb-44fa-9d43-476c8ad9954f"
2216,172,"2022-09-22","07:00 AM",30,"Singleplayer","Controller","Lounge","PS4","17a87e84-cecb-44fa-9d43-476c8ad9954f"
2217,172,"2022-09-22","03:00 PM",60,"Singleplayer","Controller","Lounge","PS4","17a87e84-cecb-44fa-9d43-476c8ad9954f"
2218,172,"2022-09-23","08:00 AM",30,"Singleplayer","Controller","Lounge","PS4","17a87e84-cecb-44fa-9d43-476c8ad9954f"
2219,172,"2022-09-23","11:00 AM",60,"Singleplayer","Controller","Lounge","PS4","17a87e84-cecb-44fa-9d43-476c8ad9954f"
2220,172,"2022-09-23","04:00 PM",60,"Singleplayer","Controller","Lounge","PS4","17a87e84-cecb-44fa-9d43-476c8ad9954f"
2221,172,"2022-09-24","07:00 AM",30,"Singleplayer","Controller","Lounge","PS4","17a87e84-cecb-44fa-9d43-476c8ad9954f"
2222,172,"2022-09-24","08:00 PM",75,"Online Multiplayer","Controller","Lounge","PS4","17a87e84-cecb-44fa-9d43-476c8ad9954f"
2223,172,"2022-09-25","09:00 AM",90,"Singleplayer","Controller","Lounge","PS4","17a87e84-cecb-44fa-9d43-476c8ad9954f"
2224,172,"2022-09-25","06:00 PM",120,"Online Multiplayer","Controller","Lounge","PS4","17a87e84-cecb-44fa-9d43-476c8ad9954f"
2225,172,"2022-09-26","04:00 PM",60,"Singleplayer","Controller","Lounge","PS4","17a87e84-cecb-44fa-9d43-476c8ad9954f"
2226,172,"2022-09-28","04:00 PM",45,"Singleplayer","Controller","Lounge","PS4","17a87e84-cecb-44fa-9d43-476c8ad9954f"
2227,172,"2022-09-29","09:00 PM",60,"Singleplayer","Controller","Lounge","PS4","17a87e84-cecb-44fa-9d43-476c8ad9954f"
2228,172,"2022-09-30","07:00 PM",120,"Online Multiplayer","Controller","Lounge","PS4","17a87e84-cecb-44fa-9d43-476c8ad9954f"
2229,172,"2022-10-01","08:00 AM",45,"Singleplayer","Controller","Lounge","PS4","17a87e84-cecb-44fa-9d43-476c8ad9954f"
2230,173,"2022-10-02","08:00 PM",30,"Singleplayer","Controller","Lounge","PS4","17a87e84-cecb-44fa-9d43-476c8ad9954f"
2231,173,"2022-10-04","04:00 PM",30,"Singleplayer","Controller","Lounge","PS4","17a87e84-cecb-44fa-9d43-476c8ad9954f"
2232,126,"2022-11-06","05:00 PM",30,"Online Multiplayer","Controller","Lounge","PC","17a87e84-cecb-44fa-9d43-476c8ad9954f"
2233,150,"2022-11-06","06:00 PM",60,"Online Multiplayer","Controller","Lounge","PC","17a87e84-cecb-44fa-9d43-476c8ad9954f"
2234,174,"2022-11-10","09:00 PM",60,"Singleplayer","Controller","Lounge","PS4","17a87e84-cecb-44fa-9d43-476c8ad9954f"
2235,174,"2022-11-11","11:00 AM",45,"Singleplayer","Controller","Lounge","PS4","17a87e84-cecb-44fa-9d43-476c8ad9954f"
2236,174,"2022-11-12","06:00 AM",60,"Singleplayer","Controller","Lounge","PS4","17a87e84-cecb-44fa-9d43-476c8ad9954f"
2237,174,"2022-11-12","04:00 PM",75,"Singleplayer","Controller","Lounge","PS4","17a87e84-cecb-44fa-9d43-476c8ad9954f"
2238,174,"2022-11-13","07:00 AM",90,"Singleplayer","Controller","Lounge","PS4","17a87e84-cecb-44fa-9d43-476c8ad9954f"
2239,174,"2022-11-13","05:00 PM",60,"Singleplayer","Controller","Lounge","PS4","17a87e84-cecb-44fa-9d43-476c8ad9954f"
2240,174,"2022-11-14","04:00 PM",30,"Singleplayer","Controller","Lounge","PS4","17a87e84-cecb-44fa-9d43-476c8ad9954f"
2241,174,"2022-11-15","04:00 PM",45,"Singleplayer","Controller","Lounge","PS4","17a87e84-cecb-44fa-9d43-476c8ad9954f"
2242,174,"2022-11-17","06:00 PM",90,"Singleplayer","Controller","Lounge","PS4","17a87e84-cecb-44fa-9d43-476c8ad9954f"
2243,174,"2022-11-18","04:00 PM",60,"Singleplayer","Controller","Lounge","PS4","17a87e84-cecb-44fa-9d43-476c8ad9954f"
2244,174,"2022-11-20","08:00 AM",60,"Singleplayer","Controller","Lounge","PS4","17a87e84-cecb-44fa-9d43-476c8ad9954f"
2245,174,"2022-11-20","08:00 PM",60,"Singleplayer","Controller","Lounge","PS4","17a87e84-cecb-44fa-9d43-476c8ad9954f"
2246,174,"2022-11-21","09:00 PM",60,"Singleplayer","Controller","Lounge","PS4","17a87e84-cecb-44fa-9d43-476c8ad9954f"
2247,174,"2022-11-22","05:00 PM",30,"Singleplayer","Controller","Lounge","PS4","17a87e84-cecb-44fa-9d43-476c8ad9954f"
2248,174,"2022-11-22","10:00 PM",30,"Singleplayer","Controller","Lounge","PS4","17a87e84-cecb-44fa-9d43-476c8ad9954f"
2249,174,"2022-11-24","04:00 PM",90,"Singleplayer","Controller","Lounge","PS4","17a87e84-cecb-44fa-9d43-476c8ad9954f"
2250,174,"2022-11-24","08:00 PM",60,"Singleplayer","Controller","Lounge","PS4","17a87e84-cecb-44fa-9d43-476c8ad9954f"
2251,82,"2022-11-27","04:00 PM",90,"Local Multiplayer","Controller","Conor & Nats","PS4","17a87e84-cecb-44fa-9d43-476c8ad9954f"
2252,82,"2022-11-27","09:00 PM",30,"Local Multiplayer","Controller","Conor & Nats","PS4","17a87e84-cecb-44fa-9d43-476c8ad9954f"
2253,175,"2022-11-28","02:00 PM",30,"Singleplayer","Controller","Jordans","PS4","17a87e84-cecb-44fa-9d43-476c8ad9954f"
2254,9,"2022-11-28","03:00 PM",30,"Local Multiplayer","Controller","Jordans","Switch","17a87e84-cecb-44fa-9d43-476c8ad9954f"
2255,174,"2022-12-01","09:00 PM",45,"Singleplayer","Controller","Lounge","PS4","17a87e84-cecb-44fa-9d43-476c8ad9954f"
2256,174,"2022-12-03","07:00 AM",45,"Singleplayer","Controller","Lounge","PS4","17a87e84-cecb-44fa-9d43-476c8ad9954f"
2257,174,"2022-12-04","03:00 PM",30,"Singleplayer","Controller","Lounge","PS4","17a87e84-cecb-44fa-9d43-476c8ad9954f"
2258,174,"2022-12-04","04:00 PM",75,"Singleplayer","Controller","Lounge","PS4","17a87e84-cecb-44fa-9d43-476c8ad9954f"
2259,174,"2022-12-04","08:00 PM",60,"Singleplayer","Controller","Lounge","PS4","17a87e84-cecb-44fa-9d43-476c8ad9954f"
2260,174,"2022-12-05","10:00 PM",30,"Singleplayer","Controller","Lounge","PS4","17a87e84-cecb-44fa-9d43-476c8ad9954f"
2261,174,"2022-12-06","05:00 PM",30,"Singleplayer","Controller","Lounge","PS4","17a87e84-cecb-44fa-9d43-476c8ad9954f"
2262,126,"2022-12-06","06:00 PM",30,"Online Multiplayer","Controller","Lounge","PC","17a87e84-cecb-44fa-9d43-476c8ad9954f"
2263,150,"2022-12-06","07:00 PM",60,"Online Multiplayer","Controller","Lounge","PC","17a87e84-cecb-44fa-9d43-476c8ad9954f"
2264,174,"2022-12-06","09:00 PM",60,"Singleplayer","Controller","Lounge","PS4","17a87e84-cecb-44fa-9d43-476c8ad9954f"
2265,174,"2022-12-08","04:00 PM",75,"Singleplayer","Controller","Lounge","PS4","17a87e84-cecb-44fa-9d43-476c8ad9954f"
2266,126,"2022-12-08","06:00 PM",30,"Online Multiplayer","Controller","Lounge","PC","17a87e84-cecb-44fa-9d43-476c8ad9954f"
2267,150,"2022-12-08","07:00 PM",45,"Online Multiplayer","Controller","Lounge","PC","17a87e84-cecb-44fa-9d43-476c8ad9954f"
2268,174,"2022-12-08","08:00 PM",60,"Singleplayer","Controller","Lounge","PS4","17a87e84-cecb-44fa-9d43-476c8ad9954f"
2269,174,"2022-12-11","01:00 PM",75,"Singleplayer","Controller","Lounge","PS4","17a87e84-cecb-44fa-9d43-476c8ad9954f"
2270,174,"2022-12-11","04:00 PM",60,"Singleplayer","Controller","Lounge","PS4","17a87e84-cecb-44fa-9d43-476c8ad9954f"
2271,174,"2022-12-11","08:00 PM",60,"Singleplayer","Controller","Lounge","PS4","17a87e84-cecb-44fa-9d43-476c8ad9954f"
2272,174,"2022-12-12","04:00 PM",45,"Singleplayer","Controller","Lounge","PS4","17a87e84-cecb-44fa-9d43-476c8ad9954f"
2273,174,"2022-12-12","10:00 PM",30,"Singleplayer","Controller","Lounge","PS4","17a87e84-cecb-44fa-9d43-476c8ad9954f"
2274,174,"2022-12-13","12:00 PM",30,"Singleplayer","Controller","Lounge","PS4","17a87e84-cecb-44fa-9d43-476c8ad9954f"
2275,174,"2022-12-13","09:00 PM",45,"Singleplayer","Controller","Lounge","PS4","17a87e84-cecb-44fa-9d43-476c8ad9954f"
2276,174,"2022-12-14","12:00 PM",45,"Singleplayer","Controller","Lounge","PS4","17a87e84-cecb-44fa-9d43-476c8ad9954f"
2277,174,"2022-12-14","04:00 PM",30,"Singleplayer","Controller","Lounge","PS4","17a87e84-cecb-44fa-9d43-476c8ad9954f"
2278,174,"2022-12-15","09:00 PM",60,"Singleplayer","Controller","Lounge","PS4","17a87e84-cecb-44fa-9d43-476c8ad9954f"
2279,174,"2022-12-16","12:00 PM",45,"Singleplayer","Controller","Lounge","PS4","17a87e84-cecb-44fa-9d43-476c8ad9954f"
2280,174,"2022-12-17","07:00 AM",60,"Singleplayer","Controller","Lounge","PS4","17a87e84-cecb-44fa-9d43-476c8ad9954f"
2281,174,"2022-12-17","02:00 PM",90,"Singleplayer","Controller","Lounge","PS4","17a87e84-cecb-44fa-9d43-476c8ad9954f"
2282,174,"2022-12-17","05:00 PM",45,"Singleplayer","Controller","Lounge","PS4","17a87e84-cecb-44fa-9d43-476c8ad9954f"
2283,174,"2022-12-18","09:00 AM",90,"Singleplayer","Controller","Lounge","PS4","17a87e84-cecb-44fa-9d43-476c8ad9954f"
2284,174,"2022-12-18","01:00 PM",60,"Singleplayer","Controller","Lounge","PS4","17a87e84-cecb-44fa-9d43-476c8ad9954f"
2285,174,"2022-12-18","05:00 PM",75,"Singleplayer","Controller","Lounge","PS4","17a87e84-cecb-44fa-9d43-476c8ad9954f"
2286,126,"2022-12-18","07:00 PM",45,"Singleplayer","Controller","Lounge","PC","17a87e84-cecb-44fa-9d43-476c8ad9954f"
2287,174,"2022-12-19","04:00 PM",30,"Singleplayer","Controller","Lounge","PS4","17a87e84-cecb-44fa-9d43-476c8ad9954f"
2288,174,"2022-12-19","09:00 PM",30,"Singleplayer","Controller","Lounge","PS4","17a87e84-cecb-44fa-9d43-476c8ad9954f"
2289,174,"2022-12-20","09:00 PM",45,"Singleplayer","Controller","Lounge","PS4","17a87e84-cecb-44fa-9d43-476c8ad9954f"
2290,174,"2022-12-21","07:00 AM",30,"Singleplayer","Controller","Lounge","PS4","17a87e84-cecb-44fa-9d43-476c8ad9954f"
2291,174,"2022-12-21","04:00 PM",30,"Singleplayer","Controller","Lounge","PS4","17a87e84-cecb-44fa-9d43-476c8ad9954f"
2292,176,"2022-12-21","09:00 PM",60,"Singleplayer","Controller","Lounge","PS4","17a87e84-cecb-44fa-9d43-476c8ad9954f"
2293,176,"2022-12-22","04:00 PM",60,"Singleplayer","Controller","Lounge","PS4","17a87e84-cecb-44fa-9d43-476c8ad9954f"
2294,176,"2022-12-22","08:00 PM",60,"Singleplayer","Controller","Lounge","PS4","17a87e84-cecb-44fa-9d43-476c8ad9954f"
2295,176,"2022-12-23","04:00 PM",90,"Singleplayer","Controller","Lounge","PS4","17a87e84-cecb-44fa-9d43-476c8ad9954f"
2296,176,"2022-12-24","10:00 AM",75,"Online Multiplayer","Controller","Lounge","PS4","17a87e84-cecb-44fa-9d43-476c8ad9954f"
2297,176,"2022-12-25","10:00 AM",60,"Online Multiplayer","Controller","Lounge","PS4","17a87e84-cecb-44fa-9d43-476c8ad9954f"
2298,176,"2022-12-26","09:00 AM",60,"Singleplayer","Controller","Lounge","PS4","17a87e84-cecb-44fa-9d43-476c8ad9954f"
2299,176,"2022-12-26","10:00 AM",45,"Singleplayer","Controller","Lounge","PS4","17a87e84-cecb-44fa-9d43-476c8ad9954f"
2300,176,"2022-12-26","07:00 PM",90,"Online Multiplayer","Controller","Lounge","PS4","17a87e84-cecb-44fa-9d43-476c8ad9954f"
2301,176,"2022-12-27","08:00 AM",90,"Singleplayer","Controller","Lounge","PS4","17a87e84-cecb-44fa-9d43-476c8ad9954f"
2302,176,"2022-12-27","03:00 PM",75,"Singleplayer","Controller","Lounge","PS4","17a87e84-cecb-44fa-9d43-476c8ad9954f"
2303,176,"2022-12-27","07:00 PM",120,"Online Multiplayer","Controller","Lounge","PS4","17a87e84-cecb-44fa-9d43-476c8ad9954f"
2304,176,"2022-12-28","08:00 AM",105,"Singleplayer","Controller","Lounge","PS4","17a87e84-cecb-44fa-9d43-476c8ad9954f"
2305,176,"2022-12-28","02:00 PM",75,"Singleplayer","Controller","Lounge","PS4","17a87e84-cecb-44fa-9d43-476c8ad9954f"
2306,176,"2022-12-29","07:00 AM",30,"Singleplayer","Controller","Lounge","PS4","17a87e84-cecb-44fa-9d43-476c8ad9954f"
2307,176,"2022-12-30","07:00 AM",90,"Singleplayer","Controller","Lounge","PS4","17a87e84-cecb-44fa-9d43-476c8ad9954f"
2308,176,"2022-12-30","10:00 AM",75,"Online Multiplayer","Controller","Lounge","PS4","17a87e84-cecb-44fa-9d43-476c8ad9954f"
2309,176,"2022-12-30","03:00 PM",60,"Singleplayer","Controller","Lounge","PS4","17a87e84-cecb-44fa-9d43-476c8ad9954f"
2310,176,"2022-12-30","07:00 PM",45,"Singleplayer","Controller","Lounge","PS4","17a87e84-cecb-44fa-9d43-476c8ad9954f"
2311,176,"2022-12-31","08:00 AM",60,"Singleplayer","Controller","Lounge","PS4","17a87e84-cecb-44fa-9d43-476c8ad9954f"
2312,176,"2022-12-31","04:00 PM",90,"Online Multiplayer","Controller","Lounge","PS4","17a87e84-cecb-44fa-9d43-476c8ad9954f"
2313,176,"2022-12-31","06:00 PM",30,"Singleplayer","Controller","Lounge","PS4","17a87e84-cecb-44fa-9d43-476c8ad9954f"
2314,176,"2023-01-01","07:00 PM",60,"Singleplayer","Controller","Lounge","PS4","17a87e84-cecb-44fa-9d43-476c8ad9954f"
2315,176,"2023-01-02","08:00 AM",45,"Singleplayer","Controller","Lounge","PS4","17a87e84-cecb-44fa-9d43-476c8ad9954f"
2316,176,"2023-01-02","03:00 PM",60,"Singleplayer","Controller","Lounge","PS4","17a87e84-cecb-44fa-9d43-476c8ad9954f"
2317,176,"2023-01-03","08:00 AM",45,"Singleplayer","Controller","Lounge","PS4","17a87e84-cecb-44fa-9d43-476c8ad9954f"
2318,176,"2023-01-03","01:00 PM",45,"Singleplayer","Controller","Lounge","PS4","17a87e84-cecb-44fa-9d43-476c8ad9954f"
2319,176,"2023-01-04","08:00 AM",45,"Singleplayer","Controller","Lounge","PS4","17a87e84-cecb-44fa-9d43-476c8ad9954f"
2320,176,"2023-01-04","03:00 PM",75,"Singleplayer","Controller","Lounge","PS4","17a87e84-cecb-44fa-9d43-476c8ad9954f"
2321,176,"2023-01-05","07:00 AM",60,"Singleplayer","Controller","Lounge","PS4","17a87e84-cecb-44fa-9d43-476c8ad9954f"
2322,176,"2023-01-08","05:00 PM",60,"Singleplayer","Controller","Lounge","PS4","17a87e84-cecb-44fa-9d43-476c8ad9954f"
2323,176,"2023-01-08","09:00 PM",60,"Singleplayer","Controller","Lounge","PS4","17a87e84-cecb-44fa-9d43-476c8ad9954f"
2324,176,"2023-01-09","08:00 AM",90,"Singleplayer","Controller","Lounge","PS4","17a87e84-cecb-44fa-9d43-476c8ad9954f"
2325,176,"2023-01-09","01:00 PM",90,"Singleplayer","Controller","Lounge","PS4","17a87e84-cecb-44fa-9d43-476c8ad9954f"
2326,176,"2023-01-09","05:00 PM",30,"Online Multiplayer","Controller","Lounge","PS4","17a87e84-cecb-44fa-9d43-476c8ad9954f"
2327,176,"2023-01-09","09:00 PM",60,"Singleplayer","Controller","Lounge","PS4","17a87e84-cecb-44fa-9d43-476c8ad9954f"
2328,176,"2023-01-10","08:00 AM",75,"Singleplayer","Controller","Lounge","PS4","17a87e84-cecb-44fa-9d43-476c8ad9954f"
2329,176,"2023-01-10","10:00 AM",60,"Singleplayer","Controller","Lounge","PS4","17a87e84-cecb-44fa-9d43-476c8ad9954f"
2330,176,"2023-01-10","03:00 PM",90,"Singleplayer","Controller","Lounge","PS4","17a87e84-cecb-44fa-9d43-476c8ad9954f"
2331,176,"2023-01-10","09:00 PM",45,"Singleplayer","Controller","Lounge","PS4","17a87e84-cecb-44fa-9d43-476c8ad9954f"
2332,176,"2023-01-11","04:00 PM",60,"Singleplayer","Controller","Lounge","PS4","17a87e84-cecb-44fa-9d43-476c8ad9954f"
2333,176,"2023-01-12","05:00 PM",120,"Online Multiplayer","Controller","Lounge","PS4","17a87e84-cecb-44fa-9d43-476c8ad9954f"
2334,176,"2023-01-13","04:00 PM",90,"Singleplayer","Controller","Lounge","PS4","17a87e84-cecb-44fa-9d43-476c8ad9954f"
2335,176,"2023-01-14","07:00 AM",75,"Singleplayer","Controller","Lounge","PS4","17a87e84-cecb-44fa-9d43-476c8ad9954f"
2336,176,"2023-01-14","09:00 AM",30,"Singleplayer","Controller","Lounge","PS4","17a87e84-cecb-44fa-9d43-476c8ad9954f"
2337,176,"2023-01-14","08:00 PM",150,"Online Multiplayer","Controller","Lounge","PS4","17a87e84-cecb-44fa-9d43-476c8ad9954f"
2338,176,"2023-01-15","08:00 AM",90,"Singleplayer","Controller","Lounge","PS4","17a87e84-cecb-44fa-9d43-476c8ad9954f"
2339,176,"2023-01-15","01:00 PM",60,"Singleplayer","Controller","Lounge","PS4","17a87e84-cecb-44fa-9d43-476c8ad9954f"
2340,176,"2023-01-15","05:00 PM",45,"Singleplayer","Controller","Lounge","PS4","17a87e84-cecb-44fa-9d43-476c8ad9954f"
2341,176,"2023-01-15","06:00 PM",90,"Online Multiplayer","Controller","Lounge","PS4","17a87e84-cecb-44fa-9d43-476c8ad9954f"
2342,176,"2023-01-16","04:00 PM",60,"Singleplayer","Controller","Lounge","PS4","17a87e84-cecb-44fa-9d43-476c8ad9954f"
2343,176,"2023-01-17","04:00 PM",60,"Singleplayer","Controller","Lounge","PS4","17a87e84-cecb-44fa-9d43-476c8ad9954f"
2344,176,"2023-01-17","05:00 PM",90,"Online Multiplayer","Controller","Lounge","PS4","17a87e84-cecb-44fa-9d43-476c8ad9954f"
2345,176,"2023-01-17","09:00 PM",60,"Singleplayer","Controller","Lounge","PS4","17a87e84-cecb-44fa-9d43-476c8ad9954f"
2346,176,"2023-01-18","04:00 PM",45,"Singleplayer","Controller","Lounge","PS4","17a87e84-cecb-44fa-9d43-476c8ad9954f"
2347,176,"2023-01-19","12:00 PM",45,"Singleplayer","Controller","Lounge","PS4","17a87e84-cecb-44fa-9d43-476c8ad9954f"
2348,176,"2023-01-19","04:00 PM",45,"Singleplayer","Controller","Lounge","PS4","17a87e84-cecb-44fa-9d43-476c8ad9954f"
2349,176,"2023-01-19","09:00 PM",60,"Singleplayer","Controller","Lounge","PS4","17a87e84-cecb-44fa-9d43-476c8ad9954f"
2350,176,"2023-01-20","04:00 PM",105,"Singleplayer","Controller","Lounge","PS4","17a87e84-cecb-44fa-9d43-476c8ad9954f"
2351,176,"2023-01-20","09:00 PM",90,"Singleplayer","Controller","Lounge","PS4","17a87e84-cecb-44fa-9d43-476c8ad9954f"
2352,176,"2023-01-21","07:00 AM",60,"Singleplayer","Controller","Lounge","PS4","17a87e84-cecb-44fa-9d43-476c8ad9954f"
2353,176,"2023-01-21","10:00 AM",45,"Singleplayer","Controller","Lounge","PS4","17a87e84-cecb-44fa-9d43-476c8ad9954f"
2354,176,"2023-01-22","07:00 AM",60,"Singleplayer","Controller","Lounge","PS4","17a87e84-cecb-44fa-9d43-476c8ad9954f"
2355,176,"2023-01-22","11:00 AM",45,"Singleplayer","Controller","Lounge","PS4","17a87e84-cecb-44fa-9d43-476c8ad9954f"
2356,176,"2023-01-22","06:00 PM",90,"Online Multiplayer","Controller","Lounge","PS4","17a87e84-cecb-44fa-9d43-476c8ad9954f"
2357,176,"2023-01-23","04:00 PM",60,"Singleplayer","Controller","Lounge","PS4","17a87e84-cecb-44fa-9d43-476c8ad9954f"
2358,176,"2023-01-24","04:00 PM",75,"Singleplayer","Controller","Lounge","PS4","17a87e84-cecb-44fa-9d43-476c8ad9954f"
2359,176,"2023-01-25","05:00 PM",45,"Singleplayer","Controller","Lounge","PS4","17a87e84-cecb-44fa-9d43-476c8ad9954f"
2360,176,"2023-01-25","04:00 PM",75,"Singleplayer","Controller","Lounge","PS4","17a87e84-cecb-44fa-9d43-476c8ad9954f"
2361,176,"2023-02-01","04:00 PM",30,"Singleplayer","Controller","Lounge","PS4","17a87e84-cecb-44fa-9d43-476c8ad9954f"
2362,176,"2023-02-02","12:00 PM",30,"Singleplayer","Controller","Lounge","PS4","17a87e84-cecb-44fa-9d43-476c8ad9954f"
2363,176,"2023-02-02","04:00 PM",45,"Singleplayer","Controller","Lounge","PS4","17a87e84-cecb-44fa-9d43-476c8ad9954f"
2364,176,"2023-02-02","08:00 PM",60,"Online Multiplayer","Controller","Lounge","PS4","17a87e84-cecb-44fa-9d43-476c8ad9954f"
2365,176,"2023-02-03","04:00 PM",60,"Singleplayer","Controller","Lounge","PS4","17a87e84-cecb-44fa-9d43-476c8ad9954f"
2366,176,"2023-02-03","08:00 PM",150,"Online Multiplayer","Controller","Lounge","PS4","17a87e84-cecb-44fa-9d43-476c8ad9954f"
2367,176,"2023-02-04","07:00 AM",60,"Singleplayer","Controller","Lounge","PS4","17a87e84-cecb-44fa-9d43-476c8ad9954f"
2368,176,"2023-02-04","09:00 AM",60,"Singleplayer","Controller","Lounge","PS4","17a87e84-cecb-44fa-9d43-476c8ad9954f"
2369,176,"2023-02-04","01:00 PM",75,"Singleplayer","Controller","Lounge","PS4","17a87e84-cecb-44fa-9d43-476c8ad9954f"
2370,176,"2023-02-04","04:00 PM",60,"Singleplayer","Controller","Lounge","PS4","17a87e84-cecb-44fa-9d43-476c8ad9954f"
2371,176,"2023-02-04","07:00 PM",30,"Singleplayer","Controller","Lounge","PS4","17a87e84-cecb-44fa-9d43-476c8ad9954f"
2372,176,"2023-02-05","07:00 AM",60,"Singleplayer","Controller","Lounge","PS4","17a87e84-cecb-44fa-9d43-476c8ad9954f"
2373,176,"2023-02-05","05:00 PM",60,"Singleplayer","Controller","Lounge","PS4","17a87e84-cecb-44fa-9d43-476c8ad9954f"
2374,176,"2023-02-05","08:00 PM",120,"Online Multiplayer","Controller","Lounge","PS4","17a87e84-cecb-44fa-9d43-476c8ad9954f"
2375,176,"2023-02-06","04:00 PM",60,"Singleplayer","Controller","Lounge","PS4","17a87e84-cecb-44fa-9d43-476c8ad9954f"
2376,176,"2023-02-07","04:00 PM",75,"Singleplayer","Controller","Lounge","PS4","17a87e84-cecb-44fa-9d43-476c8ad9954f"
2377,176,"2023-02-08","04:00 PM",60,"Singleplayer","Controller","Lounge","PS4","17a87e84-cecb-44fa-9d43-476c8ad9954f"
2378,176,"2023-02-09","04:00 PM",30,"Singleplayer","Controller","Lounge","PS4","17a87e84-cecb-44fa-9d43-476c8ad9954f"
2379,176,"2023-02-09","06:00 PM",60,"Online Multiplayer","Controller","Lounge","PS4","17a87e84-cecb-44fa-9d43-476c8ad9954f"
2380,176,"2023-02-09","09:00 PM",45,"Singleplayer","Controller","Lounge","PS4","17a87e84-cecb-44fa-9d43-476c8ad9954f"
2381,176,"2023-02-12","07:00 PM",60,"Online Multiplayer","Controller","Lounge","PS4","17a87e84-cecb-44fa-9d43-476c8ad9954f"
2382,126,"2023-02-19","08:00 PM",45,"Online Multiplayer","Controller","Lounge","PC","17a87e84-cecb-44fa-9d43-476c8ad9954f"
2383,177,"2023-02-23","07:00 PM",60,"Online Multiplayer","Keyboard & Mouse","Lounge","PC","17a87e84-cecb-44fa-9d43-476c8ad9954f"
2384,178,"2023-02-24","04:00 PM",60,"Singleplayer","Controller","Lounge","PS4","17a87e84-cecb-44fa-9d43-476c8ad9954f"
2385,178,"2023-02-24","08:00 PM",30,"Singleplayer","Controller","Lounge","PS4","17a87e84-cecb-44fa-9d43-476c8ad9954f"
2386,126,"2023-02-24","08:00 PM",30,"Online Multiplayer","Controller","Lounge","PC","17a87e84-cecb-44fa-9d43-476c8ad9954f"
2387,177,"2023-02-24","09:00 PM",60,"Online Multiplayer","Keyboard & Mouse","Lounge","PC","17a87e84-cecb-44fa-9d43-476c8ad9954f"
2388,178,"2023-02-26","09:00 PM",30,"Singleplayer","Controller","Lounge","PS4","17a87e84-cecb-44fa-9d43-476c8ad9954f"
2389,178,"2023-02-27","05:00 PM",60,"Singleplayer","Controller","Lounge","PS4","17a87e84-cecb-44fa-9d43-476c8ad9954f"
2390,178,"2023-02-28","04:00 PM",60,"Singleplayer","Controller","Lounge","PS4","17a87e84-cecb-44fa-9d43-476c8ad9954f"
2391,178,"2023-03-05","07:00 PM",60,"Singleplayer","Controller","Lounge","PS4","17a87e84-cecb-44fa-9d43-476c8ad9954f"
2392,178,"2023-03-06","04:00 PM",60,"Singleplayer","Controller","Lounge","PS4","17a87e84-cecb-44fa-9d43-476c8ad9954f"
2393,178,"2023-03-07","05:00 PM",60,"Singleplayer","Controller","Lounge","PS4","17a87e84-cecb-44fa-9d43-476c8ad9954f"
2394,178,"2023-03-08","05:00 PM",60,"Singleplayer","Controller","Lounge","PS4","17a87e84-cecb-44fa-9d43-476c8ad9954f"
2395,178,"2023-03-09","05:00 PM",45,"Singleplayer","Controller","Lounge","PS4","17a87e84-cecb-44fa-9d43-476c8ad9954f"
2396,178,"2023-03-09","07:00 PM",90,"Singleplayer","Controller","Lounge","PS4","17a87e84-cecb-44fa-9d43-476c8ad9954f"
2397,178,"2023-03-16","09:00 PM",45,"Singleplayer","Controller","Lounge","PS4","17a87e84-cecb-44fa-9d43-476c8ad9954f"
2398,178,"2023-03-17","04:00 PM",45,"Singleplayer","Controller","Lounge","PS4","17a87e84-cecb-44fa-9d43-476c8ad9954f"
2399,178,"2023-03-17","09:00 PM",60,"Singleplayer","Controller","Lounge","PS4","17a87e84-cecb-44fa-9d43-476c8ad9954f"
2400,179,"2023-03-18","08:00 AM",60,"Singleplayer","Controller","Lounge","PS4","17a87e84-cecb-44fa-9d43-476c8ad9954f"
2401,179,"2023-03-19","04:00 PM",60,"Singleplayer","Controller","Lounge","PS4","17a87e84-cecb-44fa-9d43-476c8ad9954f"
2402,126,"2023-03-21","06:00 PM",30,"Online Multiplayer","Controller","Lounge","PC","17a87e84-cecb-44fa-9d43-476c8ad9954f"
2403,180,"2023-03-26","09:00 AM",60,"Singleplayer","Controller","Lounge","PS4","17a87e84-cecb-44fa-9d43-476c8ad9954f"
2404,126,"2023-03-27","05:00 PM",30,"Online Multiplayer","Controller","Lounge","PC","17a87e84-cecb-44fa-9d43-476c8ad9954f"
2405,180,"2023-03-28","05:00 PM",75,"Singleplayer","Controller","Lounge","PS4","17a87e84-cecb-44fa-9d43-476c8ad9954f"
2406,180,"2023-03-29","04:00 PM",60,"Singleplayer","Controller","Lounge","PS4","17a87e84-cecb-44fa-9d43-476c8ad9954f"
2407,181,"2023-04-03","12:00 PM",30,"Online Multiplayer","Controller","Lounge","PC","17a87e84-cecb-44fa-9d43-476c8ad9954f"
2408,181,"2023-04-03","04:00 PM",45,"Online Multiplayer","Controller","Lounge","PC","17a87e84-cecb-44fa-9d43-476c8ad9954f"
2409,181,"2023-04-04","05:00 PM",30,"Online Multiplayer","Controller","Lounge","PC","17a87e84-cecb-44fa-9d43-476c8ad9954f"
2410,181,"2023-04-05","04:00 PM",45,"Online Multiplayer","Controller","Lounge","PC","17a87e84-cecb-44fa-9d43-476c8ad9954f"
2411,181,"2023-04-07","10:00 AM",30,"Online Multiplayer","Controller","Lounge","PC","17a87e84-cecb-44fa-9d43-476c8ad9954f"
2412,180,"2023-04-08","10:00 AM",60,"Singleplayer","Controller","Lounge","PS4","17a87e84-cecb-44fa-9d43-476c8ad9954f"
2413,180,"2023-04-10","08:00 AM",60,"Singleplayer","Controller","Lounge","PS4","17a87e84-cecb-44fa-9d43-476c8ad9954f"
2414,181,"2023-04-10","10:00 AM",30,"Online Multiplayer","Controller","Lounge","PC","17a87e84-cecb-44fa-9d43-476c8ad9954f"
2415,180,"2023-04-10","03:00 PM",60,"Singleplayer","Controller","Lounge","PS4","17a87e84-cecb-44fa-9d43-476c8ad9954f"
2416,181,"2023-04-11","04:00 PM",45,"Online Multiplayer","Controller","Lounge","PC","17a87e84-cecb-44fa-9d43-476c8ad9954f"
2417,181,"2023-04-13","04:00 PM",45,"Online Multiplayer","Controller","Lounge","PC","17a87e84-cecb-44fa-9d43-476c8ad9954f"
2418,181,"2023-04-14","04:00 PM",45,"Online Multiplayer","Controller","Lounge","PC","17a87e84-cecb-44fa-9d43-476c8ad9954f"
2419,182,"2023-04-14","07:00 PM",30,"Online Multiplayer","Controller","Lounge","PC","17a87e84-cecb-44fa-9d43-476c8ad9954f"
2420,150,"2023-04-14","08:00 PM",60,"Online Multiplayer","Controller","Lounge","PC","17a87e84-cecb-44fa-9d43-476c8ad9954f"
2421,183,"2023-04-15","07:00 AM",45,"Singleplayer","Controller","Lounge","PC","17a87e84-cecb-44fa-9d43-476c8ad9954f"
2422,181,"2023-04-20","05:00 PM",45,"Online Multiplayer","Controller","Lounge","PC","17a87e84-cecb-44fa-9d43-476c8ad9954f"
2423,181,"2023-04-21","04:00 PM",30,"Online Multiplayer","Controller","Lounge","PC","17a87e84-cecb-44fa-9d43-476c8ad9954f"
2424,181,"2023-04-23","10:00 AM",30,"Online Multiplayer","Controller","Lounge","PC","17a87e84-cecb-44fa-9d43-476c8ad9954f"
2425,126,"2023-04-25","09:00 AM",30,"Online Multiplayer","Controller","Lounge","PC","17a87e84-cecb-44fa-9d43-476c8ad9954f"
2426,182,"2023-04-25","09:00 AM",30,"Online Multiplayer","Controller","Lounge","PC","17a87e84-cecb-44fa-9d43-476c8ad9954f"
2427,126,"2023-05-11","06:00 PM",30,"Online Multiplayer","Controller","Lounge","PC","17a87e84-cecb-44fa-9d43-476c8ad9954f"
2428,184,"2023-05-12","04:00 PM",105,"Singleplayer","Controller","Lounge","Switch","17a87e84-cecb-44fa-9d43-476c8ad9954f"
2429,184,"2023-05-13","01:00 PM",90,"Singleplayer","Controller","Lounge","Switch","17a87e84-cecb-44fa-9d43-476c8ad9954f"
2430,184,"2023-05-14","07:00 AM",60,"Singleplayer","Controller","Lounge","Switch","17a87e84-cecb-44fa-9d43-476c8ad9954f"
2431,184,"2023-05-14","09:00 AM",120,"Singleplayer","Controller","Lounge","Switch","17a87e84-cecb-44fa-9d43-476c8ad9954f"
2432,184,"2023-05-14","03:00 PM",30,"Singleplayer","Controller","Lounge","Switch","17a87e84-cecb-44fa-9d43-476c8ad9954f"
2433,184,"2023-05-15","12:00 PM",30,"Singleplayer","Controller","Lounge","Switch","17a87e84-cecb-44fa-9d43-476c8ad9954f"
2434,184,"2023-05-15","04:00 PM",30,"Singleplayer","Controller","Lounge","Switch","17a87e84-cecb-44fa-9d43-476c8ad9954f"
2435,184,"2023-05-15","10:00 PM",30,"Singleplayer","Controller","Lounge","Switch","17a87e84-cecb-44fa-9d43-476c8ad9954f"
2436,184,"2023-05-16","12:00 PM",30,"Singleplayer","Controller","Lounge","Switch","17a87e84-cecb-44fa-9d43-476c8ad9954f"
2437,184,"2023-05-16","04:00 PM",90,"Singleplayer","Controller","Lounge","Switch","17a87e84-cecb-44fa-9d43-476c8ad9954f"
2438,184,"2023-05-16","10:00 PM",30,"Singleplayer","Controller","Lounge","Switch","17a87e84-cecb-44fa-9d43-476c8ad9954f"
2439,184,"2023-05-17","04:00 PM",90,"Singleplayer","Controller","Lounge","Switch","17a87e84-cecb-44fa-9d43-476c8ad9954f"
2440,184,"2023-05-18","12:00 PM",30,"Singleplayer","Controller","Lounge","Switch","17a87e84-cecb-44fa-9d43-476c8ad9954f"
2441,184,"2023-05-18","04:00 PM",60,"Singleplayer","Controller","Lounge","Switch","17a87e84-cecb-44fa-9d43-476c8ad9954f"
2442,184,"2023-05-19","04:00 PM",90,"Singleplayer","Controller","Lounge","Switch","17a87e84-cecb-44fa-9d43-476c8ad9954f"
2443,184,"2023-05-20","07:00 AM",45,"Singleplayer","Controller","Lounge","Switch","17a87e84-cecb-44fa-9d43-476c8ad9954f"
2444,184,"2023-05-21","08:00 AM",60,"Singleplayer","Controller","Lounge","Switch","17a87e84-cecb-44fa-9d43-476c8ad9954f"
2445,184,"2023-05-21","07:00 PM",60,"Singleplayer","Controller","Lounge","Switch","17a87e84-cecb-44fa-9d43-476c8ad9954f"
2446,184,"2023-05-22","12:00 PM",45,"Singleplayer","Controller","Lounge","Switch","17a87e84-cecb-44fa-9d43-476c8ad9954f"
2447,184,"2023-05-23","05:00 PM",60,"Singleplayer","Controller","Lounge","Switch","17a87e84-cecb-44fa-9d43-476c8ad9954f"
2448,184,"2023-05-24","07:00 AM",45,"Singleplayer","Controller","Lounge","Switch","17a87e84-cecb-44fa-9d43-476c8ad9954f"
2449,184,"2023-05-24","01:00 PM",45,"Singleplayer","Controller","Lounge","Switch","17a87e84-cecb-44fa-9d43-476c8ad9954f"
2450,184,"2023-05-25","04:00 PM",60,"Singleplayer","Controller","Lounge","Switch","17a87e84-cecb-44fa-9d43-476c8ad9954f"
2451,184,"2023-05-25","06:00 PM",60,"Singleplayer","Controller","Lounge","Switch","17a87e84-cecb-44fa-9d43-476c8ad9954f"
2452,184,"2023-05-26","07:00 AM",45,"Singleplayer","Controller","Lounge","Switch","17a87e84-cecb-44fa-9d43-476c8ad9954f"
2453,184,"2023-05-27","07:00 AM",30,"Singleplayer","Controller","Lounge","Switch","17a87e84-cecb-44fa-9d43-476c8ad9954f"
2454,184,"2023-05-27","09:00 PM",45,"Singleplayer","Controller","Lounge","Switch","17a87e84-cecb-44fa-9d43-476c8ad9954f"
2455,184,"2023-05-28","08:00 AM",60,"Singleplayer","Controller","Lounge","Switch","17a87e84-cecb-44fa-9d43-476c8ad9954f"
2456,184,"2023-05-28","07:00 PM",30,"Singleplayer","Controller","Lounge","Switch","17a87e84-cecb-44fa-9d43-476c8ad9954f"
2457,184,"2023-05-28","09:00 PM",30,"Singleplayer","Controller","Lounge","Switch","17a87e84-cecb-44fa-9d43-476c8ad9954f"
2458,184,"2023-05-29","12:00 PM",30,"Singleplayer","Controller","Lounge","Switch","17a87e84-cecb-44fa-9d43-476c8ad9954f"
2459,184,"2023-05-30","12:00 PM",30,"Singleplayer","Controller","Lounge","Switch","17a87e84-cecb-44fa-9d43-476c8ad9954f"
2460,184,"2023-05-30","04:00 PM",60,"Singleplayer","Controller","Lounge","Switch","17a87e84-cecb-44fa-9d43-476c8ad9954f"
2461,184,"2023-06-01","12:00 PM",30,"Singleplayer","Controller","Lounge","Switch","17a87e84-cecb-44fa-9d43-476c8ad9954f"
2462,184,"2023-06-01","04:00 PM",30,"Singleplayer","Controller","Lounge","Switch","17a87e84-cecb-44fa-9d43-476c8ad9954f"
2463,184,"2023-06-01","08:00 PM",75,"Singleplayer","Controller","Lounge","Switch","17a87e84-cecb-44fa-9d43-476c8ad9954f"
2464,184,"2023-06-01","04:00 PM",105,"Singleplayer","Controller","Lounge","Switch","17a87e84-cecb-44fa-9d43-476c8ad9954f"
2465,184,"2023-06-02","07:00 AM",30,"Singleplayer","Controller","Lounge","Switch","17a87e84-cecb-44fa-9d43-476c8ad9954f"
2466,184,"2023-06-02","09:00 PM",45,"Singleplayer","Controller","Lounge","Switch","17a87e84-cecb-44fa-9d43-476c8ad9954f"
2467,184,"2023-06-04","07:00 AM",60,"Singleplayer","Controller","Lounge","Switch","17a87e84-cecb-44fa-9d43-476c8ad9954f"
2468,184,"2023-06-04","06:00 PM",60,"Singleplayer","Controller","Lounge","Switch","17a87e84-cecb-44fa-9d43-476c8ad9954f"
2469,184,"2023-06-06","12:00 PM",30,"Singleplayer","Controller","Lounge","Switch","17a87e84-cecb-44fa-9d43-476c8ad9954f"
2470,184,"2023-06-06","04:00 PM",60,"Singleplayer","Controller","Lounge","Switch","17a87e84-cecb-44fa-9d43-476c8ad9954f"
2471,184,"2023-06-07","04:00 PM",60,"Singleplayer","Controller","Lounge","Switch","17a87e84-cecb-44fa-9d43-476c8ad9954f"
2472,184,"2023-06-07","09:00 PM",60,"Singleplayer","Controller","Lounge","Switch","17a87e84-cecb-44fa-9d43-476c8ad9954f"
2473,184,"2023-06-08","08:00 PM",60,"Singleplayer","Controller","Lounge","Switch","17a87e84-cecb-44fa-9d43-476c8ad9954f"
2474,184,"2023-06-09","09:00 AM",60,"Singleplayer","Controller","Plane","Switch","17a87e84-cecb-44fa-9d43-476c8ad9954f"
2475,184,"2023-06-09","12:00 PM",45,"Singleplayer","Controller","Plane","Switch","17a87e84-cecb-44fa-9d43-476c8ad9954f"
2476,184,"2023-06-10","06:00 AM",30,"Singleplayer","Controller","Bed","Switch","17a87e84-cecb-44fa-9d43-476c8ad9954f"
2477,184,"2023-06-18","06:00 AM",30,"Singleplayer","Controller","Bed","Switch","17a87e84-cecb-44fa-9d43-476c8ad9954f"
2478,184,"2023-06-19","06:00 AM",30,"Singleplayer","Controller","Bed","Switch","17a87e84-cecb-44fa-9d43-476c8ad9954f"
2479,184,"2023-06-28","05:00 PM",45,"Singleplayer","Controller","Lounge","Switch","17a87e84-cecb-44fa-9d43-476c8ad9954f"
2480,184,"2023-06-29","04:00 PM",30,"Singleplayer","Controller","Lounge","Switch","17a87e84-cecb-44fa-9d43-476c8ad9954f"
2481,184,"2023-07-01","03:00 PM",60,"Singleplayer","Controller","Lounge","Switch","17a87e84-cecb-44fa-9d43-476c8ad9954f"
2482,184,"2023-07-02","08:00 AM",60,"Singleplayer","Controller","Lounge","Switch","17a87e84-cecb-44fa-9d43-476c8ad9954f"
2483,126,"2023-07-04","06:00 PM",60,"Online Multiplayer","Controller","Lounge","PC","17a87e84-cecb-44fa-9d43-476c8ad9954f"
2484,184,"2023-07-06","05:00 PM",45,"Singleplayer","Controller","Lounge","Switch","17a87e84-cecb-44fa-9d43-476c8ad9954f"
2485,126,"2023-07-06","06:00 PM",60,"Online Multiplayer","Controller","Lounge","PC","17a87e84-cecb-44fa-9d43-476c8ad9954f"
2486,184,"2023-07-07","07:00 AM",45,"Singleplayer","Controller","Lounge","Switch","17a87e84-cecb-44fa-9d43-476c8ad9954f"
2487,184,"2023-07-08","07:00 AM",30,"Singleplayer","Controller","Lounge","Switch","17a87e84-cecb-44fa-9d43-476c8ad9954f"
2488,184,"2023-07-08","02:00 PM",60,"Singleplayer","Controller","Lounge","Switch","17a87e84-cecb-44fa-9d43-476c8ad9954f"
2489,184,"2023-07-09","07:00 AM",60,"Singleplayer","Controller","Lounge","Switch","17a87e84-cecb-44fa-9d43-476c8ad9954f"
2490,184,"2023-07-09","11:00 AM",60,"Singleplayer","Controller","Lounge","Switch","17a87e84-cecb-44fa-9d43-476c8ad9954f"
2491,184,"2023-07-09","06:00 PM",30,"Singleplayer","Controller","Lounge","Switch","17a87e84-cecb-44fa-9d43-476c8ad9954f"
2492,184,"2023-07-09","09:00 PM",30,"Singleplayer","Controller","Lounge","Switch","17a87e84-cecb-44fa-9d43-476c8ad9954f"
2493,184,"2023-07-10","04:00 PM",60,"Singleplayer","Controller","Lounge","Switch","17a87e84-cecb-44fa-9d43-476c8ad9954f"
2494,184,"2023-07-10","07:00 PM",60,"Singleplayer","Controller","Lounge","Switch","17a87e84-cecb-44fa-9d43-476c8ad9954f"
2495,184,"2023-07-11","04:00 PM",60,"Singleplayer","Controller","Lounge","Switch","17a87e84-cecb-44fa-9d43-476c8ad9954f"
2496,126,"2023-07-11","06:00 PM",45,"Online Multiplayer","Controller","Lounge","PC","17a87e84-cecb-44fa-9d43-476c8ad9954f"
2497,184,"2023-07-12","04:00 PM",45,"Singleplayer","Controller","Lounge","Switch","17a87e84-cecb-44fa-9d43-476c8ad9954f"
2498,184,"2023-07-13","08:00 AM",30,"Singleplayer","Controller","Lounge","Switch","17a87e84-cecb-44fa-9d43-476c8ad9954f"
2499,184,"2023-07-13","04:00 PM",60,"Singleplayer","Controller","Lounge","Switch","17a87e84-cecb-44fa-9d43-476c8ad9954f"
2500,184,"2023-07-14","07:00 AM",45,"Singleplayer","Controller","Lounge","Switch","17a87e84-cecb-44fa-9d43-476c8ad9954f"
2501,184,"2023-07-14","06:00 PM",45,"Singleplayer","Controller","Lounge","Switch","17a87e84-cecb-44fa-9d43-476c8ad9954f"
2502,184,"2023-07-15","08:00 AM",60,"Singleplayer","Controller","Lounge","Switch","17a87e84-cecb-44fa-9d43-476c8ad9954f"
2503,184,"2023-07-16","07:00 AM",60,"Singleplayer","Controller","Lounge","Switch","17a87e84-cecb-44fa-9d43-476c8ad9954f"
2504,9,"2023-07-16","01:00 PM",75,"Local Multiplayer","Controller","Lounge","Switch","17a87e84-cecb-44fa-9d43-476c8ad9954f"
2505,184,"2023-07-17","03:00 PM",60,"Singleplayer","Controller","Lounge","Switch","17a87e84-cecb-44fa-9d43-476c8ad9954f"
2506,184,"2023-07-18","07:00 AM",60,"Singleplayer","Controller","Lounge","Switch","17a87e84-cecb-44fa-9d43-476c8ad9954f"
2507,184,"2023-07-18","11:00 AM",45,"Singleplayer","Controller","Lounge","Switch","17a87e84-cecb-44fa-9d43-476c8ad9954f"
2508,184,"2023-07-18","05:00 PM",45,"Singleplayer","Controller","Lounge","Switch","17a87e84-cecb-44fa-9d43-476c8ad9954f"
2509,184,"2023-07-20","07:00 AM",30,"Singleplayer","Controller","Lounge","Switch","17a87e84-cecb-44fa-9d43-476c8ad9954f"
2510,184,"2023-07-20","04:00 PM",60,"Singleplayer","Controller","Lounge","Switch","17a87e84-cecb-44fa-9d43-476c8ad9954f"
2511,184,"2023-07-21","07:00 AM",30,"Singleplayer","Controller","Lounge","Switch","17a87e84-cecb-44fa-9d43-476c8ad9954f"
2512,184,"2023-07-21","12:00 PM",45,"Singleplayer","Controller","Lounge","Switch","17a87e84-cecb-44fa-9d43-476c8ad9954f"
2513,184,"2023-07-22","07:00 AM",45,"Singleplayer","Controller","Lounge","Switch","17a87e84-cecb-44fa-9d43-476c8ad9954f"
2514,184,"2023-07-22","02:00 PM",60,"Singleplayer","Controller","Lounge","Switch","17a87e84-cecb-44fa-9d43-476c8ad9954f"
2515,184,"2023-07-22","05:00 PM",30,"Singleplayer","Controller","Lounge","Switch","17a87e84-cecb-44fa-9d43-476c8ad9954f"
2516,184,"2023-07-23","08:00 AM",45,"Singleplayer","Controller","Lounge","Switch","17a87e84-cecb-44fa-9d43-476c8ad9954f"
2517,184,"2023-07-23","11:00 AM",30,"Singleplayer","Controller","Lounge","Switch","17a87e84-cecb-44fa-9d43-476c8ad9954f"
2518,184,"2023-07-23","05:00 PM",30,"Singleplayer","Controller","Lounge","Switch","17a87e84-cecb-44fa-9d43-476c8ad9954f"
2519,184,"2023-07-23","08:00 AM",30,"Singleplayer","Controller","Lounge","Switch","17a87e84-cecb-44fa-9d43-476c8ad9954f"
2520,184,"2023-07-24","12:00 PM",30,"Singleplayer","Controller","Lounge","Switch","17a87e84-cecb-44fa-9d43-476c8ad9954f"
2521,184,"2023-07-24","05:00 PM",60,"Singleplayer","Controller","Lounge","Switch","17a87e84-cecb-44fa-9d43-476c8ad9954f"
2522,184,"2023-07-24","10:00 PM",30,"Singleplayer","Controller","Lounge","Switch","17a87e84-cecb-44fa-9d43-476c8ad9954f"
2523,184,"2023-07-25","08:00 AM",30,"Singleplayer","Controller","Lounge","Switch","17a87e84-cecb-44fa-9d43-476c8ad9954f"
2524,184,"2023-07-25","12:00 PM",30,"Singleplayer","Controller","Lounge","Switch","17a87e84-cecb-44fa-9d43-476c8ad9954f"
2525,184,"2023-07-25","05:00 PM",75,"Singleplayer","Controller","Lounge","Switch","17a87e84-cecb-44fa-9d43-476c8ad9954f"
2526,184,"2023-07-26","09:00 PM",30,"Singleplayer","Controller","Lounge","Switch","17a87e84-cecb-44fa-9d43-476c8ad9954f"
2527,184,"2023-07-27","06:00 AM",30,"Singleplayer","Controller","Lounge","Switch","17a87e84-cecb-44fa-9d43-476c8ad9954f"
2528,184,"2023-07-28","04:00 PM",30,"Singleplayer","Controller","Lounge","Switch","17a87e84-cecb-44fa-9d43-476c8ad9954f"
2529,184,"2023-07-29","07:00 AM",30,"Singleplayer","Controller","Lounge","Switch","17a87e84-cecb-44fa-9d43-476c8ad9954f"
2530,184,"2023-07-29","12:00 PM",60,"Singleplayer","Controller","Lounge","Switch","17a87e84-cecb-44fa-9d43-476c8ad9954f"
2531,184,"2023-07-29","04:00 PM",45,"Singleplayer","Controller","Lounge","Switch","17a87e84-cecb-44fa-9d43-476c8ad9954f"
2532,184,"2023-07-30","07:00 AM",30,"Singleplayer","Controller","Lounge","Switch","17a87e84-cecb-44fa-9d43-476c8ad9954f"
2533,184,"2023-07-30","04:00 PM",60,"Singleplayer","Controller","Lounge","Switch","17a87e84-cecb-44fa-9d43-476c8ad9954f"
2534,184,"2023-07-31","07:00 AM",30,"Singleplayer","Controller","Lounge","Switch","17a87e84-cecb-44fa-9d43-476c8ad9954f"
2535,184,"2023-07-31","06:00 PM",60,"Singleplayer","Controller","Lounge","Switch","17a87e84-cecb-44fa-9d43-476c8ad9954f"
2536,184,"2023-08-01","07:00 AM",30,"Singleplayer","Controller","Lounge","Switch","17a87e84-cecb-44fa-9d43-476c8ad9954f"
2537,184,"2023-08-01","12:00 PM",60,"Singleplayer","Controller","Lounge","Switch","17a87e84-cecb-44fa-9d43-476c8ad9954f"
2538,184,"2023-08-01","05:00 PM",30,"Singleplayer","Controller","Lounge","Switch","17a87e84-cecb-44fa-9d43-476c8ad9954f"
2539,184,"2023-08-01","10:00 PM",30,"Singleplayer","Controller","Lounge","Switch","17a87e84-cecb-44fa-9d43-476c8ad9954f"
2540,184,"2023-08-02","07:00 AM",30,"Singleplayer","Controller","Lounge","Switch","17a87e84-cecb-44fa-9d43-476c8ad9954f"
2541,184,"2023-08-02","09:00 PM",15,"Singleplayer","Controller","Lounge","Switch","17a87e84-cecb-44fa-9d43-476c8ad9954f"
2542,184,"2023-08-03","07:00 AM",30,"Singleplayer","Controller","Lounge","Switch","17a87e84-cecb-44fa-9d43-476c8ad9954f"
2543,184,"2023-08-03","12:00 PM",30,"Singleplayer","Controller","Lounge","Switch","17a87e84-cecb-44fa-9d43-476c8ad9954f"
2544,184,"2023-08-03","04:00 PM",75,"Singleplayer","Controller","Lounge","Switch","17a87e84-cecb-44fa-9d43-476c8ad9954f"
2545,150,"2023-08-03","07:00 PM",60,"Online Multiplayer","Controller","Lounge","PC","17a87e84-cecb-44fa-9d43-476c8ad9954f"
2546,184,"2023-08-04","08:00 AM",30,"Singleplayer","Controller","Lounge","Switch","17a87e84-cecb-44fa-9d43-476c8ad9954f"
2547,184,"2023-08-04","12:00 PM",30,"Singleplayer","Controller","Lounge","Switch","17a87e84-cecb-44fa-9d43-476c8ad9954f"
2548,184,"2023-08-04","04:00 PM",45,"Singleplayer","Controller","Lounge","Switch","17a87e84-cecb-44fa-9d43-476c8ad9954f"
2549,184,"2023-08-05","07:00 AM",30,"Singleplayer","Controller","Lounge","Switch","17a87e84-cecb-44fa-9d43-476c8ad9954f"
2550,184,"2023-08-05","03:00 PM",45,"Singleplayer","Controller","Lounge","Switch","17a87e84-cecb-44fa-9d43-476c8ad9954f"
2551,184,"2023-08-06","07:00 AM",45,"Singleplayer","Controller","Lounge","Switch","17a87e84-cecb-44fa-9d43-476c8ad9954f"
2552,184,"2023-08-06","11:00 AM",45,"Singleplayer","Controller","Lounge","Switch","17a87e84-cecb-44fa-9d43-476c8ad9954f"
2553,150,"2023-08-06","06:00 PM",60,"Online Multiplayer","Controller","Lounge","PC","17a87e84-cecb-44fa-9d43-476c8ad9954f"
2554,184,"2023-08-07","07:00 AM",30,"Singleplayer","Controller","Lounge","Switch","17a87e84-cecb-44fa-9d43-476c8ad9954f"
2555,184,"2023-08-07","12:00 PM",30,"Singleplayer","Controller","Lounge","Switch","17a87e84-cecb-44fa-9d43-476c8ad9954f"
2556,184,"2023-08-07","05:00 PM",90,"Singleplayer","Controller","Lounge","Switch","17a87e84-cecb-44fa-9d43-476c8ad9954f"
2557,184,"2023-08-08","08:00 AM",30,"Singleplayer","Controller","Lounge","Switch","17a87e84-cecb-44fa-9d43-476c8ad9954f"
2558,184,"2023-08-08","12:00 PM",30,"Singleplayer","Controller","Lounge","Switch","17a87e84-cecb-44fa-9d43-476c8ad9954f"
2559,184,"2023-08-08","05:00 PM",45,"Singleplayer","Controller","Lounge","Switch","17a87e84-cecb-44fa-9d43-476c8ad9954f"
2560,184,"2023-08-10","12:00 PM",30,"Singleplayer","Controller","Lounge","Switch","17a87e84-cecb-44fa-9d43-476c8ad9954f"
2561,184,"2023-08-10","05:00 PM",30,"Singleplayer","Controller","Lounge","Switch","17a87e84-cecb-44fa-9d43-476c8ad9954f"
2562,184,"2023-08-10","06:00 PM",30,"Singleplayer","Controller","Lounge","Switch","17a87e84-cecb-44fa-9d43-476c8ad9954f"
2563,150,"2023-08-10","07:00 PM",60,"Online Multiplayer","Controller","Lounge","PC","17a87e84-cecb-44fa-9d43-476c8ad9954f"
2564,184,"2023-08-11","08:00 AM",30,"Singleplayer","Controller","Lounge","Switch","17a87e84-cecb-44fa-9d43-476c8ad9954f"
2565,184,"2023-08-11","01:00 AM",30,"Singleplayer","Controller","Lounge","Switch","17a87e84-cecb-44fa-9d43-476c8ad9954f"
2566,184,"2023-08-11","05:00 PM",75,"Singleplayer","Controller","Lounge","Switch","17a87e84-cecb-44fa-9d43-476c8ad9954f"
2567,184,"2023-08-12","07:00 AM",30,"Singleplayer","Controller","Lounge","Switch","17a87e84-cecb-44fa-9d43-476c8ad9954f"
2568,184,"2023-08-12","02:00 PM",75,"Singleplayer","Controller","Lounge","Switch","17a87e84-cecb-44fa-9d43-476c8ad9954f"
2569,184,"2023-08-13","07:00 AM",45,"Singleplayer","Controller","Lounge","Switch","17a87e84-cecb-44fa-9d43-476c8ad9954f"
2570,184,"2023-08-13","10:00 AM",60,"Singleplayer","Controller","Lounge","Switch","17a87e84-cecb-44fa-9d43-476c8ad9954f"
2571,184,"2023-08-13","04:00 PM",60,"Singleplayer","Controller","Lounge","Switch","17a87e84-cecb-44fa-9d43-476c8ad9954f"
2572,184,"2023-08-14","07:00 AM",30,"Singleplayer","Controller","Lounge","Switch","17a87e84-cecb-44fa-9d43-476c8ad9954f"
2573,184,"2023-08-14","12:00 PM",30,"Singleplayer","Controller","Lounge","Switch","17a87e84-cecb-44fa-9d43-476c8ad9954f"
2574,184,"2023-08-14","05:00 PM",75,"Singleplayer","Controller","Lounge","Switch","17a87e84-cecb-44fa-9d43-476c8ad9954f"
2575,184,"2023-08-14","10:00 PM",45,"Singleplayer","Controller","Lounge","Switch","17a87e84-cecb-44fa-9d43-476c8ad9954f"
2576,184,"2023-08-15","07:00 AM",30,"Singleplayer","Controller","Lounge","Switch","17a87e84-cecb-44fa-9d43-476c8ad9954f"
2577,184,"2023-08-15","12:00 PM",30,"Singleplayer","Controller","Lounge","Switch","17a87e84-cecb-44fa-9d43-476c8ad9954f"
2578,184,"2023-08-15","05:00 PM",60,"Singleplayer","Controller","Lounge","Switch","17a87e84-cecb-44fa-9d43-476c8ad9954f"
2579,150,"2023-08-15","06:00 PM",75,"Online Multiplayer","Controller","Lounge","PC","17a87e84-cecb-44fa-9d43-476c8ad9954f"
2580,184,"2023-08-15","08:00 PM",60,"Singleplayer","Controller","Lounge","Switch","17a87e84-cecb-44fa-9d43-476c8ad9954f"
2581,184,"2023-08-16","07:00 AM",30,"Singleplayer","Controller","Lounge","Switch","17a87e84-cecb-44fa-9d43-476c8ad9954f"
2582,9,"2023-08-16","06:00 PM",60,"Local Multiplayer","Controller","Lounge","Switch","17a87e84-cecb-44fa-9d43-476c8ad9954f"
2583,184,"2023-08-17","07:00 AM",30,"Singleplayer","Controller","Lounge","Switch","17a87e84-cecb-44fa-9d43-476c8ad9954f"
2584,184,"2023-08-17","12:00 PM",30,"Singleplayer","Controller","Lounge","Switch","17a87e84-cecb-44fa-9d43-476c8ad9954f"
2585,184,"2023-08-17","04:00 PM",60,"Singleplayer","Controller","Lounge","Switch","17a87e84-cecb-44fa-9d43-476c8ad9954f"
2586,150,"2023-08-17","06:00 PM",75,"Online Multiplayer","Controller","Lounge","PC","17a87e84-cecb-44fa-9d43-476c8ad9954f"
2587,184,"2023-08-17","08:00 PM",75,"Singleplayer","Controller","Lounge","Switch","17a87e84-cecb-44fa-9d43-476c8ad9954f"
2588,184,"2023-08-18","07:00 AM",30,"Singleplayer","Controller","Lounge","Switch","17a87e84-cecb-44fa-9d43-476c8ad9954f"
2589,184,"2023-08-18","12:00 PM",30,"Singleplayer","Controller","Lounge","Switch","17a87e84-cecb-44fa-9d43-476c8ad9954f"
2590,184,"2023-08-18","05:00 PM",75,"Singleplayer","Controller","Lounge","Switch","17a87e84-cecb-44fa-9d43-476c8ad9954f"
2591,184,"2023-08-19","07:00 AM",60,"Singleplayer","Controller","Lounge","Switch","17a87e84-cecb-44fa-9d43-476c8ad9954f"
2592,184,"2023-08-19","01:00 PM",45,"Singleplayer","Controller","Lounge","Switch","17a87e84-cecb-44fa-9d43-476c8ad9954f"
2593,9,"2023-08-19","02:00 PM",60,"Local Multiplayer","Controller","Lounge","Switch","17a87e84-cecb-44fa-9d43-476c8ad9954f"
2594,184,"2023-08-19","04:00 PM",60,"Singleplayer","Controller","Lounge","Switch","17a87e84-cecb-44fa-9d43-476c8ad9954f"
2595,150,"2023-08-19","06:00 PM",180,"Online Multiplayer","Controller","Lounge","PC","17a87e84-cecb-44fa-9d43-476c8ad9954f"
2596,184,"2023-08-20","08:00 AM",60,"Singleplayer","Controller","Lounge","Switch","17a87e84-cecb-44fa-9d43-476c8ad9954f"
2597,184,"2023-08-20","11:00 AM",30,"Singleplayer","Controller","Lounge","Switch","17a87e84-cecb-44fa-9d43-476c8ad9954f"
2598,9,"2023-08-20","01:00 PM",60,"Local Multiplayer","Controller","Lounge","Switch","17a87e84-cecb-44fa-9d43-476c8ad9954f"
2599,184,"2023-08-20","04:00 PM",60,"Singleplayer","Controller","Lounge","Switch","17a87e84-cecb-44fa-9d43-476c8ad9954f"
2600,184,"2023-08-21","07:00 AM",30,"Singleplayer","Controller","Lounge","Switch","17a87e84-cecb-44fa-9d43-476c8ad9954f"
2601,184,"2023-08-21","12:00 PM",30,"Singleplayer","Controller","Lounge","Switch","17a87e84-cecb-44fa-9d43-476c8ad9954f"
2602,184,"2023-08-21","05:00 PM",45,"Singleplayer","Controller","Lounge","Switch","17a87e84-cecb-44fa-9d43-476c8ad9954f"
2603,184,"2023-08-22","07:00 AM",30,"Singleplayer","Controller","Lounge","Switch","17a87e84-cecb-44fa-9d43-476c8ad9954f"
2604,184,"2023-08-22","05:00 PM",75,"Singleplayer","Controller","Lounge","Switch","17a87e84-cecb-44fa-9d43-476c8ad9954f"
2605,150,"2023-08-24","07:00 PM",60,"Online Multiplayer","Controller","Lounge","PC","17a87e84-cecb-44fa-9d43-476c8ad9954f"
2606,150,"2023-08-25","06:00 PM",90,"Online Multiplayer","Controller","Lounge","PC","17a87e84-cecb-44fa-9d43-476c8ad9954f"
2607,9,"2023-08-26","02:00 PM",30,"Online Multiplayer","Controller","Lounge","Switch","17a87e84-cecb-44fa-9d43-476c8ad9954f"
2608,175,"2023-08-26","03:00 PM",30,"Singleplayer","Controller","Lounge","PS4","17a87e84-cecb-44fa-9d43-476c8ad9954f"
2609,175,"2023-08-26","05:00 PM",30,"Singleplayer","Controller","Lounge","PS4","17a87e84-cecb-44fa-9d43-476c8ad9954f"
2610,175,"2023-08-28","05:00 PM",60,"Singleplayer","Controller","Lounge","PS4","17a87e84-cecb-44fa-9d43-476c8ad9954f"
2611,175,"2023-08-29","05:00 PM",30,"Singleplayer","Controller","Lounge","PS4","17a87e84-cecb-44fa-9d43-476c8ad9954f"
2612,175,"2023-08-29","08:00 PM",45,"Singleplayer","Controller","Lounge","PS4","17a87e84-cecb-44fa-9d43-476c8ad9954f"
2613,175,"2023-08-31","05:00 PM",45,"Singleplayer","Controller","Lounge","PS4","17a87e84-cecb-44fa-9d43-476c8ad9954f"
2614,150,"2023-08-31","06:00 PM",75,"Online Multiplayer","Controller","Lounge","PC","17a87e84-cecb-44fa-9d43-476c8ad9954f"
2615,175,"2023-08-31","08:00 PM",60,"Singleplayer","Controller","Lounge","PS4","17a87e84-cecb-44fa-9d43-476c8ad9954f"
2616,175,"2023-09-01","07:00 AM",30,"Singleplayer","Controller","Lounge","PS4","17a87e84-cecb-44fa-9d43-476c8ad9954f"
2617,175,"2023-09-01","05:00 PM",60,"Singleplayer","Controller","Lounge","PS4","17a87e84-cecb-44fa-9d43-476c8ad9954f"
2618,175,"2023-09-02","07:00 AM",30,"Singleplayer","Controller","Lounge","PS4","17a87e84-cecb-44fa-9d43-476c8ad9954f"
2619,175,"2023-09-02","03:00 PM",45,"Singleplayer","Controller","Lounge","PS4","17a87e84-cecb-44fa-9d43-476c8ad9954f"
2620,175,"2023-09-03","09:00 AM",30,"Singleplayer","Controller","Lounge","PS4","17a87e84-cecb-44fa-9d43-476c8ad9954f"
2621,175,"2023-09-03","01:00 PM",60,"Singleplayer","Controller","Lounge","PS4","17a87e84-cecb-44fa-9d43-476c8ad9954f"
2622,175,"2023-09-04","12:00 PM",30,"Singleplayer","Controller","Lounge","PS4","17a87e84-cecb-44fa-9d43-476c8ad9954f"
2623,175,"2023-09-05","12:00 PM",30,"Singleplayer","Controller","Lounge","PS4","17a87e84-cecb-44fa-9d43-476c8ad9954f"
2624,175,"2023-09-06","07:00 AM",30,"Singleplayer","Controller","Lounge","PS4","17a87e84-cecb-44fa-9d43-476c8ad9954f"
2625,175,"2023-09-06","09:00 PM",30,"Singleplayer","Controller","Lounge","PS4","17a87e84-cecb-44fa-9d43-476c8ad9954f"
2626,175,"2023-09-07","07:00 AM",30,"Singleplayer","Controller","Lounge","PS4","17a87e84-cecb-44fa-9d43-476c8ad9954f"
2627,175,"2023-09-07","05:00 PM",60,"Singleplayer","Controller","Lounge","PS4","17a87e84-cecb-44fa-9d43-476c8ad9954f"
2628,175,"2023-09-07","08:00 PM",60,"Singleplayer","Controller","Lounge","PS4","17a87e84-cecb-44fa-9d43-476c8ad9954f"
2629,175,"2023-09-08","07:00 AM",30,"Singleplayer","Controller","Lounge","PS4","17a87e84-cecb-44fa-9d43-476c8ad9954f"
2630,175,"2023-09-09","07:00 AM",60,"Singleplayer","Controller","Lounge","PS4","17a87e84-cecb-44fa-9d43-476c8ad9954f"
2631,175,"2023-09-10","08:00 AM",45,"Singleplayer","Controller","Lounge","PS4","17a87e84-cecb-44fa-9d43-476c8ad9954f"
2632,175,"2023-09-11","07:00 AM",45,"Singleplayer","Controller","Lounge","PS4","17a87e84-cecb-44fa-9d43-476c8ad9954f"
2633,175,"2023-09-12","07:00 AM",30,"Singleplayer","Controller","Lounge","PS4","17a87e84-cecb-44fa-9d43-476c8ad9954f"
2634,175,"2023-09-12","04:00 PM",60,"Singleplayer","Controller","Lounge","PS4","17a87e84-cecb-44fa-9d43-476c8ad9954f"
2635,175,"2023-09-13","06:00 AM",45,"Singleplayer","Controller","Lounge","PS4","17a87e84-cecb-44fa-9d43-476c8ad9954f"
2636,175,"2023-09-13","08:00 PM",60,"Singleplayer","Controller","Lounge","PS4","17a87e84-cecb-44fa-9d43-476c8ad9954f"
2637,175,"2023-09-15","12:00 PM",45,"Singleplayer","Controller","Lounge","PS4","17a87e84-cecb-44fa-9d43-476c8ad9954f"
2638,175,"2023-09-15","04:00 PM",45,"Singleplayer","Controller","Lounge","PS4","17a87e84-cecb-44fa-9d43-476c8ad9954f"
2639,126,"2023-09-15","07:00 PM",60,"Online Multiplayer","Controller","Lounge","PC","17a87e84-cecb-44fa-9d43-476c8ad9954f"
2640,175,"2023-09-16","05:00 PM",45,"Singleplayer","Controller","Lounge","PS4","17a87e84-cecb-44fa-9d43-476c8ad9954f"
2641,175,"2023-09-17","08:00 AM",60,"Singleplayer","Controller","Lounge","PS4","17a87e84-cecb-44fa-9d43-476c8ad9954f"
2642,175,"2023-09-17","03:00 PM",45,"Singleplayer","Controller","Lounge","PS4","17a87e84-cecb-44fa-9d43-476c8ad9954f"
2643,175,"2023-09-18","07:00 AM",45,"Singleplayer","Controller","Lounge","PS4","17a87e84-cecb-44fa-9d43-476c8ad9954f"
2644,175,"2023-09-19","05:00 PM",75,"Singleplayer","Controller","Lounge","PS4","17a87e84-cecb-44fa-9d43-476c8ad9954f"
2645,185,"2023-09-25","05:00 PM",45,"Singleplayer","Controller","Lounge","PS4","17a87e84-cecb-44fa-9d43-476c8ad9954f"
2646,185,"2023-09-26","12:00 PM",60,"Singleplayer","Controller","Lounge","PS4","17a87e84-cecb-44fa-9d43-476c8ad9954f"
2647,185,"2023-09-26","05:00 PM",60,"Singleplayer","Controller","Lounge","PS4","17a87e84-cecb-44fa-9d43-476c8ad9954f"
2648,185,"2023-09-28","05:00 PM",60,"Singleplayer","Controller","Lounge","PS4","17a87e84-cecb-44fa-9d43-476c8ad9954f"
2649,185,"2023-09-29","01:00 PM",60,"Singleplayer","Controller","Lounge","PS4","17a87e84-cecb-44fa-9d43-476c8ad9954f"
2650,185,"2023-09-30","07:00 AM",30,"Singleplayer","Controller","Lounge","PS4","17a87e84-cecb-44fa-9d43-476c8ad9954f"
2651,185,"2023-10-01","04:00 PM",75,"Singleplayer","Controller","Lounge","PS4","17a87e84-cecb-44fa-9d43-476c8ad9954f"
2652,185,"2023-10-01","06:00 PM",45,"Singleplayer","Controller","Lounge","PS4","17a87e84-cecb-44fa-9d43-476c8ad9954f"
2653,185,"2023-10-02","05:00 PM",60,"Singleplayer","Controller","Lounge","PS4","17a87e84-cecb-44fa-9d43-476c8ad9954f"
2654,185,"2023-10-02","08:00 PM",30,"Singleplayer","Controller","Lounge","PS4","17a87e84-cecb-44fa-9d43-476c8ad9954f"
2655,185,"2023-10-03","07:00 AM",60,"Singleplayer","Controller","Lounge","PS4","17a87e84-cecb-44fa-9d43-476c8ad9954f"
2656,185,"2023-10-03","10:00 AM",90,"Singleplayer","Controller","Lounge","PS4","17a87e84-cecb-44fa-9d43-476c8ad9954f"
2657,185,"2023-10-03","03:00 PM",30,"Singleplayer","Controller","Lounge","PS4","17a87e84-cecb-44fa-9d43-476c8ad9954f"
2658,186,"2023-10-07","08:00 PM",45,"Local Multiplayer","Controller","Jordans Garage","PS3","17a87e84-cecb-44fa-9d43-476c8ad9954f"
2659,187,"2023-10-07","09:00 PM",30,"Online Multiplayer","Controller","Jordans Garage","PS3","17a87e84-cecb-44fa-9d43-476c8ad9954f"
2660,188,"2023-10-07","10:00 PM",90,"Local Multiplayer","Controller","Jordans Garage","PS3","17a87e84-cecb-44fa-9d43-476c8ad9954f"
2661,189,"2023-10-11","06:00 PM",90,"Online Multiplayer","Controller","Lounge","Switch","17a87e84-cecb-44fa-9d43-476c8ad9954f"
2662,189,"2023-10-12","07:00 PM",90,"Online Multiplayer","Controller","Lounge","Switch","17a87e84-cecb-44fa-9d43-476c8ad9954f"
2663,190,"2023-10-14","03:00 PM",30,"Online Multiplayer","Controller","Lounge","Switch","17a87e84-cecb-44fa-9d43-476c8ad9954f"
2664,189,"2023-10-14","04:00 PM",60,"Online Multiplayer","Controller","Lounge","Switch","17a87e84-cecb-44fa-9d43-476c8ad9954f"
2665,189,"2023-10-16","05:00 PM",90,"Online Multiplayer","Controller","Lounge","Switch","17a87e84-cecb-44fa-9d43-476c8ad9954f"
2666,191,"2023-10-16","07:00 PM",30,"Online Multiplayer","Controller","Lounge","PC","17a87e84-cecb-44fa-9d43-476c8ad9954f"
2667,150,"2023-10-19","06:00 PM",120,"Online Multiplayer","Controller","Lounge","PC","17a87e84-cecb-44fa-9d43-476c8ad9954f"
2668,192,"2023-10-22","06:00 PM",30,"Singleplayer","Controller","Lounge","Switch","17a87e84-cecb-44fa-9d43-476c8ad9954f"
2669,192,"2023-10-23","07:00 AM",30,"Singleplayer","Controller","Lounge","Switch","17a87e84-cecb-44fa-9d43-476c8ad9954f"
2670,192,"2023-10-23","06:00 PM",45,"Singleplayer","Controller","Lounge","Switch","17a87e84-cecb-44fa-9d43-476c8ad9954f"
2671,126,"2023-10-24","07:00 PM",30,"Singleplayer","Controller","Lounge","PC","17a87e84-cecb-44fa-9d43-476c8ad9954f"
2672,192,"2023-10-24","08:00 PM",30,"Singleplayer","Controller","Lounge","Switch","17a87e84-cecb-44fa-9d43-476c8ad9954f"
2673,192,"2023-10-26","07:00 AM",15,"Singleplayer","Controller","Lounge","Switch","17a87e84-cecb-44fa-9d43-476c8ad9954f"
2674,192,"2023-10-26","07:00 PM",15,"Singleplayer","Controller","Lounge","Switch","17a87e84-cecb-44fa-9d43-476c8ad9954f"
2675,192,"2023-10-26","08:00 PM",30,"Singleplayer","Controller","Lounge","Switch","17a87e84-cecb-44fa-9d43-476c8ad9954f"
2676,192,"2023-10-27","05:00 PM",30,"Singleplayer","Controller","Lounge","Switch","17a87e84-cecb-44fa-9d43-476c8ad9954f"
2677,192,"2023-10-27","08:00 PM",30,"Singleplayer","Controller","Lounge","Switch","17a87e84-cecb-44fa-9d43-476c8ad9954f"
2678,192,"2023-10-28","03:00 PM",30,"Singleplayer","Controller","Lounge","Switch","17a87e84-cecb-44fa-9d43-476c8ad9954f"
2679,192,"2023-10-31","05:00 PM",30,"Singleplayer","Controller","Lounge","Switch","17a87e84-cecb-44fa-9d43-476c8ad9954f"
2680,192,"2023-10-31","09:00 PM",30,"Singleplayer","Controller","Lounge","Switch","17a87e84-cecb-44fa-9d43-476c8ad9954f"
2681,192,"2023-11-01","05:00 PM",30,"Singleplayer","Controller","Lounge","Switch","17a87e84-cecb-44fa-9d43-476c8ad9954f"
2682,192,"2023-11-02","07:00 PM",60,"Online Multiplayer","Controller","Lounge","Switch","17a87e84-cecb-44fa-9d43-476c8ad9954f"
2683,192,"2023-11-03","07:00 AM",30,"Singleplayer","Controller","Lounge","Switch","17a87e84-cecb-44fa-9d43-476c8ad9954f"
2684,192,"2023-11-03","05:00 PM",30,"Singleplayer","Controller","Lounge","Switch","17a87e84-cecb-44fa-9d43-476c8ad9954f"
2685,192,"2023-11-03","07:00 PM",60,"Online Multiplayer","Controller","Lounge","Switch","17a87e84-cecb-44fa-9d43-476c8ad9954f"
2686,192,"2023-11-04","08:00 AM",30,"Singleplayer","Controller","Lounge","Switch","17a87e84-cecb-44fa-9d43-476c8ad9954f"
2687,193,"2023-11-04","08:00 PM",60,"Local Multiplayer","Controller","Kyle & Simones","PC","17a87e84-cecb-44fa-9d43-476c8ad9954f"
2688,192,"2023-11-05","09:00 AM",30,"Singleplayer","Controller","Lounge","Switch","17a87e84-cecb-44fa-9d43-476c8ad9954f"
2689,192,"2023-11-05","05:00 PM",30,"Singleplayer","Controller","Lounge","Switch","17a87e84-cecb-44fa-9d43-476c8ad9954f"
2690,192,"2023-11-05","07:00 PM",30,"Online Multiplayer","Controller","Lounge","Switch","17a87e84-cecb-44fa-9d43-476c8ad9954f"
2691,192,"2023-11-06","04:00 PM",30,"Singleplayer","Controller","Lounge","Switch","17a87e84-cecb-44fa-9d43-476c8ad9954f"
2692,192,"2023-11-06","05:00 PM",30,"Singleplayer","Controller","Lounge","Switch","17a87e84-cecb-44fa-9d43-476c8ad9954f"
2693,192,"2023-11-06","08:00 PM",30,"Singleplayer","Controller","Lounge","Switch","17a87e84-cecb-44fa-9d43-476c8ad9954f"
2694,192,"2023-11-07","06:00 AM",30,"Singleplayer","Controller","Lounge","Switch","17a87e84-cecb-44fa-9d43-476c8ad9954f"
2695,192,"2023-11-07","10:00 AM",30,"Singleplayer","Controller","Lounge","Switch","17a87e84-cecb-44fa-9d43-476c8ad9954f"
2696,192,"2023-11-07","08:00 PM",30,"Singleplayer","Controller","Lounge","Switch","17a87e84-cecb-44fa-9d43-476c8ad9954f"
2697,192,"2023-11-08","07:00 AM",15,"Singleplayer","Controller","Lounge","Switch","17a87e84-cecb-44fa-9d43-476c8ad9954f"
2698,192,"2023-11-09","05:00 PM",30,"Singleplayer","Controller","Lounge","Switch","17a87e84-cecb-44fa-9d43-476c8ad9954f"
2699,9,"2023-11-09","06:00 PM",30,"Online Multiplayer","Controller","Lounge","Switch","17a87e84-cecb-44fa-9d43-476c8ad9954f"
2700,194,"2023-11-09","07:00 PM",75,"Online Multiplayer","Controller","Lounge","Switch","17a87e84-cecb-44fa-9d43-476c8ad9954f"
2701,194,"2023-11-10","08:00 AM",15,"Singleplayer","Controller","Lounge","Switch","17a87e84-cecb-44fa-9d43-476c8ad9954f"
2702,194,"2023-11-10","12:00 PM",15,"Singleplayer","Controller","Lounge","Switch","17a87e84-cecb-44fa-9d43-476c8ad9954f"
2703,194,"2023-11-10","01:00 PM",30,"Singleplayer","Controller","Lounge","Switch","17a87e84-cecb-44fa-9d43-476c8ad9954f"
2704,194,"2023-11-10","05:00 PM",30,"Singleplayer","Controller","Lounge","Switch","17a87e84-cecb-44fa-9d43-476c8ad9954f"
2705,194,"2023-11-10","06:00 PM",90,"Online Multiplayer","Controller","Lounge","Switch","17a87e84-cecb-44fa-9d43-476c8ad9954f"
2706,194,"2023-11-11","07:00 AM",30,"Singleplayer","Controller","Lounge","Switch","17a87e84-cecb-44fa-9d43-476c8ad9954f"
2707,194,"2023-11-11","08:00 AM",45,"Singleplayer","Controller","Lounge","Switch","17a87e84-cecb-44fa-9d43-476c8ad9954f"
2708,194,"2023-11-11","03:00 PM",90,"Online Multiplayer","Controller","Lounge","Switch","17a87e84-cecb-44fa-9d43-476c8ad9954f"
2709,194,"2023-11-12","05:00 PM",30,"Singleplayer","Controller","Lounge","Switch","17a87e84-cecb-44fa-9d43-476c8ad9954f"
2710,195,"2023-11-14","12:00 PM",45,"Singleplayer","Controller","Lounge","Switch","17a87e84-cecb-44fa-9d43-476c8ad9954f"
2711,195,"2023-11-14","05:00 PM",30,"Singleplayer","Controller","Lounge","Switch","17a87e84-cecb-44fa-9d43-476c8ad9954f"
2712,194,"2023-11-14","06:00 PM",90,"Online Multiplayer","Controller","Lounge","Switch","17a87e84-cecb-44fa-9d43-476c8ad9954f"
2713,195,"2023-11-16","12:00 PM",30,"Singleplayer","Controller","Lounge","Switch","17a87e84-cecb-44fa-9d43-476c8ad9954f"
2714,195,"2023-11-16","05:00 PM",30,"Local Multiplayer","Controller","Lounge","Switch","17a87e84-cecb-44fa-9d43-476c8ad9954f"
2715,195,"2023-11-17","07:00 AM",30,"Local Multiplayer","Controller","Lounge","Switch","17a87e84-cecb-44fa-9d43-476c8ad9954f"
2716,195,"2023-11-17","05:00 PM",30,"Local Multiplayer","Controller","Lounge","Switch","17a87e84-cecb-44fa-9d43-476c8ad9954f"
2717,195,"2023-11-18","07:00 AM",30,"Singleplayer","Controller","Lounge","Switch","17a87e84-cecb-44fa-9d43-476c8ad9954f"
2718,105,"2023-11-18","10:00 AM",120,"Local Multiplayer","Keyboard & Mouse","Lounge","PC","17a87e84-cecb-44fa-9d43-476c8ad9954f"
2719,105,"2023-11-18","01:00 PM",165,"Local Multiplayer","Keyboard & Mouse","Lounge","PC","17a87e84-cecb-44fa-9d43-476c8ad9954f"
2720,105,"2023-11-18","04:00 PM",270,"Local Multiplayer","Keyboard & Mouse","Lounge","PC","17a87e84-cecb-44fa-9d43-476c8ad9954f"
2721,105,"2023-11-19","08:00 AM",180,"Singleplayer","Keyboard & Mouse","Lounge","PC","17a87e84-cecb-44fa-9d43-476c8ad9954f"
2722,105,"2023-11-19","02:00 PM",45,"Singleplayer","Keyboard & Mouse","Lounge","PC","17a87e84-cecb-44fa-9d43-476c8ad9954f"
2723,105,"2023-11-19","03:00 PM",90,"Singleplayer","Keyboard & Mouse","Lounge","PC","17a87e84-cecb-44fa-9d43-476c8ad9954f"
2724,105,"2023-11-19","07:00 PM",90,"Singleplayer","Keyboard & Mouse","Lounge","PC","17a87e84-cecb-44fa-9d43-476c8ad9954f"
2725,105,"2023-11-20","09:00 AM",120,"Singleplayer","Keyboard & Mouse","Lounge","PC","17a87e84-cecb-44fa-9d43-476c8ad9954f"
2726,105,"2023-11-20","01:00 PM",60,"Singleplayer","Keyboard & Mouse","Lounge","PC","17a87e84-cecb-44fa-9d43-476c8ad9954f"
2727,105,"2023-11-20","05:00 PM",165,"Singleplayer","Keyboard & Mouse","Lounge","PC","17a87e84-cecb-44fa-9d43-476c8ad9954f"
2728,105,"2023-11-21","12:00 PM",30,"Singleplayer","Keyboard & Mouse","Lounge","PC","17a87e84-cecb-44fa-9d43-476c8ad9954f"
2729,105,"2023-11-21","06:00 PM",90,"Online Multiplayer","Keyboard & Mouse","Lounge","PC","17a87e84-cecb-44fa-9d43-476c8ad9954f"
2730,105,"2023-11-21","09:00 PM",90,"Singleplayer","Keyboard & Mouse","Lounge","PC","17a87e84-cecb-44fa-9d43-476c8ad9954f"
2731,105,"2023-11-23","05:00 PM",90,"Singleplayer","Keyboard & Mouse","Lounge","PC","17a87e84-cecb-44fa-9d43-476c8ad9954f"
2732,105,"2023-11-23","08:00 PM",120,"Singleplayer","Keyboard & Mouse","Lounge","PC","17a87e84-cecb-44fa-9d43-476c8ad9954f"
2733,105,"2023-11-24","08:00 AM",45,"Singleplayer","Keyboard & Mouse","Lounge","PC","17a87e84-cecb-44fa-9d43-476c8ad9954f"
2734,105,"2023-11-24","04:00 PM",90,"Singleplayer","Keyboard & Mouse","Lounge","PC","17a87e84-cecb-44fa-9d43-476c8ad9954f"
2735,105,"2023-11-25","07:00 AM",120,"Singleplayer","Keyboard & Mouse","Lounge","PC","17a87e84-cecb-44fa-9d43-476c8ad9954f"
2736,105,"2023-11-25","01:00 PM",60,"Singleplayer","Keyboard & Mouse","Lounge","PC","17a87e84-cecb-44fa-9d43-476c8ad9954f"
2737,105,"2023-11-26","08:00 AM",30,"Singleplayer","Keyboard & Mouse","Lounge","PC","17a87e84-cecb-44fa-9d43-476c8ad9954f"
2738,105,"2023-11-26","01:00 PM",60,"Singleplayer","Keyboard & Mouse","Lounge","PC","17a87e84-cecb-44fa-9d43-476c8ad9954f"
2739,105,"2023-11-26","05:00 PM",120,"Online Multiplayer","Keyboard & Mouse","Lounge","PC","17a87e84-cecb-44fa-9d43-476c8ad9954f"
2740,105,"2023-11-27","12:00 PM",30,"Singleplayer","Keyboard & Mouse","Lounge","PC","17a87e84-cecb-44fa-9d43-476c8ad9954f"
2741,195,"2023-11-27","05:00 PM",30,"Singleplayer","Controller","Lounge","Switch","17a87e84-cecb-44fa-9d43-476c8ad9954f"
2742,195,"2023-11-27","03:00 PM",30,"Singleplayer","Controller","Lounge","Switch","17a87e84-cecb-44fa-9d43-476c8ad9954f"
2743,195,"2023-11-28","07:00 PM",30,"Singleplayer","Controller","Lounge","Switch","17a87e84-cecb-44fa-9d43-476c8ad9954f"
2744,195,"2023-11-30","05:00 PM",30,"Singleplayer","Controller","Lounge","Switch","17a87e84-cecb-44fa-9d43-476c8ad9954f"
2745,195,"2023-11-30","08:00 PM",30,"Singleplayer","Controller","Lounge","Switch","17a87e84-cecb-44fa-9d43-476c8ad9954f"
2746,195,"2023-12-01","04:00 PM",30,"Singleplayer","Controller","Lounge","Switch","17a87e84-cecb-44fa-9d43-476c8ad9954f"
2747,195,"2023-12-01","09:00 PM",30,"Singleplayer","Controller","Lounge","Switch","17a87e84-cecb-44fa-9d43-476c8ad9954f"
2748,195,"2023-12-03","05:00 PM",30,"Singleplayer","Controller","Lounge","Switch","17a87e84-cecb-44fa-9d43-476c8ad9954f"
2749,195,"2023-12-04","05:00 PM",30,"Singleplayer","Controller","Lounge","Switch","17a87e84-cecb-44fa-9d43-476c8ad9954f"
2750,195,"2023-12-04","04:00 PM",30,"Singleplayer","Controller","Lounge","Switch","17a87e84-cecb-44fa-9d43-476c8ad9954f"
2751,195,"2023-12-05","05:00 PM",30,"Singleplayer","Controller","Lounge","Switch","17a87e84-cecb-44fa-9d43-476c8ad9954f"
2752,195,"2023-12-07","05:00 PM",30,"Singleplayer","Controller","Lounge","Switch","17a87e84-cecb-44fa-9d43-476c8ad9954f"
2753,195,"2023-12-08","04:00 PM",45,"Singleplayer","Controller","Lounge","Switch","17a87e84-cecb-44fa-9d43-476c8ad9954f"
2754,195,"2023-12-08","06:00 PM",60,"Singleplayer","Controller","Lounge","Switch","17a87e84-cecb-44fa-9d43-476c8ad9954f"
2755,195,"2023-12-10","03:00 PM",30,"Singleplayer","Controller","Lounge","Switch","17a87e84-cecb-44fa-9d43-476c8ad9954f"
2756,195,"2023-12-10","05:00 PM",30,"Singleplayer","Controller","Lounge","Switch","17a87e84-cecb-44fa-9d43-476c8ad9954f"
2757,195,"2023-12-10","09:00 PM",30,"Singleplayer","Controller","Lounge","Switch","17a87e84-cecb-44fa-9d43-476c8ad9954f"
2758,195,"2023-12-11","05:00 PM",30,"Singleplayer","Controller","Lounge","Switch","17a87e84-cecb-44fa-9d43-476c8ad9954f"
2759,195,"2023-12-12","12:00 PM",30,"Singleplayer","Controller","Lounge","Switch","17a87e84-cecb-44fa-9d43-476c8ad9954f"
2760,195,"2023-12-12","04:00 PM",30,"Singleplayer","Controller","Lounge","Switch","17a87e84-cecb-44fa-9d43-476c8ad9954f"
2761,195,"2023-12-12","05:00 PM",30,"Singleplayer","Controller","Lounge","Switch","17a87e84-cecb-44fa-9d43-476c8ad9954f"
2762,195,"2023-12-14","05:00 PM",45,"Singleplayer","Controller","Lounge","Switch","17a87e84-cecb-44fa-9d43-476c8ad9954f"
2763,195,"2023-12-15","08:00 AM",30,"Singleplayer","Controller","Lounge","Switch","17a87e84-cecb-44fa-9d43-476c8ad9954f"
2764,195,"2023-12-15","12:00 PM",30,"Singleplayer","Controller","Lounge","Switch","17a87e84-cecb-44fa-9d43-476c8ad9954f"
2765,195,"2023-12-15","04:00 PM",30,"Singleplayer","Controller","Lounge","Switch","17a87e84-cecb-44fa-9d43-476c8ad9954f"
2766,195,"2023-12-16","07:00 AM",30,"Singleplayer","Controller","Lounge","Switch","17a87e84-cecb-44fa-9d43-476c8ad9954f"
2767,195,"2023-12-16","12:00 PM",30,"Singleplayer","Controller","Lounge","Switch","17a87e84-cecb-44fa-9d43-476c8ad9954f"
2768,195,"2023-12-16","08:00 PM",30,"Singleplayer","Controller","Lounge","Switch","17a87e84-cecb-44fa-9d43-476c8ad9954f"
2769,195,"2023-12-17","07:00 AM",45,"Singleplayer","Controller","Lounge","Switch","17a87e84-cecb-44fa-9d43-476c8ad9954f"
2770,195,"2023-12-17","11:00 AM",30,"Singleplayer","Controller","Lounge","Switch","17a87e84-cecb-44fa-9d43-476c8ad9954f"
2771,195,"2023-12-17","06:00 AM",30,"Singleplayer","Controller","Lounge","Switch","17a87e84-cecb-44fa-9d43-476c8ad9954f"
2772,195,"2023-12-18","12:00 PM",30,"Singleplayer","Controller","Lounge","Switch","17a87e84-cecb-44fa-9d43-476c8ad9954f"
2773,195,"2023-12-18","04:00 PM",45,"Singleplayer","Controller","Lounge","Switch","17a87e84-cecb-44fa-9d43-476c8ad9954f"
2774,195,"2023-12-19","07:00 AM",30,"Singleplayer","Controller","Lounge","Switch","17a87e84-cecb-44fa-9d43-476c8ad9954f"
2775,195,"2023-12-19","12:00 PM",45,"Singleplayer","Controller","Lounge","Switch","17a87e84-cecb-44fa-9d43-476c8ad9954f"
2776,195,"2023-12-19","05:00 PM",45,"Singleplayer","Controller","Lounge","Switch","17a87e84-cecb-44fa-9d43-476c8ad9954f"
2777,150,"2023-12-19","05:00 PM",60,"Online Multiplayer","Controller","Lounge","PC","17a87e84-cecb-44fa-9d43-476c8ad9954f"
2778,195,"2023-12-19","09:00 PM",30,"Singleplayer","Controller","Lounge","Switch","17a87e84-cecb-44fa-9d43-476c8ad9954f"
2779,150,"2023-12-28","07:00 PM",90,"Online Multiplayer","Controller","Lounge","PC","17a87e84-cecb-44fa-9d43-476c8ad9954f"
2780,150,"2023-12-29","07:00 PM",120,"Online Multiplayer","Controller","Lounge","PC","17a87e84-cecb-44fa-9d43-476c8ad9954f"
2781,105,"2023-12-30","04:00 PM",120,"Online Multiplayer","Keyboard & Mouse","Lounge","PC","17a87e84-cecb-44fa-9d43-476c8ad9954f"
2782,105,"2023-12-31","10:00 AM",60,"Online Multiplayer","Keyboard & Mouse","Lounge","PC","17a87e84-cecb-44fa-9d43-476c8ad9954f"
2783,150,"2023-12-31","03:00 PM",75,"Online Multiplayer","Controller","Lounge","PC","17a87e84-cecb-44fa-9d43-476c8ad9954f"
2784,105,"2024-01-01","12:00 PM",60,"Singleplayer","Keyboard & Mouse","Lounge","PC","17a87e84-cecb-44fa-9d43-476c8ad9954f"
2785,150,"2024-01-01","07:00 PM",150,"Online Multiplayer","Controller","Lounge","PC","17a87e84-cecb-44fa-9d43-476c8ad9954f"
2786,82,"2024-01-07","02:00 PM",45,"Local Multiplayer","Controller","Conor & Nats","PS4","17a87e84-cecb-44fa-9d43-476c8ad9954f"
2787,9,"2024-01-07","09:00 PM",45,"Local Multiplayer","Controller","Jordan & Andreas","Switch","17a87e84-cecb-44fa-9d43-476c8ad9954f"
2788,150,"2024-01-11","06:00 PM",60,"Online Multiplayer","Controller","Lounge","PC","17a87e84-cecb-44fa-9d43-476c8ad9954f"
2789,196,"2024-01-14","03:00 PM",15,"Singleplayer","Controller","Lounge","PC","17a87e84-cecb-44fa-9d43-476c8ad9954f"
2790,196,"2024-01-14","04:00 PM",60,"Singleplayer","Controller","Lounge","PC","17a87e84-cecb-44fa-9d43-476c8ad9954f"
2791,196,"2024-01-14","09:00 PM",30,"Singleplayer","Controller","Lounge","PC","17a87e84-cecb-44fa-9d43-476c8ad9954f"
2792,196,"2024-01-15","05:00 PM",30,"Singleplayer","Controller","Lounge","PC","17a87e84-cecb-44fa-9d43-476c8ad9954f"
2793,150,"2024-01-19","07:00 PM",90,"Online Multiplayer","Controller","Lounge","PC","17a87e84-cecb-44fa-9d43-476c8ad9954f"
2794,106,"2024-01-21","05:00 PM",75,"Online Multiplayer","Controller","Lounge","PC","17a87e84-cecb-44fa-9d43-476c8ad9954f"
2795,105,"2024-01-27","09:00 AM",120,"Singleplayer","Keyboard & Mouse","Lounge","PC","17a87e84-cecb-44fa-9d43-476c8ad9954f"
2796,105,"2024-01-27","06:00 PM",60,"Singleplayer","Keyboard & Mouse","Lounge","PC","17a87e84-cecb-44fa-9d43-476c8ad9954f"
2797,105,"2024-01-28","05:00 PM",60,"Online Multiplayer","Keyboard & Mouse","Lounge","PC","17a87e84-cecb-44fa-9d43-476c8ad9954f"
2798,105,"2024-01-29","07:00 PM",60,"Singleplayer","Keyboard & Mouse","Lounge","PC","17a87e84-cecb-44fa-9d43-476c8ad9954f"
2799,105,"2024-01-30","06:00 PM",60,"Singleplayer","Keyboard & Mouse","Lounge","PC","17a87e84-cecb-44fa-9d43-476c8ad9954f"
2800,106,"2024-01-30","07:00 PM",60,"Online Multiplayer","Controller","Lounge","PC","17a87e84-cecb-44fa-9d43-476c8ad9954f"
2801,105,"2024-02-01","05:00 PM",45,"Singleplayer","Keyboard & Mouse","Lounge","PC","17a87e84-cecb-44fa-9d43-476c8ad9954f"
2802,105,"2024-02-01","07:00 PM",60,"Singleplayer","Keyboard & Mouse","Lounge","PC","17a87e84-cecb-44fa-9d43-476c8ad9954f"
2803,106,"2024-02-06","07:00 PM",60,"Online Multiplayer","Controller","Lounge","PC","17a87e84-cecb-44fa-9d43-476c8ad9954f"
2804,197,"2024-02-09","07:00 PM",150,"Online Multiplayer","Controller","Lounge","PC","17a87e84-cecb-44fa-9d43-476c8ad9954f"
2805,197,"2024-02-10","07:00 AM",60,"Online Multiplayer","Controller","Lounge","PC","17a87e84-cecb-44fa-9d43-476c8ad9954f"
2806,105,"2024-02-10","02:00 PM",45,"Singleplayer","Keyboard & Mouse","Lounge","PC","17a87e84-cecb-44fa-9d43-476c8ad9954f"
2807,197,"2024-02-10","04:00 PM",60,"Online Multiplayer","Controller","Lounge","PC","17a87e84-cecb-44fa-9d43-476c8ad9954f"
2808,197,"2024-02-11","11:00 AM",60,"Online Multiplayer","Controller","Lounge","PC","17a87e84-cecb-44fa-9d43-476c8ad9954f"
2809,197,"2024-02-12","09:00 PM",45,"Online Multiplayer","Controller","Lounge","PC","17a87e84-cecb-44fa-9d43-476c8ad9954f"
2810,197,"2024-02-13","07:00 PM",105,"Online Multiplayer","Controller","Lounge","PC","17a87e84-cecb-44fa-9d43-476c8ad9954f"
2811,197,"2024-02-14","09:00 PM",60,"Online Multiplayer","Controller","Lounge","PC","17a87e84-cecb-44fa-9d43-476c8ad9954f"
2812,197,"2024-02-15","07:00 PM",120,"Online Multiplayer","Controller","Lounge","PC","17a87e84-cecb-44fa-9d43-476c8ad9954f"
2813,197,"2024-02-16","03:00 PM",90,"Online Multiplayer","Controller","Lounge","PC","17a87e84-cecb-44fa-9d43-476c8ad9954f"
2814,29,"2024-02-16","08:00 PM",60,"Local Multiplayer","Controller","Kyle & Simones","Xbox","17a87e84-cecb-44fa-9d43-476c8ad9954f"
2815,197,"2024-02-17","06:00 PM",30,"Online Multiplayer","Controller","Lounge","PC","17a87e84-cecb-44fa-9d43-476c8ad9954f"
2816,150,"2024-02-17","07:00 PM",60,"Online Multiplayer","Controller","Lounge","PC","17a87e84-cecb-44fa-9d43-476c8ad9954f"
2817,105,"2024-02-18","05:00 PM",105,"Online Multiplayer","Keyboard & Mouse","Lounge","PC","17a87e84-cecb-44fa-9d43-476c8ad9954f"
2818,197,"2024-02-18","07:00 PM",90,"Online Multiplayer","Controller","Lounge","PC","17a87e84-cecb-44fa-9d43-476c8ad9954f"
2819,197,"2024-02-20","05:00 PM",15,"Online Multiplayer","Controller","Lounge","PC","17a87e84-cecb-44fa-9d43-476c8ad9954f"
2820,197,"2024-02-21","06:00 PM",45,"Online Multiplayer","Controller","Lounge","PC","17a87e84-cecb-44fa-9d43-476c8ad9954f"
2821,197,"2024-02-23","05:00 PM",45,"Online Multiplayer","Controller","Lounge","PC","17a87e84-cecb-44fa-9d43-476c8ad9954f"
2822,197,"2024-02-23","08:00 PM",60,"Online Multiplayer","Controller","Lounge","PC","17a87e84-cecb-44fa-9d43-476c8ad9954f"
2823,106,"2024-02-24","02:00 PM",120,"Online Multiplayer","Controller","Lounge","PC","17a87e84-cecb-44fa-9d43-476c8ad9954f"
2824,197,"2024-02-24","06:00 PM",150,"Online Multiplayer","Controller","Lounge","PC","17a87e84-cecb-44fa-9d43-476c8ad9954f"
2825,197,"2024-02-25","07:00 PM",15,"Online Multiplayer","Controller","Lounge","PC","17a87e84-cecb-44fa-9d43-476c8ad9954f"
2826,197,"2024-02-27","06:00 PM",120,"Online Multiplayer","Controller","Lounge","PC","17a87e84-cecb-44fa-9d43-476c8ad9954f"
2827,197,"2024-02-28","06:00 PM",60,"Online Multiplayer","Controller","Lounge","PC","17a87e84-cecb-44fa-9d43-476c8ad9954f"
2828,105,"2024-03-01","05:00 PM",45,"Singleplayer","Keyboard & Mouse","Lounge","PC","17a87e84-cecb-44fa-9d43-476c8ad9954f"
2829,105,"2024-03-02","09:00 PM",120,"Online Multiplayer","Keyboard & Mouse","Lounge","PC","17a87e84-cecb-44fa-9d43-476c8ad9954f"
2830,105,"2024-03-02","01:00 PM",75,"Singleplayer","Keyboard & Mouse","Lounge","PC","17a87e84-cecb-44fa-9d43-476c8ad9954f"
2831,197,"2024-03-02","03:00 PM",60,"Online Multiplayer","Controller","Lounge","PC","17a87e84-cecb-44fa-9d43-476c8ad9954f"
2832,105,"2024-03-02","04:00 PM",30,"Singleplayer","Keyboard & Mouse","Lounge","PC","17a87e84-cecb-44fa-9d43-476c8ad9954f"
2833,105,"2024-03-03","10:00 AM",45,"Singleplayer","Keyboard & Mouse","Lounge","PC","17a87e84-cecb-44fa-9d43-476c8ad9954f"
2834,197,"2024-03-03","01:00 PM",90,"Online Multiplayer","Controller","Lounge","PC","17a87e84-cecb-44fa-9d43-476c8ad9954f"
2835,197,"2024-03-05","07:00 PM",120,"Online Multiplayer","Controller","Lounge","PC","17a87e84-cecb-44fa-9d43-476c8ad9954f"
2836,197,"2024-03-07","06:00 PM",90,"Online Multiplayer","Controller","Lounge","PC","17a87e84-cecb-44fa-9d43-476c8ad9954f"
2837,105,"2024-03-08","01:00 PM",30,"Singleplayer","Keyboard & Mouse","Lounge","PC","17a87e84-cecb-44fa-9d43-476c8ad9954f"
2838,105,"2024-03-08","03:00 PM",180,"Online Multiplayer","Keyboard & Mouse","Lounge","PC","17a87e84-cecb-44fa-9d43-476c8ad9954f"
2839,197,"2024-03-08","07:00 PM",90,"Online Multiplayer","Controller","Lounge","PC","17a87e84-cecb-44fa-9d43-476c8ad9954f"
2840,105,"2024-03-08","09:00 PM",120,"Online Multiplayer","Keyboard & Mouse","Lounge","PC","17a87e84-cecb-44fa-9d43-476c8ad9954f"
2841,105,"2024-03-10","10:00 AM",90,"Singleplayer","Keyboard & Mouse","Lounge","PC","17a87e84-cecb-44fa-9d43-476c8ad9954f"
2842,105,"2024-03-10","09:00 PM",60,"Singleplayer","Keyboard & Mouse","Lounge","PC","17a87e84-cecb-44fa-9d43-476c8ad9954f"
2843,105,"2024-03-11","09:00 AM",60,"Singleplayer","Keyboard & Mouse","Lounge","PC","17a87e84-cecb-44fa-9d43-476c8ad9954f"
2844,105,"2024-03-11","01:00 PM",30,"Singleplayer","Keyboard & Mouse","Lounge","PC","17a87e84-cecb-44fa-9d43-476c8ad9954f"
2845,105,"2024-03-11","04:00 PM",30,"Singleplayer","Keyboard & Mouse","Lounge","PC","17a87e84-cecb-44fa-9d43-476c8ad9954f"
2846,105,"2024-03-11","09:00 PM",30,"Singleplayer","Keyboard & Mouse","Lounge","PC","17a87e84-cecb-44fa-9d43-476c8ad9954f"
2847,105,"2024-03-12","08:00 PM",60,"Singleplayer","Keyboard & Mouse","Lounge","PC","17a87e84-cecb-44fa-9d43-476c8ad9954f"
2848,105,"2024-03-14","05:00 PM",45,"Singleplayer","Keyboard & Mouse","Lounge","PC","17a87e84-cecb-44fa-9d43-476c8ad9954f"
2849,197,"2024-03-14","06:00 PM",90,"Online Multiplayer","Controller","Lounge","PC","17a87e84-cecb-44fa-9d43-476c8ad9954f"
2850,197,"2024-03-14","07:00 PM",60,"Online Multiplayer","Controller","Lounge","PC","17a87e84-cecb-44fa-9d43-476c8ad9954f"
2851,105,"2024-03-15","05:00 PM",105,"Singleplayer","Keyboard & Mouse","Lounge","PC","17a87e84-cecb-44fa-9d43-476c8ad9954f"
2852,105,"2024-03-17","05:00 PM",45,"Singleplayer","Keyboard & Mouse","Lounge","PC","17a87e84-cecb-44fa-9d43-476c8ad9954f"
2853,197,"2024-03-17","06:00 PM",75,"Online Multiplayer","Controller","Lounge","PC","17a87e84-cecb-44fa-9d43-476c8ad9954f"
2854,105,"2024-03-17","08:00 PM",60,"Singleplayer","Keyboard & Mouse","Lounge","PC","17a87e84-cecb-44fa-9d43-476c8ad9954f"
2855,105,"2024-03-18","05:00 PM",30,"Online Multiplayer","Keyboard & Mouse","Lounge","PC","17a87e84-cecb-44fa-9d43-476c8ad9954f"
2856,197,"2024-03-19","06:00 PM",90,"Online Multiplayer","Controller","Lounge","PC","17a87e84-cecb-44fa-9d43-476c8ad9954f"
2857,105,"2024-03-19","08:00 PM",90,"Singleplayer","Keyboard & Mouse","Lounge","PC","17a87e84-cecb-44fa-9d43-476c8ad9954f"
2858,105,"2024-03-21","04:00 PM",90,"Singleplayer","Keyboard & Mouse","Lounge","PC","17a87e84-cecb-44fa-9d43-476c8ad9954f"
2859,197,"2024-03-21","06:00 PM",15,"Online Multiplayer","Controller","Lounge","PC","17a87e84-cecb-44fa-9d43-476c8ad9954f"
2860,105,"2024-03-22","04:00 PM",90,"Singleplayer","Keyboard & Mouse","Lounge","PC","17a87e84-cecb-44fa-9d43-476c8ad9954f"
2861,105,"2024-03-23","07:00 AM",45,"Singleplayer","Keyboard & Mouse","Lounge","PC","17a87e84-cecb-44fa-9d43-476c8ad9954f"
2862,105,"2024-03-26","07:00 AM",60,"Singleplayer","Keyboard & Mouse","Lounge","PC","17a87e84-cecb-44fa-9d43-476c8ad9954f"
2863,105,"2024-03-26","12:00 PM",30,"Singleplayer","Keyboard & Mouse","Lounge","PC","17a87e84-cecb-44fa-9d43-476c8ad9954f"
2864,105,"2024-03-26","05:00 PM",45,"Online Multiplayer","Keyboard & Mouse","Lounge","PC","17a87e84-cecb-44fa-9d43-476c8ad9954f"
2865,105,"2024-03-28","08:00 AM",45,"Singleplayer","Keyboard & Mouse","Lounge","PC","17a87e84-cecb-44fa-9d43-476c8ad9954f"
2866,105,"2024-03-28","03:00 PM",75,"Singleplayer","Keyboard & Mouse","Lounge","PC","17a87e84-cecb-44fa-9d43-476c8ad9954f"
2867,105,"2024-03-28","06:00 PM",45,"Singleplayer","Keyboard & Mouse","Lounge","PC","17a87e84-cecb-44fa-9d43-476c8ad9954f"
2868,105,"2024-03-29","04:00 PM",45,"Singleplayer","Keyboard & Mouse","Lounge","PC","17a87e84-cecb-44fa-9d43-476c8ad9954f"
2869,105,"2024-04-07","09:00 AM",105,"Singleplayer","Keyboard & Mouse","Lounge","PC","17a87e84-cecb-44fa-9d43-476c8ad9954f"
2870,105,"2024-04-07","04:00 PM",90,"Online Multiplayer","Keyboard & Mouse","Lounge","PC","17a87e84-cecb-44fa-9d43-476c8ad9954f"
2871,105,"2024-04-08","09:00 AM",45,"Singleplayer","Keyboard & Mouse","Lounge","PC","17a87e84-cecb-44fa-9d43-476c8ad9954f"
2872,105,"2024-04-09","09:00 AM",15,"Singleplayer","Keyboard & Mouse","Lounge","PC","17a87e84-cecb-44fa-9d43-476c8ad9954f"
2873,105,"2024-04-09","12:00 PM",30,"Singleplayer","Keyboard & Mouse","Lounge","PC","17a87e84-cecb-44fa-9d43-476c8ad9954f"
2874,105,"2024-04-09","04:00 PM",60,"Singleplayer","Keyboard & Mouse","Lounge","PC","17a87e84-cecb-44fa-9d43-476c8ad9954f"
2875,197,"2024-04-09","06:00 PM",60,"Online Multiplayer","Controller","Lounge","PC","17a87e84-cecb-44fa-9d43-476c8ad9954f"
2876,105,"2024-04-11","12:00 PM",60,"Singleplayer","Keyboard & Mouse","Lounge","PC","17a87e84-cecb-44fa-9d43-476c8ad9954f"
2877,105,"2024-04-11","04:00 PM",75,"Singleplayer","Keyboard & Mouse","Lounge","PC","17a87e84-cecb-44fa-9d43-476c8ad9954f"
2878,197,"2024-04-11","06:00 PM",90,"Online Multiplayer","Controller","Lounge","PC","17a87e84-cecb-44fa-9d43-476c8ad9954f"
2879,105,"2024-04-11","08:00 PM",60,"Singleplayer","Keyboard & Mouse","Lounge","PC","17a87e84-cecb-44fa-9d43-476c8ad9954f"
2880,105,"2024-04-12","08:00 AM",60,"Singleplayer","Keyboard & Mouse","Lounge","PC","17a87e84-cecb-44fa-9d43-476c8ad9954f"
2881,105,"2024-04-12","12:00 PM",60,"Singleplayer","Keyboard & Mouse","Lounge","PC","17a87e84-cecb-44fa-9d43-476c8ad9954f"
2882,105,"2024-04-12","04:00 PM",90,"Singleplayer","Keyboard & Mouse","Lounge","PC","17a87e84-cecb-44fa-9d43-476c8ad9954f"
2883,197,"2024-04-12","06:00 PM",90,"Online Multiplayer","Controller","Lounge","PC","17a87e84-cecb-44fa-9d43-476c8ad9954f"
2884,105,"2024-04-13","07:00 AM",60,"Singleplayer","Keyboard & Mouse","Lounge","PC","17a87e84-cecb-44fa-9d43-476c8ad9954f"
2885,105,"2024-04-14","08:00 AM",75,"Singleplayer","Keyboard & Mouse","Lounge","PC","17a87e84-cecb-44fa-9d43-476c8ad9954f"
2886,105,"2024-04-14","04:00 PM",120,"Singleplayer","Keyboard & Mouse","Lounge","PC","17a87e84-cecb-44fa-9d43-476c8ad9954f"
2887,105,"2024-04-14","08:00 PM",120,"Singleplayer","Keyboard & Mouse","Lounge","PC","17a87e84-cecb-44fa-9d43-476c8ad9954f"
2888,105,"2024-04-15","07:00 AM",30,"Singleplayer","Keyboard & Mouse","Lounge","PC","17a87e84-cecb-44fa-9d43-476c8ad9954f"
2889,105,"2024-04-15","12:00 PM",30,"Singleplayer","Keyboard & Mouse","Lounge","PC","17a87e84-cecb-44fa-9d43-476c8ad9954f"
2890,105,"2024-04-15","04:00 PM",75,"Singleplayer","Keyboard & Mouse","Lounge","PC","17a87e84-cecb-44fa-9d43-476c8ad9954f"
2891,105,"2024-04-16","07:00 AM",30,"Singleplayer","Keyboard & Mouse","Lounge","PC","17a87e84-cecb-44fa-9d43-476c8ad9954f"
2892,105,"2024-04-16","12:00 PM",45,"Singleplayer","Keyboard & Mouse","Lounge","PC","17a87e84-cecb-44fa-9d43-476c8ad9954f"
2893,105,"2024-04-18","02:00 PM",30,"Singleplayer","Keyboard & Mouse","Lounge","PC","17a87e84-cecb-44fa-9d43-476c8ad9954f"
2894,105,"2024-04-18","05:00 PM",30,"Singleplayer","Keyboard & Mouse","Lounge","PC","17a87e84-cecb-44fa-9d43-476c8ad9954f"
2895,197,"2024-04-19","07:00 PM",90,"Online Multiplayer","Controller","Lounge","PC","17a87e84-cecb-44fa-9d43-476c8ad9954f"
2896,105,"2024-04-19","07:00 AM",30,"Singleplayer","Keyboard & Mouse","Lounge","PC","17a87e84-cecb-44fa-9d43-476c8ad9954f"
2897,197,"2024-04-19","06:00 PM",75,"Online Multiplayer","Controller","Lounge","PC","17a87e84-cecb-44fa-9d43-476c8ad9954f"
2898,105,"2024-04-19","09:00 PM",60,"Singleplayer","Keyboard & Mouse","Lounge","PC","17a87e84-cecb-44fa-9d43-476c8ad9954f"
2899,105,"2024-04-20","01:00 PM",60,"Singleplayer","Keyboard & Mouse","Lounge","PC","17a87e84-cecb-44fa-9d43-476c8ad9954f"
2900,105,"2024-04-20","04:00 PM",105,"Singleplayer","Keyboard & Mouse","Lounge","PC","17a87e84-cecb-44fa-9d43-476c8ad9954f"
2901,105,"2024-04-20","09:00 PM",60,"Singleplayer","Keyboard & Mouse","Lounge","PC","17a87e84-cecb-44fa-9d43-476c8ad9954f"
2902,105,"2024-04-21","08:00 AM",60,"Singleplayer","Keyboard & Mouse","Lounge","PC","17a87e84-cecb-44fa-9d43-476c8ad9954f"
2903,105,"2024-04-21","12:00 PM",60,"Singleplayer","Keyboard & Mouse","Lounge","PC","17a87e84-cecb-44fa-9d43-476c8ad9954f"
2904,105,"2024-04-21","04:00 PM",120,"Online Multiplayer","Keyboard & Mouse","Lounge","PC","17a87e84-cecb-44fa-9d43-476c8ad9954f"
2905,197,"2024-04-21","07:00 PM",90,"Online Multiplayer","Controller","Lounge","PC","17a87e84-cecb-44fa-9d43-476c8ad9954f"
2906,105,"2024-04-22","12:00 PM",15,"Singleplayer","Keyboard & Mouse","Lounge","PC","17a87e84-cecb-44fa-9d43-476c8ad9954f"
2907,105,"2024-04-22","04:00 PM",45,"Singleplayer","Keyboard & Mouse","Lounge","PC","17a87e84-cecb-44fa-9d43-476c8ad9954f"
2908,105,"2024-04-23","07:00 AM",30,"Singleplayer","Keyboard & Mouse","Lounge","PC","17a87e84-cecb-44fa-9d43-476c8ad9954f"
2909,105,"2024-04-23","12:00 PM",45,"Singleplayer","Keyboard & Mouse","Lounge","PC","17a87e84-cecb-44fa-9d43-476c8ad9954f"
2910,105,"2024-04-23","06:00 PM",30,"Singleplayer","Keyboard & Mouse","Lounge","PC","17a87e84-cecb-44fa-9d43-476c8ad9954f"
2911,105,"2024-04-25","10:00 AM",195,"Online Multiplayer","Keyboard & Mouse","Lounge","PC","17a87e84-cecb-44fa-9d43-476c8ad9954f"
2912,105,"2024-04-25","02:00 PM",270,"Online Multiplayer","Keyboard & Mouse","Lounge","PC","17a87e84-cecb-44fa-9d43-476c8ad9954f"
2913,105,"2024-04-26","08:00 AM",30,"Singleplayer","Keyboard & Mouse","Lounge","PC","17a87e84-cecb-44fa-9d43-476c8ad9954f"
2914,105,"2024-04-26","12:00 PM",30,"Singleplayer","Keyboard & Mouse","Lounge","PC","17a87e84-cecb-44fa-9d43-476c8ad9954f"
2915,105,"2024-04-26","05:00 PM",45,"Singleplayer","Keyboard & Mouse","Lounge","PC","17a87e84-cecb-44fa-9d43-476c8ad9954f"
2916,197,"2024-04-26","07:00 PM",90,"Online Multiplayer","Controller","Lounge","PC","17a87e84-cecb-44fa-9d43-476c8ad9954f"
2917,105,"2024-04-27","10:00 AM",75,"Online Multiplayer","Keyboard & Mouse","Lounge","PC","17a87e84-cecb-44fa-9d43-476c8ad9954f"
2918,105,"2024-04-27","01:00 PM",60,"Singleplayer","Keyboard & Mouse","Lounge","PC","17a87e84-cecb-44fa-9d43-476c8ad9954f"
2919,105,"2024-04-27","04:00 PM",60,"Singleplayer","Keyboard & Mouse","Lounge","PC","17a87e84-cecb-44fa-9d43-476c8ad9954f"
2920,105,"2024-04-28","09:00 AM",75,"Singleplayer","Keyboard & Mouse","Lounge","PC","17a87e84-cecb-44fa-9d43-476c8ad9954f"
2921,105,"2024-04-28","02:00 PM",60,"Singleplayer","Keyboard & Mouse","Lounge","PC","17a87e84-cecb-44fa-9d43-476c8ad9954f"
2922,105,"2024-04-29","08:00 AM",45,"Singleplayer","Keyboard & Mouse","Lounge","PC","17a87e84-cecb-44fa-9d43-476c8ad9954f"
2923,105,"2024-04-29","12:00 PM",30,"Singleplayer","Keyboard & Mouse","Lounge","PC","17a87e84-cecb-44fa-9d43-476c8ad9954f"
2924,105,"2024-04-30","07:00 AM",30,"Singleplayer","Keyboard & Mouse","Lounge","PC","17a87e84-cecb-44fa-9d43-476c8ad9954f"
2925,105,"2024-05-02","08:00 PM",30,"Singleplayer","Keyboard & Mouse","Lounge","PC","17a87e84-cecb-44fa-9d43-476c8ad9954f"
2926,105,"2024-05-03","07:00 AM",45,"Singleplayer","Keyboard & Mouse","Lounge","PC","17a87e84-cecb-44fa-9d43-476c8ad9954f"
2927,105,"2024-05-07","04:00 PM",45,"Singleplayer","Keyboard & Mouse","Lounge","PC","17a87e84-cecb-44fa-9d43-476c8ad9954f"
2928,105,"2024-05-12","09:00 AM",60,"Singleplayer","Keyboard & Mouse","Lounge","PC","17a87e84-cecb-44fa-9d43-476c8ad9954f"
2929,105,"2024-05-14","12:00 PM",45,"Singleplayer","Keyboard & Mouse","Lounge","PC","17a87e84-cecb-44fa-9d43-476c8ad9954f"
2930,105,"2024-05-14","04:00 PM",60,"Singleplayer","Keyboard & Mouse","Lounge","PC","17a87e84-cecb-44fa-9d43-476c8ad9954f"
2931,197,"2024-05-14","06:00 PM",75,"Online Multiplayer","Controller","Lounge","PC","17a87e84-cecb-44fa-9d43-476c8ad9954f"
2932,105,"2024-05-14","09:00 PM",30,"Singleplayer","Keyboard & Mouse","Lounge","PC","17a87e84-cecb-44fa-9d43-476c8ad9954f"
2933,105,"2024-05-16","08:00 AM",60,"Singleplayer","Keyboard & Mouse","Lounge","PC","17a87e84-cecb-44fa-9d43-476c8ad9954f"
2934,105,"2024-05-16","04:00 PM",60,"Singleplayer","Keyboard & Mouse","Lounge","PC","17a87e84-cecb-44fa-9d43-476c8ad9954f"
2935,105,"2024-05-16","09:00 PM",60,"Singleplayer","Keyboard & Mouse","Lounge","PC","17a87e84-cecb-44fa-9d43-476c8ad9954f"
2936,105,"2024-05-17","04:00 PM",45,"Singleplayer","Keyboard & Mouse","Lounge","PC","17a87e84-cecb-44fa-9d43-476c8ad9954f"
2937,105,"2024-05-19","09:00 AM",90,"Singleplayer","Keyboard & Mouse","Lounge","PC","17a87e84-cecb-44fa-9d43-476c8ad9954f"
2938,105,"2024-05-19","02:00 PM",90,"Singleplayer","Keyboard & Mouse","Lounge","PC","17a87e84-cecb-44fa-9d43-476c8ad9954f"
2939,105,"2024-05-19","09:00 PM",30,"Singleplayer","Keyboard & Mouse","Lounge","PC","17a87e84-cecb-44fa-9d43-476c8ad9954f"
2940,105,"2024-05-20","12:00 PM",45,"Singleplayer","Keyboard & Mouse","Lounge","PC","17a87e84-cecb-44fa-9d43-476c8ad9954f"
2941,105,"2024-05-20","03:00 PM",90,"Singleplayer","Keyboard & Mouse","Lounge","PC","17a87e84-cecb-44fa-9d43-476c8ad9954f"
2942,105,"2024-05-21","08:00 AM",30,"Singleplayer","Keyboard & Mouse","Lounge","PC","17a87e84-cecb-44fa-9d43-476c8ad9954f"
2943,105,"2024-05-23","12:00 PM",15,"Singleplayer","Keyboard & Mouse","Lounge","PC","17a87e84-cecb-44fa-9d43-476c8ad9954f"
2944,105,"2024-05-23","02:00 PM",60,"Singleplayer","Keyboard & Mouse","Lounge","PC","17a87e84-cecb-44fa-9d43-476c8ad9954f"
2945,105,"2024-05-23","04:00 PM",15,"Singleplayer","Keyboard & Mouse","Lounge","PC","17a87e84-cecb-44fa-9d43-476c8ad9954f"
2946,197,"2024-05-23","07:00 PM",75,"Online Multiplayer","Controller","Lounge","PC","17a87e84-cecb-44fa-9d43-476c8ad9954f"
2947,105,"2024-05-23","09:00 PM",30,"Singleplayer","Keyboard & Mouse","Lounge","PC","17a87e84-cecb-44fa-9d43-476c8ad9954f"
2948,105,"2024-05-24","08:00 AM",15,"Singleplayer","Keyboard & Mouse","Lounge","PC","17a87e84-cecb-44fa-9d43-476c8ad9954f"
2949,105,"2024-05-24","12:00 PM",30,"Singleplayer","Keyboard & Mouse","Lounge","PC","17a87e84-cecb-44fa-9d43-476c8ad9954f"
2950,105,"2024-05-24","04:00 PM",45,"Singleplayer","Keyboard & Mouse","Lounge","PC","17a87e84-cecb-44fa-9d43-476c8ad9954f"
2951,105,"2024-05-25","08:00 AM",45,"Singleplayer","Keyboard & Mouse","Lounge","PC","17a87e84-cecb-44fa-9d43-476c8ad9954f"
2952,105,"2024-05-28","06:00 PM",75,"Singleplayer","Keyboard & Mouse","Lounge","PC","17a87e84-cecb-44fa-9d43-476c8ad9954f"
2953,105,"2024-05-28","08:00 PM",45,"Singleplayer","Keyboard & Mouse","Lounge","PC","17a87e84-cecb-44fa-9d43-476c8ad9954f"
2954,105,"2024-05-30","11:00 AM",45,"Singleplayer","Keyboard & Mouse","Lounge","PC","17a87e84-cecb-44fa-9d43-476c8ad9954f"
2955,105,"2024-05-30","12:00 PM",30,"Singleplayer","Keyboard & Mouse","Lounge","PC","17a87e84-cecb-44fa-9d43-476c8ad9954f"
2956,105,"2024-05-30","04:00 PM",45,"Singleplayer","Keyboard & Mouse","Lounge","PC","17a87e84-cecb-44fa-9d43-476c8ad9954f"
2957,105,"2024-05-30","07:00 PM",75,"Singleplayer","Keyboard & Mouse","Lounge","PC","17a87e84-cecb-44fa-9d43-476c8ad9954f"
2958,105,"2024-05-30","08:00 PM",15,"Singleplayer","Keyboard & Mouse","Lounge","PC","17a87e84-cecb-44fa-9d43-476c8ad9954f"
2959,105,"2024-05-31","08:00 AM",45,"Singleplayer","Keyboard & Mouse","Lounge","PC","17a87e84-cecb-44fa-9d43-476c8ad9954f"
2960,105,"2024-05-31","12:00 PM",45,"Singleplayer","Keyboard & Mouse","Lounge","PC","17a87e84-cecb-44fa-9d43-476c8ad9954f"
2961,105,"2024-05-31","04:00 PM",75,"Singleplayer","Keyboard & Mouse","Lounge","PC","17a87e84-cecb-44fa-9d43-476c8ad9954f"
2962,197,"2024-05-31","07:00 PM",60,"Online Multiplayer","Controller","Lounge","PC","17a87e84-cecb-44fa-9d43-476c8ad9954f"
2963,105,"2024-05-31","09:00 PM",60,"Singleplayer","Keyboard & Mouse","Lounge","PC","17a87e84-cecb-44fa-9d43-476c8ad9954f"
2964,105,"2024-06-03","04:00 PM",45,"Singleplayer","Keyboard & Mouse","Lounge","PC","17a87e84-cecb-44fa-9d43-476c8ad9954f"
2965,105,"2024-06-04","08:00 AM",30,"Singleplayer","Keyboard & Mouse","Lounge","PC","17a87e84-cecb-44fa-9d43-476c8ad9954f"
2966,105,"2024-06-04","05:00 PM",60,"Singleplayer","Keyboard & Mouse","Lounge","PC","17a87e84-cecb-44fa-9d43-476c8ad9954f"
2967,105,"2024-06-06","08:00 AM",30,"Singleplayer","Keyboard & Mouse","Lounge","PC","17a87e84-cecb-44fa-9d43-476c8ad9954f"
2968,105,"2024-06-06","09:00 PM",60,"Singleplayer","Keyboard & Mouse","Lounge","PC","17a87e84-cecb-44fa-9d43-476c8ad9954f"
2969,105,"2024-06-07","08:00 AM",45,"Singleplayer","Keyboard & Mouse","Lounge","PC","17a87e84-cecb-44fa-9d43-476c8ad9954f"
2970,105,"2024-06-07","12:00 PM",30,"Singleplayer","Keyboard & Mouse","Lounge","PC","17a87e84-cecb-44fa-9d43-476c8ad9954f"
2971,105,"2024-06-07","02:00 PM",15,"Singleplayer","Keyboard & Mouse","Lounge","PC","17a87e84-cecb-44fa-9d43-476c8ad9954f"
2972,105,"2024-06-11","04:00 PM",45,"Singleplayer","Keyboard & Mouse","Lounge","PC","17a87e84-cecb-44fa-9d43-476c8ad9954f"
2973,105,"2024-06-11","09:00 PM",30,"Singleplayer","Keyboard & Mouse","Lounge","PC","17a87e84-cecb-44fa-9d43-476c8ad9954f"
2974,105,"2024-06-13","08:00 AM",45,"Singleplayer","Keyboard & Mouse","Lounge","PC","17a87e84-cecb-44fa-9d43-476c8ad9954f"
2975,198,"2024-06-13","06:00 PM",30,"Online Multiplayer","Controller","Lounge","PC","17a87e84-cecb-44fa-9d43-476c8ad9954f"
2976,150,"2024-06-13","07:00 PM",90,"Online Multiplayer","Controller","Lounge","PC","17a87e84-cecb-44fa-9d43-476c8ad9954f"
2977,105,"2024-06-14","07:00 AM",30,"Singleplayer","Keyboard & Mouse","Lounge","PC","17a87e84-cecb-44fa-9d43-476c8ad9954f"
2978,105,"2024-06-14","04:00 PM",60,"Singleplayer","Keyboard & Mouse","Lounge","PC","17a87e84-cecb-44fa-9d43-476c8ad9954f"
2979,198,"2024-06-14","06:00 PM",15,"Online Multiplayer","Controller","Lounge","PC","17a87e84-cecb-44fa-9d43-476c8ad9954f"
2980,150,"2024-06-14","07:00 PM",30,"Online Multiplayer","Controller","Lounge","PC","17a87e84-cecb-44fa-9d43-476c8ad9954f"
2981,176,"2024-06-14","08:00 PM",75,"Singleplayer","Controller","Lounge","PS4","17a87e84-cecb-44fa-9d43-476c8ad9954f"
2982,176,"2024-06-15","08:00 AM",90,"Singleplayer","Controller","Lounge","PS4","17a87e84-cecb-44fa-9d43-476c8ad9954f"
2983,105,"2024-06-15","05:00 PM",15,"Singleplayer","Keyboard & Mouse","Lounge","PC","17a87e84-cecb-44fa-9d43-476c8ad9954f"
2984,176,"2024-06-16","08:00 AM",90,"Singleplayer","Controller","Lounge","PS4","17a87e84-cecb-44fa-9d43-476c8ad9954f"
2985,176,"2024-06-16","08:00 PM",75,"Online Multiplayer","Controller","Lounge","PS4","17a87e84-cecb-44fa-9d43-476c8ad9954f"
2986,105,"2024-06-17","09:00 AM",30,"Singleplayer","Keyboard & Mouse","Lounge","PC","17a87e84-cecb-44fa-9d43-476c8ad9954f"
2987,176,"2024-06-17","12:00 PM",30,"Singleplayer","Controller","Lounge","PS4","17a87e84-cecb-44fa-9d43-476c8ad9954f"
2988,105,"2024-06-17","04:00 PM",45,"Singleplayer","Keyboard & Mouse","Lounge","PC","17a87e84-cecb-44fa-9d43-476c8ad9954f"
2989,176,"2024-06-17","07:00 PM",90,"Singleplayer","Controller","Lounge","PS4","17a87e84-cecb-44fa-9d43-476c8ad9954f"
2990,105,"2024-06-18","08:00 AM",30,"Singleplayer","Keyboard & Mouse","Lounge","PC","17a87e84-cecb-44fa-9d43-476c8ad9954f"
2991,105,"2024-06-18","11:00 AM",30,"Singleplayer","Keyboard & Mouse","Lounge","PC","17a87e84-cecb-44fa-9d43-476c8ad9954f"
2992,105,"2024-06-18","02:00 PM",60,"Singleplayer","Keyboard & Mouse","Lounge","PC","17a87e84-cecb-44fa-9d43-476c8ad9954f"
2993,176,"2024-06-18","05:00 PM",30,"Singleplayer","Controller","Lounge","PS4","17a87e84-cecb-44fa-9d43-476c8ad9954f"
2994,176,"2024-06-18","07:00 PM",75,"Online Multiplayer","Controller","Lounge","PS4","17a87e84-cecb-44fa-9d43-476c8ad9954f"
2995,176,"2024-06-21","07:00 AM",30,"Singleplayer","Controller","Lounge","PS4","17a87e84-cecb-44fa-9d43-476c8ad9954f"
2996,105,"2024-06-21","08:00 AM",30,"Singleplayer","Keyboard & Mouse","Lounge","PC","17a87e84-cecb-44fa-9d43-476c8ad9954f"
2997,105,"2024-06-21","11:00 AM",30,"Singleplayer","Keyboard & Mouse","Lounge","PC","17a87e84-cecb-44fa-9d43-476c8ad9954f"
2998,105,"2024-06-21","12:00 PM",60,"Singleplayer","Keyboard & Mouse","Lounge","PC","17a87e84-cecb-44fa-9d43-476c8ad9954f"
2999,176,"2024-06-21","07:00 PM",60,"Online Multiplayer","Controller","Lounge","PS4","17a87e84-cecb-44fa-9d43-476c8ad9954f"
3000,105,"2024-06-21","09:00 PM",60,"Singleplayer","Keyboard & Mouse","Lounge","PC","17a87e84-cecb-44fa-9d43-476c8ad9954f"
3001,105,"2024-06-22","08:00 AM",60,"Singleplayer","Keyboard & Mouse","Lounge","PC","17a87e84-cecb-44fa-9d43-476c8ad9954f"
3002,176,"2024-06-22","09:00 AM",90,"Online Multiplayer","Controller","Lounge","PS4","17a87e84-cecb-44fa-9d43-476c8ad9954f"
3003,176,"2024-06-22","07:00 PM",90,"Online Multiplayer","Controller","Lounge","PS4","17a87e84-cecb-44fa-9d43-476c8ad9954f"
3004,105,"2024-06-23","10:00 AM",60,"Singleplayer","Keyboard & Mouse","Lounge","PC","17a87e84-cecb-44fa-9d43-476c8ad9954f"
3005,176,"2024-06-23","07:00 PM",90,"Online Multiplayer","Controller","Lounge","PS4","17a87e84-cecb-44fa-9d43-476c8ad9954f"
3006,176,"2024-06-24","12:00 PM",30,"Singleplayer","Controller","Lounge","PS4","17a87e84-cecb-44fa-9d43-476c8ad9954f"
3007,176,"2024-06-24","05:00 PM",30,"Singleplayer","Controller","Lounge","PS4","17a87e84-cecb-44fa-9d43-476c8ad9954f"
3008,176,"2024-06-24","05:00 PM",60,"Singleplayer","Controller","Lounge","PS4","17a87e84-cecb-44fa-9d43-476c8ad9954f"
3009,176,"2024-06-24","08:00 PM",45,"Singleplayer","Controller","Lounge","PS4","17a87e84-cecb-44fa-9d43-476c8ad9954f"
3010,105,"2024-06-25","05:00 PM",45,"Singleplayer","Keyboard & Mouse","Lounge","PC","17a87e84-cecb-44fa-9d43-476c8ad9954f"
3011,176,"2024-06-25","08:00 PM",60,"Singleplayer","Controller","Lounge","PS4","17a87e84-cecb-44fa-9d43-476c8ad9954f"
3012,176,"2024-06-25","09:00 PM",60,"Online Multiplayer","Controller","Lounge","PS4","17a87e84-cecb-44fa-9d43-476c8ad9954f"
3013,176,"2024-06-27","07:00 AM",30,"Singleplayer","Controller","Lounge","PS4","17a87e84-cecb-44fa-9d43-476c8ad9954f"
3014,176,"2024-06-27","05:00 PM",45,"Singleplayer","Controller","Lounge","PS4","17a87e84-cecb-44fa-9d43-476c8ad9954f"
3015,176,"2024-06-27","06:00 PM",90,"Online Multiplayer","Controller","Lounge","PS4","17a87e84-cecb-44fa-9d43-476c8ad9954f"
3016,176,"2024-06-28","05:00 PM",30,"Singleplayer","Controller","Lounge","PS4","17a87e84-cecb-44fa-9d43-476c8ad9954f"
3017,176,"2024-06-28","07:00 PM",60,"Online Multiplayer","Controller","Lounge","PS4","17a87e84-cecb-44fa-9d43-476c8ad9954f"
3018,176,"2024-06-29","08:00 AM",60,"Singleplayer","Controller","Lounge","PS4","17a87e84-cecb-44fa-9d43-476c8ad9954f"
3019,176,"2024-06-30","10:00 AM",60,"Singleplayer","Controller","Lounge","PS4","17a87e84-cecb-44fa-9d43-476c8ad9954f"
3020,176,"2024-06-30","03:00 PM",60,"Singleplayer","Controller","Lounge","PS4","17a87e84-cecb-44fa-9d43-476c8ad9954f"
3021,176,"2024-07-01","05:00 PM",45,"Singleplayer","Controller","Lounge","PS4","17a87e84-cecb-44fa-9d43-476c8ad9954f"
3022,176,"2024-07-02","06:00 PM",75,"Online Multiplayer","Controller","Lounge","PS4","17a87e84-cecb-44fa-9d43-476c8ad9954f"
3023,176,"2024-07-03","07:00 AM",30,"Singleplayer","Controller","Lounge","PS4","17a87e84-cecb-44fa-9d43-476c8ad9954f"
3024,176,"2024-07-03","04:00 PM",60,"Singleplayer","Controller","Lounge","PS4","17a87e84-cecb-44fa-9d43-476c8ad9954f"
3025,176,"2024-07-04","08:00 AM",45,"Singleplayer","Controller","Lounge","PS4","17a87e84-cecb-44fa-9d43-476c8ad9954f"
3026,176,"2024-07-04","04:00 PM",75,"Singleplayer","Controller","Lounge","PS4","17a87e84-cecb-44fa-9d43-476c8ad9954f"
3027,176,"2024-07-04","07:00 PM",90,"Online Multiplayer","Controller","Lounge","PS4","17a87e84-cecb-44fa-9d43-476c8ad9954f"
3028,176,"2024-07-05","08:00 AM",30,"Singleplayer","Controller","Lounge","PS4","17a87e84-cecb-44fa-9d43-476c8ad9954f"
3029,176,"2024-07-05","04:00 PM",75,"Singleplayer","Controller","Lounge","PS4","17a87e84-cecb-44fa-9d43-476c8ad9954f"
3030,176,"2024-07-05","07:00 PM",75,"Online Multiplayer","Controller","Lounge","PS4","17a87e84-cecb-44fa-9d43-476c8ad9954f"
3031,176,"2024-07-05","08:00 PM",30,"Singleplayer","Controller","Lounge","PS4","17a87e84-cecb-44fa-9d43-476c8ad9954f"
3032,176,"2024-07-06","07:00 AM",60,"Singleplayer","Controller","Lounge","PS4","17a87e84-cecb-44fa-9d43-476c8ad9954f"
3033,176,"2024-07-06","02:00 PM",30,"Singleplayer","Controller","Lounge","PS4","17a87e84-cecb-44fa-9d43-476c8ad9954f"
3034,176,"2024-07-06","07:00 PM",120,"Online Multiplayer","Controller","Lounge","PS4","17a87e84-cecb-44fa-9d43-476c8ad9954f"
3035,150,"2024-07-16","06:00 PM",105,"Online Multiplayer","Controller","Lounge","PC","17a87e84-cecb-44fa-9d43-476c8ad9954f"
3036,199,"2024-07-18","04:00 PM",45,"Singleplayer","Controller","Lounge","PS4","17a87e84-cecb-44fa-9d43-476c8ad9954f"
3037,199,"2024-07-18","06:00 PM",45,"Singleplayer","Controller","Lounge","PS4","17a87e84-cecb-44fa-9d43-476c8ad9954f"
3038,199,"2024-07-18","07:00 PM",30,"Online Multiplayer","Controller","Lounge","PS4","17a87e84-cecb-44fa-9d43-476c8ad9954f"
3039,199,"2024-07-19","07:00 AM",30,"Singleplayer","Controller","Lounge","PS4","17a87e84-cecb-44fa-9d43-476c8ad9954f"
3040,199,"2024-07-19","10:00 AM",60,"Singleplayer","Controller","Lounge","PS4","17a87e84-cecb-44fa-9d43-476c8ad9954f"
3041,199,"2024-07-19","03:00 PM",45,"Singleplayer","Controller","Lounge","PS4","17a87e84-cecb-44fa-9d43-476c8ad9954f"
3042,199,"2024-07-19","06:00 PM",30,"Singleplayer","Controller","Lounge","PS4","17a87e84-cecb-44fa-9d43-476c8ad9954f"
3043,150,"2024-07-19","08:00 PM",90,"Online Multiplayer","Controller","Lounge","PC","17a87e84-cecb-44fa-9d43-476c8ad9954f"
3044,199,"2024-07-20","08:00 AM",30,"Singleplayer","Controller","Lounge","PS4","17a87e84-cecb-44fa-9d43-476c8ad9954f"
3045,199,"2024-07-20","03:00 PM",45,"Singleplayer","Controller","Lounge","PS4","17a87e84-cecb-44fa-9d43-476c8ad9954f"
3046,29,"2024-07-20","09:00 PM",90,"Local Multiplayer","Controller","Lounge","Xbox","17a87e84-cecb-44fa-9d43-476c8ad9954f"
3047,105,"2024-07-21","08:00 AM",90,"Singleplayer","Keyboard & Mouse","Lounge","PC","17a87e84-cecb-44fa-9d43-476c8ad9954f"
3048,199,"2024-07-21","01:00 PM",45,"Singleplayer","Controller","Lounge","PS4","17a87e84-cecb-44fa-9d43-476c8ad9954f"
3049,105,"2024-07-21","04:00 PM",60,"Online Multiplayer","Keyboard & Mouse","Lounge","PC","17a87e84-cecb-44fa-9d43-476c8ad9954f"
3050,105,"2024-07-22","07:00 AM",30,"Singleplayer","Keyboard & Mouse","Lounge","PC","17a87e84-cecb-44fa-9d43-476c8ad9954f"
3051,105,"2024-07-22","12:00 PM",45,"Singleplayer","Keyboard & Mouse","Lounge","PC","17a87e84-cecb-44fa-9d43-476c8ad9954f"
3052,105,"2024-07-22","04:00 PM",45,"Singleplayer","Keyboard & Mouse","Lounge","PC","17a87e84-cecb-44fa-9d43-476c8ad9954f"
3053,105,"2024-07-23","07:00 AM",60,"Singleplayer","Keyboard & Mouse","Lounge","PC","17a87e84-cecb-44fa-9d43-476c8ad9954f"
3054,105,"2024-07-23","12:00 PM",45,"Singleplayer","Keyboard & Mouse","Lounge","PC","17a87e84-cecb-44fa-9d43-476c8ad9954f"
3055,105,"2024-07-23","04:00 PM",90,"Singleplayer","Keyboard & Mouse","Lounge","PC","17a87e84-cecb-44fa-9d43-476c8ad9954f"
3056,199,"2024-07-23","08:00 PM",90,"Online Multiplayer","Controller","Lounge","PS4","17a87e84-cecb-44fa-9d43-476c8ad9954f"
3057,105,"2024-07-25","07:00 AM",30,"Singleplayer","Keyboard & Mouse","Lounge","PC","17a87e84-cecb-44fa-9d43-476c8ad9954f"
3058,105,"2024-07-25","12:00 PM",45,"Singleplayer","Keyboard & Mouse","Lounge","PC","17a87e84-cecb-44fa-9d43-476c8ad9954f"
3059,199,"2024-07-25","08:00 PM",90,"Online Multiplayer","Controller","Lounge","PS4","17a87e84-cecb-44fa-9d43-476c8ad9954f"
3060,105,"2024-07-26","07:00 AM",60,"Singleplayer","Keyboard & Mouse","Lounge","PC","17a87e84-cecb-44fa-9d43-476c8ad9954f"
3061,105,"2024-07-26","02:00 PM",30,"Singleplayer","Keyboard & Mouse","Lounge","PC","17a87e84-cecb-44fa-9d43-476c8ad9954f"
3062,105,"2024-07-26","04:00 PM",60,"Singleplayer","Keyboard & Mouse","Lounge","PC","17a87e84-cecb-44fa-9d43-476c8ad9954f"
3063,199,"2024-07-26","08:00 PM",75,"Online Multiplayer","Controller","Lounge","PS4","17a87e84-cecb-44fa-9d43-476c8ad9954f"
3064,199,"2024-07-27","08:00 AM",60,"Singleplayer","Controller","Lounge","PS4","17a87e84-cecb-44fa-9d43-476c8ad9954f"
3065,199,"2024-07-28","10:00 AM",60,"Singleplayer","Controller","Lounge","PS4","17a87e84-cecb-44fa-9d43-476c8ad9954f"
3066,199,"2024-07-28","07:00 PM",60,"Online Multiplayer","Controller","Lounge","PS4","17a87e84-cecb-44fa-9d43-476c8ad9954f"
3067,150,"2024-07-30","06:00 PM",60,"Online Multiplayer","Controller","Lounge","PC","17a87e84-cecb-44fa-9d43-476c8ad9954f"
3068,199,"2024-07-30","08:00 PM",90,"Singleplayer","Controller","Lounge","PS4","17a87e84-cecb-44fa-9d43-476c8ad9954f"
3069,199,"2024-08-01","12:00 PM",45,"Singleplayer","Controller","Lounge","PS4","17a87e84-cecb-44fa-9d43-476c8ad9954f"
3070,199,"2024-08-02","08:00 AM",45,"Singleplayer","Controller","Lounge","PS4","17a87e84-cecb-44fa-9d43-476c8ad9954f"
3071,199,"2024-08-02","12:00 PM",45,"Singleplayer","Controller","Lounge","PS4","17a87e84-cecb-44fa-9d43-476c8ad9954f"
3072,199,"2024-08-02","05:00 PM",45,"Singleplayer","Controller","Lounge","PS4","17a87e84-cecb-44fa-9d43-476c8ad9954f"
3073,199,"2024-08-02","07:00 PM",120,"Online Multiplayer","Controller","Lounge","PS4","17a87e84-cecb-44fa-9d43-476c8ad9954f"
3074,199,"2024-08-03","07:00 AM",45,"Singleplayer","Controller","Lounge","PS4","17a87e84-cecb-44fa-9d43-476c8ad9954f"
3075,199,"2024-08-03","06:00 PM",30,"Online Multiplayer","Controller","Lounge","PS4","17a87e84-cecb-44fa-9d43-476c8ad9954f"
3076,197,"2024-08-03","07:00 PM",60,"Online Multiplayer","Controller","Lounge","PC","17a87e84-cecb-44fa-9d43-476c8ad9954f"
3077,199,"2024-08-03","08:00 PM",75,"Singleplayer","Controller","Lounge","PS4","17a87e84-cecb-44fa-9d43-476c8ad9954f"
3078,199,"2024-08-12","05:00 PM",45,"Singleplayer","Controller","Lounge","PS4","17a87e84-cecb-44fa-9d43-476c8ad9954f"
3079,199,"2024-08-13","07:00 AM",60,"Singleplayer","Controller","Lounge","PS4","17a87e84-cecb-44fa-9d43-476c8ad9954f"
3080,199,"2024-08-13","12:00 PM",45,"Singleplayer","Controller","Lounge","PS4","17a87e84-cecb-44fa-9d43-476c8ad9954f"
3081,199,"2024-08-13","06:00 PM",60,"Online Multiplayer","Controller","Lounge","PS4","17a87e84-cecb-44fa-9d43-476c8ad9954f"
3082,199,"2024-08-13","09:00 PM",45,"Singleplayer","Controller","Lounge","PS4","17a87e84-cecb-44fa-9d43-476c8ad9954f"
3083,199,"2024-08-14","09:00 PM",45,"Singleplayer","Controller","Lounge","PS4","17a87e84-cecb-44fa-9d43-476c8ad9954f"
3084,199,"2024-08-15","09:00 PM",75,"Singleplayer","Controller","Lounge","PS4","17a87e84-cecb-44fa-9d43-476c8ad9954f"
3085,199,"2024-08-16","07:00 AM",45,"Online Multiplayer","Controller","Lounge","PS4","17a87e84-cecb-44fa-9d43-476c8ad9954f"
3086,199,"2024-08-17","09:00 PM",60,"Online Multiplayer","Controller","Lounge","PS4","17a87e84-cecb-44fa-9d43-476c8ad9954f"
3087,200,"2024-08-18","06:00 PM",75,"Online Multiplayer","Controller","Lounge","Switch","17a87e84-cecb-44fa-9d43-476c8ad9954f"
3088,201,"2024-08-21","08:00 AM",60,"Singleplayer","Controller","Plane","Switch","17a87e84-cecb-44fa-9d43-476c8ad9954f"
3089,201,"2024-08-21","12:00 PM",60,"Singleplayer","Controller","Plane","Switch","17a87e84-cecb-44fa-9d43-476c8ad9954f"
3090,201,"2024-08-22","11:00 AM",30,"Singleplayer","Controller","Hotel","Switch","17a87e84-cecb-44fa-9d43-476c8ad9954f"
3091,201,"2024-08-22","02:00 PM",30,"Singleplayer","Controller","Hotel","Switch","17a87e84-cecb-44fa-9d43-476c8ad9954f"
3092,201,"2024-08-23","06:00 AM",30,"Singleplayer","Controller","Hotel","Switch","17a87e84-cecb-44fa-9d43-476c8ad9954f"
3093,201,"2024-08-24","06:00 AM",30,"Singleplayer","Controller","Hotel","Switch","17a87e84-cecb-44fa-9d43-476c8ad9954f"
3094,150,"2024-08-27","06:00 PM",90,"Online Multiplayer","Controller","Lounge","PC","17a87e84-cecb-44fa-9d43-476c8ad9954f"
3095,201,"2024-08-29","08:00 PM",45,"Singleplayer","Controller","Lounge","Switch","17a87e84-cecb-44fa-9d43-476c8ad9954f"
3096,201,"2024-08-30","12:00 PM",45,"Singleplayer","Controller","Lounge","Switch","17a87e84-cecb-44fa-9d43-476c8ad9954f"
3097,201,"2024-08-30","05:00 PM",30,"Singleplayer","Controller","Lounge","Switch","17a87e84-cecb-44fa-9d43-476c8ad9954f"
3098,150,"2024-08-30","06:00 PM",60,"Online Multiplayer","Controller","Lounge","PC","17a87e84-cecb-44fa-9d43-476c8ad9954f"
3099,201,"2024-08-31","03:00 PM",45,"Singleplayer","Controller","Lounge","Switch","17a87e84-cecb-44fa-9d43-476c8ad9954f"
3100,201,"2024-08-31","05:00 PM",60,"Singleplayer","Controller","Lounge","Switch","17a87e84-cecb-44fa-9d43-476c8ad9954f"
3101,201,"2024-08-31","08:00 PM",45,"Singleplayer","Controller","Lounge","Switch","17a87e84-cecb-44fa-9d43-476c8ad9954f"
3102,201,"2024-09-01","08:00 AM",90,"Singleplayer","Controller","Lounge","Switch","17a87e84-cecb-44fa-9d43-476c8ad9954f"
3103,201,"2024-09-01","05:00 PM",60,"Singleplayer","Controller","Lounge","Switch","17a87e84-cecb-44fa-9d43-476c8ad9954f"
3104,150,"2024-09-01","06:00 PM",75,"Online Multiplayer","Controller","Lounge","PC","17a87e84-cecb-44fa-9d43-476c8ad9954f"
3105,201,"2024-09-03","12:00 PM",45,"Singleplayer","Controller","Lounge","Switch","17a87e84-cecb-44fa-9d43-476c8ad9954f"
3106,201,"2024-09-03","05:00 PM",45,"Singleplayer","Controller","Lounge","Switch","17a87e84-cecb-44fa-9d43-476c8ad9954f"
3107,201,"2024-09-05","07:00 AM",60,"Singleplayer","Controller","Lounge","Switch","17a87e84-cecb-44fa-9d43-476c8ad9954f"
3108,202,"2024-09-05","07:00 PM",60,"Online Multiplayer","Controller","Lounge","PC","17a87e84-cecb-44fa-9d43-476c8ad9954f"
3109,201,"2024-09-06","07:00 AM",45,"Singleplayer","Controller","Lounge","Switch","17a87e84-cecb-44fa-9d43-476c8ad9954f"
3110,201,"2024-09-06","03:00 PM",75,"Singleplayer","Controller","Lounge","Switch","17a87e84-cecb-44fa-9d43-476c8ad9954f"
3111,201,"2024-09-06","06:00 PM",30,"Singleplayer","Controller","Lounge","Switch","17a87e84-cecb-44fa-9d43-476c8ad9954f"
3112,202,"2024-09-06","06:00 PM",75,"Online Multiplayer","Controller","Lounge","PC","17a87e84-cecb-44fa-9d43-476c8ad9954f"
3113,150,"2024-09-08","06:00 PM",75,"Online Multiplayer","Controller","Lounge","PC","17a87e84-cecb-44fa-9d43-476c8ad9954f"
3114,201,"2024-09-09","07:00 AM",30,"Singleplayer","Controller","Lounge","Switch","17a87e84-cecb-44fa-9d43-476c8ad9954f"
3115,201,"2024-09-09","05:00 PM",45,"Singleplayer","Controller","Lounge","Switch","17a87e84-cecb-44fa-9d43-476c8ad9954f"
3116,201,"2024-09-10","07:00 AM",30,"Singleplayer","Controller","Lounge","Switch","17a87e84-cecb-44fa-9d43-476c8ad9954f"
3117,201,"2024-09-10","03:00 PM",30,"Singleplayer","Controller","Lounge","Switch","17a87e84-cecb-44fa-9d43-476c8ad9954f"
3118,201,"2024-09-10","05:00 PM",30,"Singleplayer","Controller","Lounge","Switch","17a87e84-cecb-44fa-9d43-476c8ad9954f"
3119,201,"2024-09-11","09:00 PM",45,"Singleplayer","Controller","Airbnb","Switch","17a87e84-cecb-44fa-9d43-476c8ad9954f"
3120,201,"2024-09-12","07:00 AM",45,"Singleplayer","Controller","Airbnb","Switch","17a87e84-cecb-44fa-9d43-476c8ad9954f"
3121,201,"2024-09-13","05:00 PM",45,"Singleplayer","Controller","Airbnb","Switch","17a87e84-cecb-44fa-9d43-476c8ad9954f"
3122,201,"2024-09-17","07:00 AM",45,"Singleplayer","Controller","Lounge","Switch","17a87e84-cecb-44fa-9d43-476c8ad9954f"
3123,201,"2024-09-18","07:00 AM",30,"Singleplayer","Controller","Lounge","Switch","17a87e84-cecb-44fa-9d43-476c8ad9954f"
3124,201,"2024-09-19","08:00 AM",30,"Singleplayer","Controller","Lounge","Switch","17a87e84-cecb-44fa-9d43-476c8ad9954f"
3125,197,"2024-09-19","07:00 PM",75,"Online Multiplayer","Controller","Lounge","PC","17a87e84-cecb-44fa-9d43-476c8ad9954f"
3126,201,"2024-09-20","08:00 AM",45,"Singleplayer","Controller","Lounge","Switch","17a87e84-cecb-44fa-9d43-476c8ad9954f"
3127,201,"2024-09-20","12:00 PM",30,"Singleplayer","Controller","Lounge","Switch","17a87e84-cecb-44fa-9d43-476c8ad9954f"
3128,203,"2024-09-21","05:00 PM",30,"Online Multiplayer","Controller","Lounge","PC","17a87e84-cecb-44fa-9d43-476c8ad9954f"
3129,106,"2024-09-29","12:00 PM",90,"Online Multiplayer","Controller","Lounge","PC","17a87e84-cecb-44fa-9d43-476c8ad9954f"
3130,204,"2024-10-03","07:00 PM",45,"Singleplayer","Controller","Lounge","PC","17a87e84-cecb-44fa-9d43-476c8ad9954f"
3131,204,"2024-10-04","05:00 PM",45,"Singleplayer","Controller","Lounge","PC","17a87e84-cecb-44fa-9d43-476c8ad9954f"
3132,204,"2024-10-05","08:00 AM",45,"Singleplayer","Controller","Lounge","PC","17a87e84-cecb-44fa-9d43-476c8ad9954f"
3133,204,"2024-10-06","08:00 AM",60,"Singleplayer","Controller","Lounge","PC","17a87e84-cecb-44fa-9d43-476c8ad9954f"
3134,204,"2024-10-06","11:00 AM",45,"Singleplayer","Controller","Lounge","PC","17a87e84-cecb-44fa-9d43-476c8ad9954f"
3135,204,"2024-10-06","04:00 PM",45,"Singleplayer","Controller","Lounge","PC","17a87e84-cecb-44fa-9d43-476c8ad9954f"
3136,204,"2024-10-07","08:00 AM",30,"Singleplayer","Controller","Lounge","PC","17a87e84-cecb-44fa-9d43-476c8ad9954f"
3137,204,"2024-10-07","05:00 PM",15,"Singleplayer","Controller","Lounge","PC","17a87e84-cecb-44fa-9d43-476c8ad9954f"
3138,204,"2024-10-07","06:00 PM",30,"Singleplayer","Controller","Lounge","PC","17a87e84-cecb-44fa-9d43-476c8ad9954f"
3139,204,"2024-10-08","07:00 AM",45,"Singleplayer","Controller","Lounge","PC","17a87e84-cecb-44fa-9d43-476c8ad9954f"
3140,204,"2024-10-08","12:00 PM",45,"Singleplayer","Controller","Lounge","PC","17a87e84-cecb-44fa-9d43-476c8ad9954f"
3141,203,"2024-10-10","07:00 PM",105,"Online Multiplayer","Controller","Lounge","PC","17a87e84-cecb-44fa-9d43-476c8ad9954f"
3142,106,"2024-10-13","09:00 PM",90,"Online Multiplayer","Controller","Lounge","PC","17a87e84-cecb-44fa-9d43-476c8ad9954f"
3143,203,"2024-10-24","08:00 PM",90,"Online Multiplayer","Controller","Lounge","PC","17a87e84-cecb-44fa-9d43-476c8ad9954f"
3144,203,"2024-10-25","01:00 PM",45,"Online Multiplayer","Controller","Lounge","PC","17a87e84-cecb-44fa-9d43-476c8ad9954f"
3145,203,"2024-10-25","04:00 PM",30,"Online Multiplayer","Controller","Lounge","PC","17a87e84-cecb-44fa-9d43-476c8ad9954f"
3146,205,"2024-10-25","06:00 PM",45,"Singleplayer","Controller","Lounge","PC","17a87e84-cecb-44fa-9d43-476c8ad9954f"
3147,203,"2024-10-26","05:00 PM",45,"Online Multiplayer","Controller","Lounge","PC","17a87e84-cecb-44fa-9d43-476c8ad9954f"
3148,203,"2024-10-27","09:00 AM",30,"Singleplayer","Controller","Lounge","PC","17a87e84-cecb-44fa-9d43-476c8ad9954f"
3149,106,"2024-10-27","03:00 PM",75,"Online Multiplayer","Controller","Lounge","PC","17a87e84-cecb-44fa-9d43-476c8ad9954f"
3150,203,"2024-10-29","07:00 PM",180,"Online Multiplayer","Controller","Lounge","PC","17a87e84-cecb-44fa-9d43-476c8ad9954f"
3151,203,"2024-10-31","03:00 PM",45,"Singleplayer","Controller","Lounge","PC","17a87e84-cecb-44fa-9d43-476c8ad9954f"
3152,203,"2024-11-03","07:00 PM",120,"Online Multiplayer","Controller","Lounge","PC","17a87e84-cecb-44fa-9d43-476c8ad9954f"
3153,203,"2024-11-04","10:00 AM",60,"Singleplayer","Controller","Lounge","PC","17a87e84-cecb-44fa-9d43-476c8ad9954f"
3154,206,"2024-11-05","02:00 PM",45,"Singleplayer","Controller","Lounge","PS4","17a87e84-cecb-44fa-9d43-476c8ad9954f"
3155,206,"2024-11-05","04:00 PM",60,"Singleplayer","Controller","Lounge","PS4","17a87e84-cecb-44fa-9d43-476c8ad9954f"
3156,206,"2024-11-06","08:00 AM",60,"Singleplayer","Controller","Lounge","PS4","17a87e84-cecb-44fa-9d43-476c8ad9954f"
3157,206,"2024-11-06","12:00 PM",45,"Singleplayer","Controller","Lounge","PS4","17a87e84-cecb-44fa-9d43-476c8ad9954f"
3158,206,"2024-11-06","04:00 PM",60,"Singleplayer","Controller","Lounge","PS4","17a87e84-cecb-44fa-9d43-476c8ad9954f"
3159,206,"2024-11-07","07:00 AM",60,"Singleplayer","Controller","Lounge","PS4","17a87e84-cecb-44fa-9d43-476c8ad9954f"
3160,164,"2024-11-07","08:00 AM",30,"Singleplayer","Controller","Lounge","PS4","17a87e84-cecb-44fa-9d43-476c8ad9954f"
3161,164,"2024-11-07","04:00 PM",30,"Singleplayer","Controller","Lounge","PS4","17a87e84-cecb-44fa-9d43-476c8ad9954f"
3162,203,"2024-11-07","07:00 PM",90,"Online Multiplayer","Controller","Lounge","PC","17a87e84-cecb-44fa-9d43-476c8ad9954f"
3163,206,"2024-11-08","07:00 AM",75,"Singleplayer","Controller","Lounge","PS4","17a87e84-cecb-44fa-9d43-476c8ad9954f"
3164,206,"2024-11-08","12:00 PM",45,"Singleplayer","Controller","Lounge","PS4","17a87e84-cecb-44fa-9d43-476c8ad9954f"
3165,206,"2024-11-08","03:00 PM",90,"Singleplayer","Controller","Lounge","PS4","17a87e84-cecb-44fa-9d43-476c8ad9954f"
3166,203,"2024-11-08","08:00 PM",120,"Online Multiplayer","Controller","Lounge","PC","17a87e84-cecb-44fa-9d43-476c8ad9954f"
3167,206,"2024-11-09","07:00 AM",60,"Singleplayer","Controller","Lounge","PS4","17a87e84-cecb-44fa-9d43-476c8ad9954f"
3168,206,"2024-11-09","03:00 PM",60,"Singleplayer","Controller","Lounge","PS4","17a87e84-cecb-44fa-9d43-476c8ad9954f"
3169,206,"2024-11-10","12:00 PM",60,"Singleplayer","Controller","Lounge","PS4","17a87e84-cecb-44fa-9d43-476c8ad9954f"
3170,203,"2024-11-10","06:00 PM",60,"Online Multiplayer","Controller","Lounge","PC","17a87e84-cecb-44fa-9d43-476c8ad9954f"
3171,203,"2024-11-10","07:00 PM",90,"Online Multiplayer","Controller","Lounge","PC","17a87e84-cecb-44fa-9d43-476c8ad9954f"
3172,206,"2024-11-10","09:00 PM",45,"Singleplayer","Controller","Lounge","PS4","17a87e84-cecb-44fa-9d43-476c8ad9954f"
3173,206,"2024-11-11","06:00 AM",45,"Singleplayer","Controller","Lounge","PS4","17a87e84-cecb-44fa-9d43-476c8ad9954f"
3174,206,"2024-11-11","04:00 PM",60,"Singleplayer","Controller","Lounge","PS4","17a87e84-cecb-44fa-9d43-476c8ad9954f"
3175,203,"2024-11-11","05:00 PM",30,"Singleplayer","Controller","Lounge","PC","17a87e84-cecb-44fa-9d43-476c8ad9954f"
3176,206,"2024-11-12","07:00 AM",45,"Singleplayer","Controller","Lounge","PS4","17a87e84-cecb-44fa-9d43-476c8ad9954f"
3177,206,"2024-11-12","11:00 AM",60,"Singleplayer","Controller","Lounge","PS4","17a87e84-cecb-44fa-9d43-476c8ad9954f"
3178,203,"2024-11-12","06:00 PM",120,"Online Multiplayer","Controller","Lounge","PC","17a87e84-cecb-44fa-9d43-476c8ad9954f"
3179,203,"2024-11-14","06:00 PM",90,"Online Multiplayer","Controller","Lounge","PC","17a87e84-cecb-44fa-9d43-476c8ad9954f"
3180,203,"2024-11-15","07:00 AM",30,"Singleplayer","Controller","Lounge","PC","17a87e84-cecb-44fa-9d43-476c8ad9954f"
3181,203,"2024-11-15","12:00 PM",45,"Singleplayer","Controller","Lounge","PC","17a87e84-cecb-44fa-9d43-476c8ad9954f"
3182,203,"2024-11-15","04:00 PM",45,"Singleplayer","Controller","Lounge","PC","17a87e84-cecb-44fa-9d43-476c8ad9954f"
3183,206,"2024-11-16","07:00 AM",90,"Singleplayer","Controller","Lounge","PS4","17a87e84-cecb-44fa-9d43-476c8ad9954f"
3184,203,"2024-11-16","06:00 PM",90,"Online Multiplayer","Controller","Lounge","PC","17a87e84-cecb-44fa-9d43-476c8ad9954f"
3185,203,"2024-11-16","09:00 PM",60,"Singleplayer","Controller","Lounge","PC","17a87e84-cecb-44fa-9d43-476c8ad9954f"
3186,203,"2024-11-17","08:00 AM",30,"Singleplayer","Controller","Lounge","PC","17a87e84-cecb-44fa-9d43-476c8ad9954f"
3187,203,"2024-11-17","09:00 AM",60,"Singleplayer","Controller","Lounge","PC","17a87e84-cecb-44fa-9d43-476c8ad9954f"
3188,203,"2024-11-17","06:00 PM",90,"Online Multiplayer","Controller","Lounge","PC","17a87e84-cecb-44fa-9d43-476c8ad9954f"
3189,203,"2024-11-19","07:00 PM",75,"Online Multiplayer","Controller","Lounge","PC","17a87e84-cecb-44fa-9d43-476c8ad9954f"
3190,207,"2024-11-22","07:00 PM",75,"Online Multiplayer","Keyboard & Mouse","Lounge","PC","17a87e84-cecb-44fa-9d43-476c8ad9954f"
3191,207,"2024-11-25","06:00 PM",75,"Online Multiplayer","Keyboard & Mouse","Lounge","PC","17a87e84-cecb-44fa-9d43-476c8ad9954f"
3192,107,"2024-12-01","09:00 PM",30,"Singleplayer","Controller","Lounge","PS4","17a87e84-cecb-44fa-9d43-476c8ad9954f"
3193,203,"2024-12-03","06:00 PM",60,"Online Multiplayer","Controller","Lounge","PC","17a87e84-cecb-44fa-9d43-476c8ad9954f"
3194,207,"2024-12-03","07:00 PM",60,"Online Multiplayer","Keyboard & Mouse","Lounge","PC","17a87e84-cecb-44fa-9d43-476c8ad9954f"
3195,107,"2024-12-03","09:00 PM",30,"Singleplayer","Controller","Lounge","PS4","17a87e84-cecb-44fa-9d43-476c8ad9954f"
3196,107,"2024-12-04","07:00 AM",45,"Singleplayer","Controller","Lounge","PS4","17a87e84-cecb-44fa-9d43-476c8ad9954f"
3197,107,"2024-12-04","03:00 PM",105,"Singleplayer","Controller","Lounge","PS4","17a87e84-cecb-44fa-9d43-476c8ad9954f"
3198,107,"2024-12-06","08:00 AM",60,"Singleplayer","Controller","Lounge","PS4","17a87e84-cecb-44fa-9d43-476c8ad9954f"
3199,107,"2024-12-06","11:00 AM",45,"Singleplayer","Controller","Lounge","PS4","17a87e84-cecb-44fa-9d43-476c8ad9954f"
3200,107,"2024-12-06","05:00 PM",75,"Singleplayer","Controller","Lounge","PS4","17a87e84-cecb-44fa-9d43-476c8ad9954f"
3201,207,"2024-12-06","07:00 PM",75,"Online Multiplayer","Keyboard & Mouse","Lounge","PC","17a87e84-cecb-44fa-9d43-476c8ad9954f"
3202,107,"2024-12-07","07:00 AM",30,"Singleplayer","Controller","Lounge","PS4","17a87e84-cecb-44fa-9d43-476c8ad9954f"
3203,107,"2024-12-07","09:00 PM",60,"Singleplayer","Controller","Lounge","PS4","17a87e84-cecb-44fa-9d43-476c8ad9954f"
3204,107,"2024-12-08","10:00 AM",30,"Singleplayer","Controller","Lounge","PS4","17a87e84-cecb-44fa-9d43-476c8ad9954f"
3205,107,"2024-12-08","04:00 PM",75,"Singleplayer","Controller","Lounge","PS4","17a87e84-cecb-44fa-9d43-476c8ad9954f"
3206,107,"2024-12-08","09:00 PM",45,"Singleplayer","Controller","Lounge","PS4","17a87e84-cecb-44fa-9d43-476c8ad9954f"
3207,107,"2024-12-09","08:00 AM",30,"Singleplayer","Controller","Lounge","PS4","17a87e84-cecb-44fa-9d43-476c8ad9954f"
3208,107,"2024-12-10","04:00 PM",30,"Singleplayer","Controller","Lounge","PS4","17a87e84-cecb-44fa-9d43-476c8ad9954f"
3209,208,"2024-12-10","07:00 PM",120,"Online Multiplayer","Controller","Lounge","PC","17a87e84-cecb-44fa-9d43-476c8ad9954f"
3210,107,"2024-12-10","09:00 PM",30,"Singleplayer","Controller","Lounge","PS4","17a87e84-cecb-44fa-9d43-476c8ad9954f"
3211,107,"2024-12-12","09:00 AM",45,"Singleplayer","Controller","Lounge","PS4","17a87e84-cecb-44fa-9d43-476c8ad9954f"
3212,107,"2024-12-12","01:00 PM",45,"Singleplayer","Controller","Lounge","PS4","17a87e84-cecb-44fa-9d43-476c8ad9954f"
3213,107,"2024-12-13","08:00 AM",60,"Singleplayer","Controller","Lounge","PS4","17a87e84-cecb-44fa-9d43-476c8ad9954f"
3214,107,"2024-12-13","12:00 PM",90,"Singleplayer","Controller","Lounge","PS4","17a87e84-cecb-44fa-9d43-476c8ad9954f"
3215,107,"2024-12-13","04:00 PM",60,"Singleplayer","Controller","Lounge","PS4","17a87e84-cecb-44fa-9d43-476c8ad9954f"
3216,197,"2024-12-13","07:00 PM",45,"Online Multiplayer","Controller","Lounge","PC","17a87e84-cecb-44fa-9d43-476c8ad9954f"
3217,208,"2024-12-13","08:00 PM",45,"Online Multiplayer","Controller","Lounge","PC","17a87e84-cecb-44fa-9d43-476c8ad9954f"
3218,209,"2024-12-13","09:00 PM",30,"Online Multiplayer","Keyboard & Mouse","Lounge","PC","17a87e84-cecb-44fa-9d43-476c8ad9954f"
3219,208,"2024-12-13","10:00 PM",30,"Online Multiplayer","Controller","Lounge","PC","17a87e84-cecb-44fa-9d43-476c8ad9954f"
3220,107,"2024-12-14","07:00 AM",30,"Singleplayer","Controller","Lounge","PS4","17a87e84-cecb-44fa-9d43-476c8ad9954f"
3221,107,"2024-12-14","01:00 PM",45,"Singleplayer","Controller","Lounge","PS4","17a87e84-cecb-44fa-9d43-476c8ad9954f"
3222,107,"2024-12-14","04:00 PM",120,"Singleplayer","Controller","Lounge","PS4","17a87e84-cecb-44fa-9d43-476c8ad9954f"
3223,107,"2024-12-15","07:00 AM",30,"Singleplayer","Controller","Lounge","PS4","17a87e84-cecb-44fa-9d43-476c8ad9954f"
3224,208,"2024-12-15","07:00 PM",30,"Online Multiplayer","Controller","Lounge","PC","17a87e84-cecb-44fa-9d43-476c8ad9954f"
3225,107,"2024-12-15","08:00 PM",45,"Singleplayer","Controller","Lounge","PS4","17a87e84-cecb-44fa-9d43-476c8ad9954f"
3226,107,"2024-12-16","07:00 AM",75,"Singleplayer","Controller","Lounge","PS4","17a87e84-cecb-44fa-9d43-476c8ad9954f"
3227,197,"2024-12-17","07:00 PM",60,"Online Multiplayer","Controller","Lounge","PC","17a87e84-cecb-44fa-9d43-476c8ad9954f"
3228,208,"2024-12-17","09:00 PM",30,"Online Multiplayer","Controller","Lounge","PC","17a87e84-cecb-44fa-9d43-476c8ad9954f"
3229,205,"2024-12-18","03:00 PM",45,"Singleplayer","Controller","Lounge","PC","17a87e84-cecb-44fa-9d43-476c8ad9954f"
3230,205,"2024-12-20","07:00 AM",90,"Singleplayer","Controller","Lounge","PC","17a87e84-cecb-44fa-9d43-476c8ad9954f"
3231,197,"2024-12-20","07:00 PM",60,"Online Multiplayer","Controller","Lounge","PC","17a87e84-cecb-44fa-9d43-476c8ad9954f"
3232,203,"2024-12-20","08:00 PM",60,"Online Multiplayer","Controller","Lounge","PC","17a87e84-cecb-44fa-9d43-476c8ad9954f"
3233,126,"2024-12-21","08:00 PM",60,"Online Multiplayer","Controller","Lounge","PC","17a87e84-cecb-44fa-9d43-476c8ad9954f"
3234,82,"2024-12-30","03:00 PM",90,"Local Multiplayer","Controller","Conor & Nats","PS4","17a87e84-cecb-44fa-9d43-476c8ad9954f"
3235,210,"2025-01-12","06:00 PM",45,"Singleplayer","Controller","Lounge","PC","17a87e84-cecb-44fa-9d43-476c8ad9954f"
3236,210,"2025-01-17","03:00 PM",45,"Singleplayer","Controller","Lounge","PC","17a87e84-cecb-44fa-9d43-476c8ad9954f"
3237,210,"2025-01-20","09:00 PM",45,"Singleplayer","Controller","Lounge","PC","17a87e84-cecb-44fa-9d43-476c8ad9954f"
3238,203,"2025-01-24","7:00 PM",60,"Online Multiplayer","Controller","Lounge","PC","17a87e84-cecb-44fa-9d43-476c8ad9954f"
3239,207,"2025-01-24","8:00 PM",30,"Online Multiplayer","Keyboard & Mouse","Lounge","PC","17a87e84-cecb-44fa-9d43-476c8ad9954f"
3242,210,"2025-01-27","4:00 PM",45,"Singleplayer","Controller","Lounge","PC","17a87e84-cecb-44fa-9d43-476c8ad9954f"
3243,210,"2025-01-28","5:00 PM",30,"Singleplayer","Controller","Lounge","PC","17a87e84-cecb-44fa-9d43-476c8ad9954f"
3244,210,"2025-01-29","10:00 AM",45,"Singleplayer","Controller","Lounge","PC","17a87e84-cecb-44fa-9d43-476c8ad9954f"
3245,210,"2025-01-29","5:00 PM",45,"Singleplayer","Controller","Lounge","PC","17a87e84-cecb-44fa-9d43-476c8ad9954f"
3246,210,"2025-01-31","11:00 AM",45,"Singleplayer","Controller","Lounge","PC","17a87e84-cecb-44fa-9d43-476c8ad9954f"
3247,210,"2025-01-31","3:00 PM",60,"Singleplayer","Controller","Lounge","PC","17a87e84-cecb-44fa-9d43-476c8ad9954f"
3248,210,"2025-02-01","3:00 PM",30,"Singleplayer","Controller","Lounge","PC","17a87e84-cecb-44fa-9d43-476c8ad9954f"
3249,211,"2025-02-04","1:00 PM",60,"Singleplayer","Controller","Lounge","PS4","17a87e84-cecb-44fa-9d43-476c8ad9954f"
3250,211,"2025-02-04","5:00 PM",15,"Singleplayer","Controller","Lounge","PS4","17a87e84-cecb-44fa-9d43-476c8ad9954f"
3251,211,"2025-02-05","7:00 AM",60,"Singleplayer","Controller","Lounge","PS4","17a87e84-cecb-44fa-9d43-476c8ad9954f"
3252,211,"2025-02-05","11:00 AM",45,"Singleplayer","Controller","Lounge","PS4","17a87e84-cecb-44fa-9d43-476c8ad9954f"
3253,211,"2025-02-05","3:00 PM",60,"Singleplayer","Controller","Lounge","PS4","17a87e84-cecb-44fa-9d43-476c8ad9954f"
3254,211,"2025-02-07","7:00 AM",45,"Singleplayer","Controller","Lounge","PS4","17a87e84-cecb-44fa-9d43-476c8ad9954f"
3255,211,"2025-02-07","11:00 AM",45,"Singleplayer","Controller","Lounge","PS4","17a87e84-cecb-44fa-9d43-476c8ad9954f"
3256,211,"2025-02-07","1:00 PM",60,"Singleplayer","Controller","Lounge","PS4","17a87e84-cecb-44fa-9d43-476c8ad9954f"
3257,211,"2025-02-07","5:00 PM",30,"Singleplayer","Controller","Lounge","PS4","17a87e84-cecb-44fa-9d43-476c8ad9954f"
3258,207,"2025-02-07","8:00 PM",45,"Online Multiplayer","Keyboard & Mouse","Lounge","PC","17a87e84-cecb-44fa-9d43-476c8ad9954f"
3259,208,"2025-02-07","9:00 PM",30,"Online Multiplayer","Keyboard & Mouse","Lounge","PC","17a87e84-cecb-44fa-9d43-476c8ad9954f"
3260,211,"2025-02-08","4:00 PM",60,"Singleplayer","Controller","Lounge","PS4","17a87e84-cecb-44fa-9d43-476c8ad9954f"
3261,211,"2025-02-10","7:00 AM",45,"Singleplayer","Controller","Lounge","PS4","17a87e84-cecb-44fa-9d43-476c8ad9954f"
3262,211,"2025-02-10","5:00 PM",45,"Singleplayer","Controller","Lounge","PS4","17a87e84-cecb-44fa-9d43-476c8ad9954f"
3263,211,"2025-02-11","11:00 AM",60,"Singleplayer","Controller","Lounge","PS4","17a87e84-cecb-44fa-9d43-476c8ad9954f"
3264,211,"2025-02-11","4:00 PM",90,"Singleplayer","Controller","Lounge","PS4","17a87e84-cecb-44fa-9d43-476c8ad9954f"
3265,211,"2025-02-12","4:00 PM",90,"Singleplayer","Controller","Lounge","PS4","17a87e84-cecb-44fa-9d43-476c8ad9954f"
3266,212,"2025-02-19","7:00 AM",60,"Singleplayer","Controller","Lounge","PS4","17a87e84-cecb-44fa-9d43-476c8ad9954f"
3268,212,"2025-02-19","1:00 PM",75,"Singleplayer","Controller","Lounge","PS4","17a87e84-cecb-44fa-9d43-476c8ad9954f"
3269,212,"2025-02-21","5:00 PM",30,"Singleplayer","Controller","Lounge","PS4","17a87e84-cecb-44fa-9d43-476c8ad9954f"
3270,212,"2025-02-22","4:00 PM",45,"Singleplayer","Controller","Lounge","PS4","17a87e84-cecb-44fa-9d43-476c8ad9954f"
3271,212,"2025-02-23","4:00 PM",45,"Singleplayer","Controller","Lounge","PS4","17a87e84-cecb-44fa-9d43-476c8ad9954f"
3272,150,"2025-02-23","7:00 PM",90,"Online Multiplayer","Controller","Lounge","PC","17a87e84-cecb-44fa-9d43-476c8ad9954f"
3273,212,"2025-02-24","11:00 AM",45,"Singleplayer","Controller","Lounge","PS4","17a87e84-cecb-44fa-9d43-476c8ad9954f"
3274,212,"2025-02-24","1:00 PM",75,"Singleplayer","Controller","Lounge","PS4","17a87e84-cecb-44fa-9d43-476c8ad9954f"
3275,212,"2025-02-25","7:00 AM",45,"Singleplayer","Controller","Lounge","PS4","17a87e84-cecb-44fa-9d43-476c8ad9954f"
3276,212,"2025-02-25","10:00 AM",60,"Singleplayer","Controller","Lounge","PS4","17a87e84-cecb-44fa-9d43-476c8ad9954f"
3277,212,"2025-02-26","12:00 PM",45,"Singleplayer","Controller","Lounge","PS4","17a87e84-cecb-44fa-9d43-476c8ad9954f"
3278,212,"2025-02-26","4:00 PM",60,"Singleplayer","Controller","Lounge","PS4","17a87e84-cecb-44fa-9d43-476c8ad9954f"
3279,212,"2025-02-27","7:00 AM",60,"Singleplayer","Controller","Lounge","PS4","17a87e84-cecb-44fa-9d43-476c8ad9954f"
3280,212,"2025-02-27","12:00 PM",90,"Singleplayer","Controller","Lounge","PS4","17a87e84-cecb-44fa-9d43-476c8ad9954f"
3281,216,"2025-03-03","5:00 PM",45,"Singleplayer","Controller","Lounge","PS4","17a87e84-cecb-44fa-9d43-476c8ad9954f"
3282,216,"2025-03-04","7:00 AM",45,"Singleplayer","Controller","Lounge","PS4","17a87e84-cecb-44fa-9d43-476c8ad9954f"
3283,216,"2025-03-03","5:00 PM",45,"Singleplayer","Controller","Lounge","PS4","17a87e84-cecb-44fa-9d43-476c8ad9954f"
3284,216,"2025-03-04","7:00 AM",45,"Singleplayer","Controller","Lounge","PS4","17a87e84-cecb-44fa-9d43-476c8ad9954f"
3285,216,"2025-03-06","4:00 PM",45,"Singleplayer","Controller","Lounge","PS4","17a87e84-cecb-44fa-9d43-476c8ad9954f"
3286,216,"2025-03-07","7:00 AM",45,"Singleplayer","Controller","Lounge","PS4","17a87e84-cecb-44fa-9d43-476c8ad9954f"
3287,216,"2025-03-07","12:00 PM",30,"Singleplayer","Controller","Lounge","PS4","17a87e84-cecb-44fa-9d43-476c8ad9954f"
3288,216,"2025-03-07","5:00 PM",45,"Singleplayer","Controller","Lounge","PS4","17a87e84-cecb-44fa-9d43-476c8ad9954f"
3289,216,"2025-03-12","7:00 AM",45,"Singleplayer","Controller","Lounge","PS4","17a87e84-cecb-44fa-9d43-476c8ad9954f"
3290,216,"2025-03-14","5:00 PM",60,"Singleplayer","Controller","Lounge","PS4","17a87e84-cecb-44fa-9d43-476c8ad9954f"
3291,216,"2025-03-14","9:00 PM",60,"Singleplayer","Controller","Lounge","PS4","17a87e84-cecb-44fa-9d43-476c8ad9954f"
3292,216,"2025-03-16","8:00 AM",45,"Singleplayer","Controller","Lounge","PS4","17a87e84-cecb-44fa-9d43-476c8ad9954f"
3293,216,"2025-03-16","10:00 AM",60,"Singleplayer","Controller","Lounge","PS4","17a87e84-cecb-44fa-9d43-476c8ad9954f"
3294,216,"2025-03-17","7:00 AM",30,"Singleplayer","Controller","Lounge","PS4","17a87e84-cecb-44fa-9d43-476c8ad9954f"
3295,216,"2025-03-17","5:00 PM",30,"Singleplayer","Controller","Lounge","PS4","17a87e84-cecb-44fa-9d43-476c8ad9954f"
3296,216,"2025-03-18","11:00 AM",30,"Singleplayer","Controller","Lounge","PS4","17a87e84-cecb-44fa-9d43-476c8ad9954f"
3297,216,"2025-03-19","7:00 AM",60,"Singleplayer","Controller","Lounge","PS4","17a87e84-cecb-44fa-9d43-476c8ad9954f"
3298,216,"2025-03-19","2:00 PM",45,"Singleplayer","Controller","Lounge","PS4","17a87e84-cecb-44fa-9d43-476c8ad9954f"
3299,216,"2025-03-19","4:00 PM",30,"Singleplayer","Controller","Lounge","PS4","17a87e84-cecb-44fa-9d43-476c8ad9954f"
3300,216,"2025-03-21","7:00 AM",45,"Singleplayer","Controller","Lounge","PS4","17a87e84-cecb-44fa-9d43-476c8ad9954f"
3301,216,"2025-03-21","1:00 PM",30,"Singleplayer","Controller","Lounge","PS4","17a87e84-cecb-44fa-9d43-476c8ad9954f"
3302,216,"2025-03-21","3:00 PM",45,"Singleplayer","Controller","Lounge","PS4","17a87e84-cecb-44fa-9d43-476c8ad9954f"
3303,126,"2025-03-21","7:00 PM",60,"Online Multiplayer","Controller","Lounge","PC","17a87e84-cecb-44fa-9d43-476c8ad9954f"
3305,216,"2025-03-24","12:00 PM",60,"Singleplayer","Controller","Lounge","PS4","17a87e84-cecb-44fa-9d43-476c8ad9954f"
3306,216,"2025-03-24","3:00 PM",60,"Singleplayer","Controller","Lounge","PS4","17a87e84-cecb-44fa-9d43-476c8ad9954f"
3307,216,"2025-03-25","7:00 AM",60,"Singleplayer","Controller","Lounge","PS4","17a87e84-cecb-44fa-9d43-476c8ad9954f"
3308,216,"2025-03-25","2:00 PM",90,"Singleplayer","Controller","Lounge","PS4","17a87e84-cecb-44fa-9d43-476c8ad9954f"
3309,216,"2025-03-26","7:00 AM",45,"Singleplayer","Controller","Lounge","PS4","17a87e84-cecb-44fa-9d43-476c8ad9954f"
3310,216,"2025-03-26","12:00 PM",60,"Singleplayer","Controller","Lounge","PS4","17a87e84-cecb-44fa-9d43-476c8ad9954f"
3311,216,"2025-03-26","4:00 PM",60,"Singleplayer","Controller","Lounge","PS4","17a87e84-cecb-44fa-9d43-476c8ad9954f"
3312,216,"2025-03-28","7:00 AM",60,"Singleplayer","Controller","Lounge","PS4","17a87e84-cecb-44fa-9d43-476c8ad9954f"
3313,216,"2025-03-28","11:00 AM",45,"Singleplayer","Controller","Lounge","PS4","17a87e84-cecb-44fa-9d43-476c8ad9954f"
3314,216,"2025-03-28","1:00 PM",120,"Singleplayer","Controller","Lounge","PS4","17a87e84-cecb-44fa-9d43-476c8ad9954f"
3315,216,"2025-03-30","5:00 PM",75,"Singleplayer","Controller","Lounge","PS4","17a87e84-cecb-44fa-9d43-476c8ad9954f"
3316,216,"2025-03-31","7:00 AM",60,"Singleplayer","Controller","Lounge","PS4","17a87e84-cecb-44fa-9d43-476c8ad9954f"
3317,216,"2025-03-31","12:00 PM",30,"Singleplayer","Controller","Lounge","PS4","17a87e84-cecb-44fa-9d43-476c8ad9954f"
3318,216,"2025-03-31","2:00 PM",45,"Singleplayer","Controller","Lounge","PS4","17a87e84-cecb-44fa-9d43-476c8ad9954f"
3319,216,"2025-03-31","4:00 PM",60,"Singleplayer","Controller","Lounge","PS4","17a87e84-cecb-44fa-9d43-476c8ad9954f"
3320,216,"2025-04-01","7:00 AM",60,"Singleplayer","Controller","Lounge","PS4","17a87e84-cecb-44fa-9d43-476c8ad9954f"
3321,217,"2025-04-03","7:00 AM",45,"Singleplayer","Controller","Lounge","PS4","17a87e84-cecb-44fa-9d43-476c8ad9954f"
3322,217,"2025-04-03","11:00 AM",60,"Singleplayer","Controller","Lounge","PS4","17a87e84-cecb-44fa-9d43-476c8ad9954f"
3323,126,"2025-04-04","7:00 PM",45,"Online Multiplayer","Controller","Lounge","PC","17a87e84-cecb-44fa-9d43-476c8ad9954f"
3324,218,"2025-04-04","8:00 PM",60,"Online Multiplayer","Controller","Lounge","PC","17a87e84-cecb-44fa-9d43-476c8ad9954f"
3325,217,"2025-04-06","7:00 AM",90,"Singleplayer","Controller","Lounge","PS4","17a87e84-cecb-44fa-9d43-476c8ad9954f"
3326,217,"2025-04-07","7:00 AM",45,"Singleplayer","Controller","Lounge","PS4","17a87e84-cecb-44fa-9d43-476c8ad9954f"
3327,217,"2025-04-09","12:00 PM",45,"Singleplayer","Controller","Lounge","PS4","17a87e84-cecb-44fa-9d43-476c8ad9954f"
3328,217,"2025-04-09","4:00 PM",60,"Singleplayer","Controller","Lounge","PS4","17a87e84-cecb-44fa-9d43-476c8ad9954f"
3329,217,"2025-04-11","2:00 PM",60,"Singleplayer","Controller","Lounge","PS4","17a87e84-cecb-44fa-9d43-476c8ad9954f"
3330,218,"2025-04-11","7:00 AM",90,"Online Multiplayer","Controller","Lounge","PC","17a87e84-cecb-44fa-9d43-476c8ad9954f"
3331,218,"2025-04-13","6:00 PM",60,"Online Multiplayer","Controller","Lounge","PC","17a87e84-cecb-44fa-9d43-476c8ad9954f"
3332,207,"2025-04-13","7:00 PM",45,"Online Multiplayer","Keyboard & Mouse","Lounge","PC","17a87e84-cecb-44fa-9d43-476c8ad9954f"
3333,197,"2025-04-13","8:00 PM",45,"Online Multiplayer","Controller","Lounge","PC","17a87e84-cecb-44fa-9d43-476c8ad9954f"
3334,218,"2025-04-15","7:00 PM",60,"Online Multiplayer","Controller","Lounge","PC","17a87e84-cecb-44fa-9d43-476c8ad9954f"
3335,207,"2025-04-15","8:00 PM",60,"Online Multiplayer","Keyboard & Mouse","Lounge","PC","17a87e84-cecb-44fa-9d43-476c8ad9954f"
3336,219,"2025-05-03","5:00 PM",30,"Singleplayer","Controller","Lounge","PC","17a87e84-cecb-44fa-9d43-476c8ad9954f"
3337,218,"2025-05-04","7:00 PM",90,"Online Multiplayer","Controller","Lounge","PC","17a87e84-cecb-44fa-9d43-476c8ad9954f"
3338,218,"2025-05-05","6:00 PM",60,"Online Multiplayer","Controller","Lounge","PC","17a87e84-cecb-44fa-9d43-476c8ad9954f"
3339,219,"2025-05-06","7:00 AM",45,"Singleplayer","Controller","Lounge","PC","17a87e84-cecb-44fa-9d43-476c8ad9954f"
3340,219,"2025-05-06","4:00 PM",60,"Singleplayer","Controller","Lounge","PC","17a87e84-cecb-44fa-9d43-476c8ad9954f"
3341,219,"2025-05-09","11:00 AM",30,"Singleplayer","Controller","Lounge","PC","17a87e84-cecb-44fa-9d43-476c8ad9954f"
3342,219,"2025-05-07","5:00 PM",60,"Singleplayer","Controller","Lounge","PC","17a87e84-cecb-44fa-9d43-476c8ad9954f"
3343,219,"2025-05-13","1:00 PM",60,"Singleplayer","Controller","Lounge","PC","17a87e84-cecb-44fa-9d43-476c8ad9954f"
3344,218,"2025-05-13","7:00 PM",90,"Online Multiplayer","Controller","Lounge","PC","17a87e84-cecb-44fa-9d43-476c8ad9954f"
3345,219,"2025-05-14","7:00 AM",30,"Singleplayer","Controller","Lounge","PC","17a87e84-cecb-44fa-9d43-476c8ad9954f"
3346,219,"2025-05-14","12:00 PM",45,"Singleplayer","Controller","Lounge","PC","17a87e84-cecb-44fa-9d43-476c8ad9954f"
3347,219,"2025-05-15","8:00 AM",45,"Singleplayer","Controller","Lounge","PC","17a87e84-cecb-44fa-9d43-476c8ad9954f"
3348,219,"2025-05-15","1:00 PM",60,"Singleplayer","Controller","Lounge","PC","17a87e84-cecb-44fa-9d43-476c8ad9954f"
3349,219,"2025-05-15","3:00 PM",60,"Singleplayer","Controller","Lounge","PC","17a87e84-cecb-44fa-9d43-476c8ad9954f"
3350,219,"2025-05-16","7:00 AM",75,"Singleplayer","Controller","Lounge","PC","17a87e84-cecb-44fa-9d43-476c8ad9954f"
3351,219,"2025-05-16","1:00 PM",60,"Singleplayer","Controller","Lounge","PC","17a87e84-cecb-44fa-9d43-476c8ad9954f"
3352,218,"2025-05-20","6:00 PM",75,"Online Multiplayer","Controller","Lounge","PC","17a87e84-cecb-44fa-9d43-476c8ad9954f"
3353,218,"2025-05-22","7:00 PM",75,"Online Multiplayer","Controller","Lounge","PC","17a87e84-cecb-44fa-9d43-476c8ad9954f"
3354,220,"2025-05-24","2:00 PM",105,"Singleplayer","Controller","Lounge","PC","17a87e84-cecb-44fa-9d43-476c8ad9954f"
3355,220,"2025-05-25","4:00 PM",60,"Singleplayer","Controller","Lounge","PC","17a87e84-cecb-44fa-9d43-476c8ad9954f"
3356,220,"2025-05-25","5:00 PM",30,"Singleplayer","Controller","Lounge","PC","17a87e84-cecb-44fa-9d43-476c8ad9954f"
3357,220,"2025-05-25","8:00 PM",45,"Singleplayer","Controller","Lounge","PC","17a87e84-cecb-44fa-9d43-476c8ad9954f"
3358,220,"2025-05-26","1:00 PM",60,"Singleplayer","Controller","Lounge","PC","17a87e84-cecb-44fa-9d43-476c8ad9954f"
3359,220,"2025-05-27","4:00 PM",60,"Singleplayer","Controller","Lounge","PC","17a87e84-cecb-44fa-9d43-476c8ad9954f"
3360,220,"2025-05-28","11:00 AM",45,"Singleplayer","Controller","Lounge","PC","17a87e84-cecb-44fa-9d43-476c8ad9954f"
3361,220,"2025-05-28","1:00 PM",45,"Singleplayer","Controller","Lounge","PC","17a87e84-cecb-44fa-9d43-476c8ad9954f"
3362,218,"2025-05-28","7:00 PM",90,"Online Multiplayer","Controller","Lounge","PC","17a87e84-cecb-44fa-9d43-476c8ad9954f"
3363,220,"2025-05-28","11:00 PM",30,"Singleplayer","Controller","Lounge","PC","17a87e84-cecb-44fa-9d43-476c8ad9954f"
3364,220,"2025-05-29","1:00 PM",75,"Singleplayer","Controller","Lounge","PC","17a87e84-cecb-44fa-9d43-476c8ad9954f"
3365,218,"2025-05-29","8:00 PM",90,"Online Multiplayer","Controller","Lounge","PC","17a87e84-cecb-44fa-9d43-476c8ad9954f"
3366,220,"2025-05-30","10:00 AM",60,"Singleplayer","Controller","Lounge","PC","17a87e84-cecb-44fa-9d43-476c8ad9954f"
3367,220,"2025-05-30","4:00 PM",60,"Singleplayer","Controller","Lounge","PC","17a87e84-cecb-44fa-9d43-476c8ad9954f"
3368,220,"2025-06-01","2:00 PM",45,"Singleplayer","Controller","Lounge","PC","17a87e84-cecb-44fa-9d43-476c8ad9954f"
3369,220,"2025-06-03","6:00 AM",45,"Singleplayer","Controller","Lounge","PC","17a87e84-cecb-44fa-9d43-476c8ad9954f"
3370,207,"2025-06-03","7:00 PM",30,"Online Multiplayer","Keyboard & Mouse","Lounge","PC","17a87e84-cecb-44fa-9d43-476c8ad9954f"
3371,220,"2025-06-04","7:00 AM",60,"Singleplayer","Controller","Lounge","PC","17a87e84-cecb-44fa-9d43-476c8ad9954f"
3372,220,"2025-06-05","8:00 PM",60,"Singleplayer","Controller","Lounge","PC","17a87e84-cecb-44fa-9d43-476c8ad9954f"
3373,220,"2025-06-06","8:00 AM",75,"Singleplayer","Controller","Lounge","PC","17a87e84-cecb-44fa-9d43-476c8ad9954f"
3374,220,"2025-06-10","8:00 PM",45,"Singleplayer","Controller","Lounge","PC","17a87e84-cecb-44fa-9d43-476c8ad9954f"
3375,220,"2025-06-11","8:00 PM",75,"Singleplayer","Controller","Lounge","PC","17a87e84-cecb-44fa-9d43-476c8ad9954f"
3376,220,"2025-06-12","7:00 AM",60,"Singleplayer","Controller","Lounge","PC","17a87e84-cecb-44fa-9d43-476c8ad9954f"
3377,220,"2025-06-24","3:00 PM",45,"Singleplayer","Controller","Lounge","PC","17a87e84-cecb-44fa-9d43-476c8ad9954f"
3378,220,"2025-06-24","6:00 PM",60,"Singleplayer","Controller","Lounge","PC","17a87e84-cecb-44fa-9d43-476c8ad9954f"
3379,220,"2025-06-25","7:00 AM",75,"Singleplayer","Controller","Lounge","PC","17a87e84-cecb-44fa-9d43-476c8ad9954f"
3380,207,"2025-06-24","7:00 PM",60,"Online Multiplayer","Keyboard & Mouse","Lounge","PC","17a87e84-cecb-44fa-9d43-476c8ad9954f"
3382,220,"2025-06-27","3:00 PM",60,"Singleplayer","Controller","Lounge","PC","17a87e84-cecb-44fa-9d43-476c8ad9954f"
3383,220,"2025-06-28","8:00 AM",60,"Singleplayer","Controller","Lounge","PC","17a87e84-cecb-44fa-9d43-476c8ad9954f"
3384,220,"2025-06-30","12:00 PM",45,"Singleplayer","Controller","Lounge","PC","17a87e84-cecb-44fa-9d43-476c8ad9954f"
3385,220,"2025-06-30","3:00 PM",75,"Singleplayer","Controller","Lounge","PC","17a87e84-cecb-44fa-9d43-476c8ad9954f"
3386,220,"2025-07-01","7:00 AM",60,"Singleplayer","Controller","Lounge","PC","17a87e84-cecb-44fa-9d43-476c8ad9954f"
3387,220,"2025-07-01","12:00 PM",60,"Singleplayer","Controller","Lounge","PC","17a87e84-cecb-44fa-9d43-476c8ad9954f"
3388,197,"2025-07-01","6:00 PM",30,"Online Multiplayer","Controller","Lounge","PC","17a87e84-cecb-44fa-9d43-476c8ad9954f"
3389,221,"2025-07-01","7:00 AM",30,"Online Multiplayer","Keyboard & Mouse","Lounge","PC","17a87e84-cecb-44fa-9d43-476c8ad9954f"
3390,220,"2025-07-02","3:00 PM",60,"Singleplayer","Controller","Lounge","PC","17a87e84-cecb-44fa-9d43-476c8ad9954f"
3391,220,"2025-07-04","7:00 AM",60,"Singleplayer","Controller","Lounge","PC","17a87e84-cecb-44fa-9d43-476c8ad9954f"
3392,222,"2025-07-04","6:00 PM",60,"Online Multiplayer","Controller","Lounge","PC","17a87e84-cecb-44fa-9d43-476c8ad9954f"
3393,208,"2025-07-04","8:00 PM",45,"Online Multiplayer","Keyboard & Mouse","Lounge","PC","17a87e84-cecb-44fa-9d43-476c8ad9954f"
3394,220,"2025-07-07","7:00 AM",60,"Singleplayer","Controller","Lounge","PC","17a87e84-cecb-44fa-9d43-476c8ad9954f"
3395,221,"2025-07-07","7:00 PM",60,"Online Multiplayer","Keyboard & Mouse","Lounge","PC","17a87e84-cecb-44fa-9d43-476c8ad9954f"
3396,220,"2025-07-08","7:00 AM",60,"Singleplayer","Controller","Lounge","PC","17a87e84-cecb-44fa-9d43-476c8ad9954f"
3397,220,"2025-07-09","7:00 AM",60,"Singleplayer","Controller","Lounge","PC","17a87e84-cecb-44fa-9d43-476c8ad9954f"
3398,220,"2025-07-14","8:00 AM",45,"Singleplayer","Controller","Lounge","PC","17a87e84-cecb-44fa-9d43-476c8ad9954f"
3399,220,"2025-07-15","7:00 AM",60,"Singleplayer","Controller","Lounge","PC","17a87e84-cecb-44fa-9d43-476c8ad9954f"
3400,222,"2025-07-15","6:00 PM",90,"Online Multiplayer","Controller","Lounge","PC","17a87e84-cecb-44fa-9d43-476c8ad9954f"
3401,220,"2025-07-16","8:00 AM",60,"Singleplayer","Controller","Lounge","PC","17a87e84-cecb-44fa-9d43-476c8ad9954f"
3402,220,"2025-07-22","7:00 AM",60,"Singleplayer","Controller","Lounge","PC","17a87e84-cecb-44fa-9d43-476c8ad9954f"
3403,220,"2025-07-23","7:00 AM",75,"Singleplayer","Controller","Lounge","PC","17a87e84-cecb-44fa-9d43-476c8ad9954f"
3404,220,"2025-07-23","12:00 PM",60,"Singleplayer","Controller","Lounge","PC","17a87e84-cecb-44fa-9d43-476c8ad9954f"
3405,220,"2025-07-25","7:00 AM",60,"Singleplayer","Controller","Lounge","PC","17a87e84-cecb-44fa-9d43-476c8ad9954f"
3406,220,"2025-07-25","12:00 PM",45,"Singleplayer","Controller","Lounge","PC","17a87e84-cecb-44fa-9d43-476c8ad9954f"
3407,203,"2025-07-25","7:00 PM",75,"Online Multiplayer","Controller","Lounge","PC","17a87e84-cecb-44fa-9d43-476c8ad9954f"
3408,220,"2025-07-27","4:00 PM",60,"Singleplayer","Controller","Lounge","PC","17a87e84-cecb-44fa-9d43-476c8ad9954f"
3409,220,"2025-07-28","11:00 AM",75,"Singleplayer","Controller","Lounge","PC","17a87e84-cecb-44fa-9d43-476c8ad9954f"
3410,220,"2025-07-28","2:00 PM",60,"Singleplayer","Controller","Lounge","PC","17a87e84-cecb-44fa-9d43-476c8ad9954f"
3411,220,"2025-07-29","7:00 AM",60,"Singleplayer","Controller","Lounge","PC","17a87e84-cecb-44fa-9d43-476c8ad9954f"
3412,220,"2025-07-29","2:00 PM",60,"Singleplayer","Controller","Lounge","PC","17a87e84-cecb-44fa-9d43-476c8ad9954f"
3413,220,"2025-07-30","7:00 AM",60,"Singleplayer","Controller","Lounge","PC","17a87e84-cecb-44fa-9d43-476c8ad9954f"
3414,220,"2025-07-30","12:00 PM",45,"Singleplayer","Controller","Lounge","PC","17a87e84-cecb-44fa-9d43-476c8ad9954f"
3415,220,"2025-07-30","1:00 PM",90,"Singleplayer","Controller","Lounge","PC","17a87e84-cecb-44fa-9d43-476c8ad9954f"
3416,220,"2025-08-01","7:00 AM",60,"Singleplayer","Controller","Lounge","PC","17a87e84-cecb-44fa-9d43-476c8ad9954f"
3417,220,"2025-08-01","10:00 AM",30,"Singleplayer","Controller","Lounge","PC","17a87e84-cecb-44fa-9d43-476c8ad9954f"
3418,220,"2025-08-01","1:00 PM",30,"Singleplayer","Controller","Lounge","PC","17a87e84-cecb-44fa-9d43-476c8ad9954f"
3419,220,"2025-08-01","3:00 PM",75,"Singleplayer","Controller","Lounge","PC","17a87e84-cecb-44fa-9d43-476c8ad9954f"
3420,220,"2025-08-02","10:00 AM",60,"Singleplayer","Controller","Lounge","PC","17a87e84-cecb-44fa-9d43-476c8ad9954f"
3421,220,"2025-08-03","4:00 PM",120,"Singleplayer","Controller","Lounge","PC","17a87e84-cecb-44fa-9d43-476c8ad9954f"
3422,220,"2025-08-04","7:00 AM",30,"Singleplayer","Controller","Lounge","PC","17a87e84-cecb-44fa-9d43-476c8ad9954f"
3423,220,"2025-08-04","12:00 PM",45,"Singleplayer","Controller","Lounge","PC","17a87e84-cecb-44fa-9d43-476c8ad9954f"
3424,220,"2025-08-08","7:00 AM",45,"Singleplayer","Controller","Lounge","PC","17a87e84-cecb-44fa-9d43-476c8ad9954f"
3425,220,"2025-08-10","7:00 PM",45,"Singleplayer","Controller","Lounge","PC","17a87e84-cecb-44fa-9d43-476c8ad9954f"
3426,220,"2025-08-11","7:00 AM",45,"Singleplayer","Controller","Lounge","PC","17a87e84-cecb-44fa-9d43-476c8ad9954f"
3427,220,"2025-08-11","12:00 PM",45,"Singleplayer","Controller","Lounge","PC","17a87e84-cecb-44fa-9d43-476c8ad9954f"
3428,220,"2025-08-12","7:00 AM",45,"Singleplayer","Controller","Lounge","PC","17a87e84-cecb-44fa-9d43-476c8ad9954f"
3429,220,"2025-08-13","7:00 AM",60,"Singleplayer","Controller","Lounge","PC","17a87e84-cecb-44fa-9d43-476c8ad9954f"
3430,220,"2025-08-13","12:00 PM",30,"Singleplayer","Controller","Lounge","PC","17a87e84-cecb-44fa-9d43-476c8ad9954f"
3431,220,"2025-08-13","1:00 PM",30,"Singleplayer","Controller","Lounge","PC","17a87e84-cecb-44fa-9d43-476c8ad9954f"
3432,220,"2025-08-15","7:00 AM",75,"Singleplayer","Controller","Lounge","PC","17a87e84-cecb-44fa-9d43-476c8ad9954f"
3433,220,"2025-08-15","4:00 PM",90,"Singleplayer","Controller","Lounge","PC","17a87e84-cecb-44fa-9d43-476c8ad9954f"
3434,220,"2025-08-16","8:00 AM",90,"Singleplayer","Controller","Lounge","PC","17a87e84-cecb-44fa-9d43-476c8ad9954f"
3435,150,"2025-08-16","7:00 PM",90,"Online Multiplayer","Controller","Lounge","PC","17a87e84-cecb-44fa-9d43-476c8ad9954f"
3436,220,"2025-08-17","8:00 AM",75,"Singleplayer","Controller","Lounge","PC","17a87e84-cecb-44fa-9d43-476c8ad9954f"
3437,220,"2025-08-18","7:00 AM",60,"Singleplayer","Controller","Lounge","PC","17a87e84-cecb-44fa-9d43-476c8ad9954f"
3438,220,"2025-08-18","4:00 PM",60,"Singleplayer","Controller","Lounge","PC","17a87e84-cecb-44fa-9d43-476c8ad9954f"
3439,220,"2025-08-19","7:00 AM",60,"Singleplayer","Controller","Lounge","PC","17a87e84-cecb-44fa-9d43-476c8ad9954f"
3440,220,"2025-08-20","7:00 AM",60,"Singleplayer","Controller","Lounge","PC","17a87e84-cecb-44fa-9d43-476c8ad9954f"
3441,220,"2025-08-20","3:00 PM",120,"Singleplayer","Controller","Lounge","PC","17a87e84-cecb-44fa-9d43-476c8ad9954f"
3442,220,"2025-08-22","7:00 AM",75,"Singleplayer","Controller","Lounge","PC","17a87e84-cecb-44fa-9d43-476c8ad9954f"
3443,220,"2025-08-22","3:00 PM",75,"Singleplayer","Controller","Lounge","PC","17a87e84-cecb-44fa-9d43-476c8ad9954f"
3444,134,"2025-08-26","7:00 AM",60,"Singleplayer","Controller","Lounge","PC","17a87e84-cecb-44fa-9d43-476c8ad9954f"
3445,134,"2025-08-27","7:00 AM",60,"Singleplayer","Controller","Lounge","PC","17a87e84-cecb-44fa-9d43-476c8ad9954f"
3446,134,"2025-08-28","7:00 AM",45,"Singleplayer","Controller","Lounge","PC","17a87e84-cecb-44fa-9d43-476c8ad9954f"
3447,223,"2025-09-07","8:00 AM",30,"Singleplayer","Keyboard & Mouse","Lounge","PC","17a87e84-cecb-44fa-9d43-476c8ad9954f"
3448,223,"2025-09-10","7:00 AM",45,"Singleplayer","Keyboard & Mouse","Lounge","PC","17a87e84-cecb-44fa-9d43-476c8ad9954f"
3449,223,"2025-09-11","7:00 AM",30,"Singleplayer","Keyboard & Mouse","Lounge","PC","17a87e84-cecb-44fa-9d43-476c8ad9954f"
3450,222,"2025-09-12","8:00 PM",30,"Online Multiplayer","Controller","Lounge","PC","17a87e84-cecb-44fa-9d43-476c8ad9954f"
3451,224,"2025-10-05","7:00 AM",45,"Singleplayer","Handheld","Bed","Nintendo Switch","17a87e84-cecb-44fa-9d43-476c8ad9954f"
3452,225,"2025-10-07","3:00 PM",45,"Singleplayer","Controller","Lounge","PC","17a87e84-cecb-44fa-9d43-476c8ad9954f"
3453,225,"2025-10-08","7:00 AM",45,"Singleplayer","Controller","Lounge","PC","17a87e84-cecb-44fa-9d43-476c8ad9954f"
3454,225,"2025-10-08","5:00 PM",30,"Singleplayer","Controller","Lounge","PC","17a87e84-cecb-44fa-9d43-476c8ad9954f"
3455,222,"2025-10-09","7:00 PM",30,"Online Multiplayer","Controller","Lounge","PC","17a87e84-cecb-44fa-9d43-476c8ad9954f"
3456,225,"2025-10-10","10:00 AM",60,"Singleplayer","Controller","Lounge","PC","17a87e84-cecb-44fa-9d43-476c8ad9954f"
3457,225,"2025-10-10","2:00 PM",45,"Singleplayer","Controller","Lounge","PC","17a87e84-cecb-44fa-9d43-476c8ad9954f"
3458,225,"2025-10-13","7:00 AM",45,"Singleplayer","Controller","Lounge","PC","17a87e84-cecb-44fa-9d43-476c8ad9954f"
3459,225,"2025-10-13","12:00 PM",45,"Singleplayer","Controller","Lounge","PC","17a87e84-cecb-44fa-9d43-476c8ad9954f"
3460,225,"2025-10-14","11:00 AM",45,"Singleplayer","Controller","Lounge","PC","17a87e84-cecb-44fa-9d43-476c8ad9954f"
3461,225,"2025-10-14","4:00 PM",60,"Singleplayer","Controller","Lounge","PC","17a87e84-cecb-44fa-9d43-476c8ad9954f"
3462,225,"2025-10-15","7:00 AM",60,"Singleplayer","Controller","Lounge","PC","17a87e84-cecb-44fa-9d43-476c8ad9954f"
3463,225,"2025-10-15","12:00 PM",45,"Singleplayer","Controller","Lounge","PC","17a87e84-cecb-44fa-9d43-476c8ad9954f"
3464,225,"2025-10-17","12:00 PM",30,"Singleplayer","Controller","Lounge","PC","17a87e84-cecb-44fa-9d43-476c8ad9954f"
3465,225,"2025-10-17","4:00 PM",90,"Singleplayer","Controller","Lounge","PC","17a87e84-cecb-44fa-9d43-476c8ad9954f"
3466,150,"2025-10-19","7:00 PM",60,"Online Multiplayer","Controller","Lounge","PC","17a87e84-cecb-44fa-9d43-476c8ad9954f"
3467,225,"2025-10-20","12:00 PM",30,"Singleplayer","Controller","Lounge","PC","17a87e84-cecb-44fa-9d43-476c8ad9954f"
3468,225,"2025-10-21","7:00 AM",60,"Singleplayer","Controller","Lounge","PC","17a87e84-cecb-44fa-9d43-476c8ad9954f"
3469,225,"2025-10-21","12:00 PM",30,"Singleplayer","Controller","Lounge","PC","17a87e84-cecb-44fa-9d43-476c8ad9954f"
3470,225,"2025-10-21","4:00 PM",45,"Singleplayer","Controller","Lounge","PC","17a87e84-cecb-44fa-9d43-476c8ad9954f"
3471,225,"2025-10-22","6:00 PM",45,"Singleplayer","Controller","Lounge","PC","17a87e84-cecb-44fa-9d43-476c8ad9954f"
3472,225,"2025-10-23","7:00 AM",45,"Singleplayer","Controller","Lounge","PC","17a87e84-cecb-44fa-9d43-476c8ad9954f"
3473,225,"2025-10-23","11:00 AM",45,"Singleplayer","Controller","Lounge","PC","17a87e84-cecb-44fa-9d43-476c8ad9954f"
3474,225,"2025-10-23","12:00 PM",30,"Singleplayer","Controller","Lounge","PC","17a87e84-cecb-44fa-9d43-476c8ad9954f"
3475,225,"2025-10-24","7:00 AM",45,"Singleplayer","Controller","Lounge","PC","17a87e84-cecb-44fa-9d43-476c8ad9954f"
3476,225,"2025-10-24","11:00 AM",30,"Singleplayer","Controller","Lounge","PC","17a87e84-cecb-44fa-9d43-476c8ad9954f"
3477,225,"2025-10-24","12:00 PM",45,"Singleplayer","Controller","Lounge","PC","17a87e84-cecb-44fa-9d43-476c8ad9954f"
3478,225,"2025-10-24","3:00 PM",60,"Singleplayer","Controller","Lounge","PC","17a87e84-cecb-44fa-9d43-476c8ad9954f"
3479,225,"2025-10-26","4:00 PM",45,"Singleplayer","Controller","Lounge","PC","17a87e84-cecb-44fa-9d43-476c8ad9954f"
3480,225,"2025-10-27","12:00 PM",30,"Singleplayer","Controller","Lounge","PC","17a87e84-cecb-44fa-9d43-476c8ad9954f"
3481,225,"2025-10-27","3:00 PM",60,"Singleplayer","Controller","Lounge","PC","17a87e84-cecb-44fa-9d43-476c8ad9954f"
3482,225,"2025-10-28","7:00 AM",75,"Singleplayer","Controller","Lounge","PC","17a87e84-cecb-44fa-9d43-476c8ad9954f"
3483,225,"2025-10-28","11:00 AM",60,"Singleplayer","Controller","Lounge","PC","17a87e84-cecb-44fa-9d43-476c8ad9954f"
3484,225,"2025-10-28","1:00 PM",45,"Singleplayer","Controller","Lounge","PC","17a87e84-cecb-44fa-9d43-476c8ad9954f"
3485,225,"2025-10-28","4:00 PM",30,"Singleplayer","Controller","Lounge","PC","17a87e84-cecb-44fa-9d43-476c8ad9954f"
3486,225,"2025-10-29","7:00 AM",60,"Singleplayer","Controller","Lounge","PC","17a87e84-cecb-44fa-9d43-476c8ad9954f"
3487,225,"2025-10-29","11:00 AM",45,"Singleplayer","Controller","Lounge","PC","17a87e84-cecb-44fa-9d43-476c8ad9954f"
3488,225,"2025-10-29","12:00 PM",45,"Singleplayer","Controller","Lounge","PC","17a87e84-cecb-44fa-9d43-476c8ad9954f"
3489,225,"2025-10-29","2:00 PM",30,"Singleplayer","Controller","Lounge","PC","17a87e84-cecb-44fa-9d43-476c8ad9954f"
3490,225,"2025-10-29","4:00 PM",30,"Singleplayer","Controller","Lounge","PC","17a87e84-cecb-44fa-9d43-476c8ad9954f"
3491,225,"2025-10-30","7:00 AM",90,"Singleplayer","Controller","Lounge","PC","17a87e84-cecb-44fa-9d43-476c8ad9954f"
3492,225,"2025-10-30","2:00 PM",60,"Singleplayer","Controller","Lounge","PC","17a87e84-cecb-44fa-9d43-476c8ad9954f"
3493,225,"2025-10-31","7:00 AM",75,"Singleplayer","Controller","Lounge","PC","17a87e84-cecb-44fa-9d43-476c8ad9954f"
3494,225,"2025-10-31","12:00 PM",30,"Singleplayer","Controller","Lounge","PC","17a87e84-cecb-44fa-9d43-476c8ad9954f"
3495,225,"2025-10-31","4:00 PM",30,"Singleplayer","Controller","Lounge","PC","17a87e84-cecb-44fa-9d43-476c8ad9954f"
3496,225,"2025-10-31","5:00 PM",30,"Singleplayer","Controller","Lounge","PC","17a87e84-cecb-44fa-9d43-476c8ad9954f"
3497,225,"2025-11-01","8:00 AM",60,"Singleplayer","Controller","Lounge","PC","17a87e84-cecb-44fa-9d43-476c8ad9954f"
3498,225,"2025-11-01","7:00 AM",90,"Singleplayer","Controller","Lounge","PC","17a87e84-cecb-44fa-9d43-476c8ad9954f"
3499,225,"2025-11-01","5:00 PM",30,"Singleplayer","Controller","Lounge","PC","17a87e84-cecb-44fa-9d43-476c8ad9954f"
3500,150,"2025-11-01","8:00 PM",60,"Online Multiplayer","Controller","Lounge","PC","17a87e84-cecb-44fa-9d43-476c8ad9954f"
3501,225,"2025-11-02","5:00 PM",60,"Singleplayer","Controller","Lounge","PC","17a87e84-cecb-44fa-9d43-476c8ad9954f"
3502,225,"2025-11-03","7:00 AM",60,"Singleplayer","Controller","Lounge","PC","17a87e84-cecb-44fa-9d43-476c8ad9954f"
3503,225,"2025-11-03","11:00 AM",30,"Singleplayer","Controller","Lounge","PC","17a87e84-cecb-44fa-9d43-476c8ad9954f"
3504,225,"2025-11-05","7:00 AM",45,"Singleplayer","Controller","Lounge","PC","17a87e84-cecb-44fa-9d43-476c8ad9954f"
3505,225,"2025-11-05","12:00 PM",30,"Singleplayer","Controller","Lounge","PC","17a87e84-cecb-44fa-9d43-476c8ad9954f"
3506,225,"2025-11-07","7:00 AM",45,"Singleplayer","Controller","Lounge","PC","17a87e84-cecb-44fa-9d43-476c8ad9954f"
3507,105,"2025-11-07","5:00 PM",120,"Local Multiplayer","Keyboard & Mouse","Lounge","PC","17a87e84-cecb-44fa-9d43-476c8ad9954f"
3508,105,"2025-11-07","8:00 PM",180,"Local Multiplayer","Keyboard & Mouse","Lounge","PC","17a87e84-cecb-44fa-9d43-476c8ad9954f"
3509,226,"2025-11-09","8:00 AM",30,"Singleplayer","Controller","Lounge","PC","17a87e84-cecb-44fa-9d43-476c8ad9954f"
3510,150,"2025-11-09","7:00 PM",75,"Online Multiplayer","Controller","Lounge","PC","17a87e84-cecb-44fa-9d43-476c8ad9954f"
3511,9,"2025-11-21","7:00 PM",60,"Local Multiplayer","Controller","Lounge","Nintendo Switch","17a87e84-cecb-44fa-9d43-476c8ad9954f"
3512,1,"2025-11-23","8:00 PM",75,"Local Multiplayer","Controller","Lounge","Nintendo Switch","17a87e84-cecb-44fa-9d43-476c8ad9954f"
3513,207,"2025-11-27","7:00 PM",60,"Online Multiplayer","Keyboard & Mouse","Lounge","PC","17a87e84-cecb-44fa-9d43-476c8ad9954f"
3514,150,"2025-12-05","7:00 PM",45,"Online Multiplayer","Controller","Lounge","PC","17a87e84-cecb-44fa-9d43-476c8ad9954f"
3515,226,"2025-12-10","7:00 AM",60,"Singleplayer","Controller","Lounge","PC","17a87e84-cecb-44fa-9d43-476c8ad9954f"
3516,1,"2025-12-10","5:00 PM",30,"Singleplayer","Handheld","Lounge","Nintendo Switch","17a87e84-cecb-44fa-9d43-476c8ad9954f"
3517,226,"2025-12-11","8:00 AM",45,"Singleplayer","Controller","Lounge","PC","17a87e84-cecb-44fa-9d43-476c8ad9954f"
3518,1,"2025-12-11","8:00 PM",60,"Local Multiplayer","Controller","Lounge","PC","17a87e84-cecb-44fa-9d43-476c8ad9954f"
3519,1,"2025-12-14","5:00 PM",60,"Local Multiplayer","Controller","Lounge","PC","17a87e84-cecb-44fa-9d43-476c8ad9954f"
3521,226,"2025-12-15","4:00 PM",45,"Singleplayer","Controller","Lounge","PC","17a87e84-cecb-44fa-9d43-476c8ad9954f"
3522,226,"2025-12-18","7:00 AM",45,"Singleplayer","Controller","Lounge","PC","17a87e84-cecb-44fa-9d43-476c8ad9954f"
3523,226,"2025-12-18","12:00 PM",45,"Singleplayer","Controller","Lounge","PC","17a87e84-cecb-44fa-9d43-476c8ad9954f"
3524,226,"2025-12-18","3:00 PM",60,"Singleplayer","Controller","Lounge","PC","17a87e84-cecb-44fa-9d43-476c8ad9954f"
3525,226,"2025-12-19","2:00 PM",60,"Singleplayer","Controller","Lounge","PC","17a87e84-cecb-44fa-9d43-476c8ad9954f"
3526,226,"2025-12-20","7:00 AM",75,"Singleplayer","Controller","Lounge","PC","17a87e84-cecb-44fa-9d43-476c8ad9954f"
3527,226,"2025-12-20","3:00 PM",45,"Singleplayer","Controller","Lounge","PC","17a87e84-cecb-44fa-9d43-476c8ad9954f"
3528,226,"2025-12-21","7:00 AM",30,"Singleplayer","Controller","Lounge","PC","17a87e84-cecb-44fa-9d43-476c8ad9954f"
3529,226,"2025-12-21","2:00 PM",45,"Singleplayer","Controller","Lounge","PC","17a87e84-cecb-44fa-9d43-476c8ad9954f"
3530,227,"2025-12-27","4:00 PM",60,"Local Multiplayer","Controller","Lounge","Nintendo Switch 2","17a87e84-cecb-44fa-9d43-476c8ad9954f"
3532,227,"2025-12-29","9:00 AM",45,"Singleplayer","Handheld","Lounge","Nintendo Switch 2","17a87e84-cecb-44fa-9d43-476c8ad9954f"
3533,227,"2025-12-29","3:00 PM",60,"Singleplayer","Handheld","Lounge","Nintendo Switch 2","17a87e84-cecb-44fa-9d43-476c8ad9954f"
3534,227,"2026-01-01","9:00 PM",30,"Singleplayer","Handheld","Bed","Nintendo Switch 2","17a87e84-cecb-44fa-9d43-476c8ad9954f"
3535,227,"2026-01-03","2:00 PM",30,"Singleplayer","Handheld","Plane","Nintendo Switch 2","17a87e84-cecb-44fa-9d43-476c8ad9954f"
3536,228,"2026-01-04","9:00 AM",45,"Singleplayer","Controller","Lounge","Nintendo Switch 2","17a87e84-cecb-44fa-9d43-476c8ad9954f"
3537,228,"2026-01-04","3:00 PM",45,"Singleplayer","Controller","Lounge","Nintendo Switch 2","17a87e84-cecb-44fa-9d43-476c8ad9954f"
3538,228,"2026-01-04","8:00 PM",30,"Singleplayer","Controller","Lounge","Nintendo Switch 2","17a87e84-cecb-44fa-9d43-476c8ad9954f"
3539,228,"2026-01-05","6:00 AM",30,"Singleplayer","Controller","Lounge","Nintendo Switch 2","17a87e84-cecb-44fa-9d43-476c8ad9954f"
3540,228,"2026-01-05","12:00 PM",30,"Singleplayer","Controller","Lounge","Nintendo Switch 2","17a87e84-cecb-44fa-9d43-476c8ad9954f"
3541,228,"2026-01-05","6:00 PM",30,"Singleplayer","Controller","Lounge","Nintendo Switch 2","17a87e84-cecb-44fa-9d43-476c8ad9954f"
3542,126,"2026-01-05","7:00 PM",60,"Online Multiplayer","Controller","Lounge","PC","17a87e84-cecb-44fa-9d43-476c8ad9954f"
3544,228,"2026-01-07","10:00 AM",45,"Singleplayer","Controller","Lounge","Nintendo Switch 2","17a87e84-cecb-44fa-9d43-476c8ad9954f"
3545,228,"2026-01-07","12:00 PM",45,"Singleplayer","Controller","Lounge","Nintendo Switch 2","17a87e84-cecb-44fa-9d43-476c8ad9954f"
3546,126,"2026-01-07","7:00 PM",60,"Online Multiplayer","Controller","Lounge","PC","17a87e84-cecb-44fa-9d43-476c8ad9954f"
3547,228,"2026-01-08","6:00 PM",30,"Singleplayer","Controller","Lounge","Nintendo Switch 2","17a87e84-cecb-44fa-9d43-476c8ad9954f"
3548,228,"2026-01-09","8:00 AM",30,"Singleplayer","Controller","Lounge","Nintendo Switch 2","17a87e84-cecb-44fa-9d43-476c8ad9954f"
3549,228,"2026-01-09","10:00 AM",30,"Singleplayer","Controller","Lounge","Nintendo Switch 2","17a87e84-cecb-44fa-9d43-476c8ad9954f"
3550,228,"2026-01-09","3:00 PM",30,"Singleplayer","Controller","Lounge","Nintendo Switch 2","17a87e84-cecb-44fa-9d43-476c8ad9954f"
3551,227,"2026-01-09","5:00 PM",45,"Singleplayer","Controller","Lounge","Nintendo Switch 2","17a87e84-cecb-44fa-9d43-476c8ad9954f"
3552,228,"2026-01-09","6:00 PM",15,"Singleplayer","Controller","Lounge","Nintendo Switch 2","17a87e84-cecb-44fa-9d43-476c8ad9954f"
3553,228,"2026-01-12","10:00 AM",45,"Singleplayer","Controller","Lounge","Nintendo Switch 2","17a87e84-cecb-44fa-9d43-476c8ad9954f"
3554,228,"2026-01-12","12:00 PM",30,"Singleplayer","Controller","Lounge","Nintendo Switch 2","17a87e84-cecb-44fa-9d43-476c8ad9954f"
3555,228,"2026-01-12","4:00 PM",60,"Singleplayer","Controller","Lounge","Nintendo Switch 2","17a87e84-cecb-44fa-9d43-476c8ad9954f"
3556,228,"2026-01-13","6:00 AM",45,"Singleplayer","Controller","Lounge","Nintendo Switch 2","17a87e84-cecb-44fa-9d43-476c8ad9954f"
3557,228,"2026-01-14","7:00 AM",45,"Singleplayer","Controller","Lounge","Nintendo Switch 2","17a87e84-cecb-44fa-9d43-476c8ad9954f"
3558,228,"2026-01-14","12:00 PM",30,"Singleplayer","Controller","Lounge","Nintendo Switch 2","17a87e84-cecb-44fa-9d43-476c8ad9954f"
3559,228,"2026-01-14","3:00 PM",30,"Singleplayer","Controller","Lounge","Nintendo Switch 2","17a87e84-cecb-44fa-9d43-476c8ad9954f"
3560,228,"2026-01-14","6:00 PM",30,"Singleplayer","Controller","Lounge","Nintendo Switch 2","17a87e84-cecb-44fa-9d43-476c8ad9954f"
3561,228,"2026-01-15","6:00 AM",30,"Singleplayer","Controller","Lounge","Nintendo Switch 2","17a87e84-cecb-44fa-9d43-476c8ad9954f"
3562,228,"2026-01-15","6:00 PM",30,"Singleplayer","Controller","Lounge","Nintendo Switch 2","17a87e84-cecb-44fa-9d43-476c8ad9954f"
3563,228,"2026-01-16","7:00 AM",30,"Singleplayer","Controller","Lounge","Nintendo Switch 2","17a87e84-cecb-44fa-9d43-476c8ad9954f"
3564,228,"2026-01-16","6:00 PM",30,"Singleplayer","Controller","Lounge","Nintendo Switch 2","17a87e84-cecb-44fa-9d43-476c8ad9954f"
3565,228,"2026-01-17","8:00 AM",45,"Singleplayer","Controller","Lounge","Nintendo Switch 2","17a87e84-cecb-44fa-9d43-476c8ad9954f"
3566,228,"2026-01-17","2:00 PM",30,"Singleplayer","Controller","Lounge","Nintendo Switch 2","17a87e84-cecb-44fa-9d43-476c8ad9954f"
3567,57,"2026-01-17","6:00 PM",45,"Local Multiplayer","Controller","Lounge","Nintendo Switch 2","17a87e84-cecb-44fa-9d43-476c8ad9954f"
3570,228,"2026-01-19","5:00 PM",45,"Singleplayer","Controller","Lounge","Nintendo Switch 2","17a87e84-cecb-44fa-9d43-476c8ad9954f"
3571,228,"2026-01-20","9:00 PM",45,"Singleplayer","Controller","Lounge","Nintendo Switch 2","17a87e84-cecb-44fa-9d43-476c8ad9954f"
3572,228,"2026-01-20","7:00 AM",45,"Singleplayer","Controller","Lounge","Nintendo Switch 2","17a87e84-cecb-44fa-9d43-476c8ad9954f"
3573,228,"2026-01-21","5:00 PM",30,"Singleplayer","Controller","Lounge","Nintendo Switch 2","17a87e84-cecb-44fa-9d43-476c8ad9954f"
3574,228,"2026-01-22","7:00 AM",45,"Singleplayer","Controller","Lounge","Nintendo Switch 2","17a87e84-cecb-44fa-9d43-476c8ad9954f"
3575,228,"2026-01-23","7:00 AM",45,"Singleplayer","Controller","Lounge","Nintendo Switch 2","17a87e84-cecb-44fa-9d43-476c8ad9954f"
3576,228,"2026-01-24","4:00 PM",30,"Singleplayer","Controller","Lounge","Nintendo Switch 2","17a87e84-cecb-44fa-9d43-476c8ad9954f"
3577,57,"2026-01-24","5:00 PM",60,"Local Multiplayer","Controller","Lounge","Nintendo Switch 2","17a87e84-cecb-44fa-9d43-476c8ad9954f"
3578,228,"2026-01-25","9:00 PM",45,"Singleplayer","Controller","Lounge","Nintendo Switch 2","17a87e84-cecb-44fa-9d43-476c8ad9954f"
3579,228,"2026-01-26","1:00 PM",30,"Singleplayer","Controller","Lounge","Nintendo Switch 2","17a87e84-cecb-44fa-9d43-476c8ad9954f"
3580,228,"2026-01-28","8:00 AM",45,"Singleplayer","Controller","Lounge","Nintendo Switch 2","17a87e84-cecb-44fa-9d43-476c8ad9954f"
3581,228,"2026-01-28","11:00 AM",45,"Singleplayer","Controller","Lounge","Nintendo Switch 2","17a87e84-cecb-44fa-9d43-476c8ad9954f"
3582,228,"2026-01-28","4:00 PM",45,"Singleplayer","Controller","Lounge","Nintendo Switch 2","17a87e84-cecb-44fa-9d43-476c8ad9954f"
3583,228,"2026-01-30","7:00 AM",45,"Singleplayer","Controller","Lounge","Nintendo Switch 2","17a87e84-cecb-44fa-9d43-476c8ad9954f"
3584,228,"2026-01-30","12:00 PM",30,"Singleplayer","Controller","Lounge","Nintendo Switch 2","17a87e84-cecb-44fa-9d43-476c8ad9954f"
3585,228,"2026-01-30","1:00 PM",45,"Singleplayer","Controller","Lounge","Nintendo Switch 2","17a87e84-cecb-44fa-9d43-476c8ad9954f"
3586,228,"2026-01-31","8:00 AM",45,"Singleplayer","Controller","Lounge","Nintendo Switch 2","17a87e84-cecb-44fa-9d43-476c8ad9954f"
3587,228,"2026-02-04","7:00 AM",30,"Singleplayer","Controller","Lounge","Nintendo Switch 2","17a87e84-cecb-44fa-9d43-476c8ad9954f"
3588,228,"2026-02-04","11:00 AM",30,"Singleplayer","Controller","Lounge","Nintendo Switch 2","17a87e84-cecb-44fa-9d43-476c8ad9954f"
3589,228,"2026-02-04","3:00 PM",105,"Singleplayer","Controller","Lounge","Nintendo Switch 2","17a87e84-cecb-44fa-9d43-476c8ad9954f"
3590,228,"2026-02-05","7:00 AM",45,"Singleplayer","Controller","Lounge","Nintendo Switch 2","17a87e84-cecb-44fa-9d43-476c8ad9954f"
3591,228,"2026-02-06","7:00 AM",30,"Singleplayer","Controller","Lounge","Nintendo Switch 2","17a87e84-cecb-44fa-9d43-476c8ad9954f"
3592,228,"2026-02-06","11:00 AM",30,"Singleplayer","Controller","Lounge","Nintendo Switch 2","17a87e84-cecb-44fa-9d43-476c8ad9954f"
3593,105,"2026-02-06","8:00 PM",135,"Online Multiplayer","Keyboard & Mouse","Lounge","PC","17a87e84-cecb-44fa-9d43-476c8ad9954f"
3595,228,"2026-02-09","5:00 PM",30,"Singleplayer","Keyboard & Mouse","Lounge","Nintendo Switch 2","17a87e84-cecb-44fa-9d43-476c8ad9954f"
3596,105,"2026-02-10","9:00 PM",60,"Singleplayer","Keyboard & Mouse","Lounge","PC","17a87e84-cecb-44fa-9d43-476c8ad9954f"
3597,228,"2026-02-11","7:00 AM",30,"Singleplayer","Controller","Lounge","Nintendo Switch 2","17a87e84-cecb-44fa-9d43-476c8ad9954f"
3598,228,"2026-02-11","11:00 AM",30,"Singleplayer","Controller","Lounge","Nintendo Switch 2","17a87e84-cecb-44fa-9d43-476c8ad9954f"
3599,228,"2026-02-11","3:00 PM",105,"Singleplayer","Controller","Lounge","Nintendo Switch 2","17a87e84-cecb-44fa-9d43-476c8ad9954f"
3600,228,"2026-02-13","7:00 AM",45,"Singleplayer","Controller","Lounge","Nintendo Switch 2","17a87e84-cecb-44fa-9d43-476c8ad9954f"
3601,228,"2026-02-13","2:00 PM",30,"Singleplayer","Controller","Lounge","Nintendo Switch 2","17a87e84-cecb-44fa-9d43-476c8ad9954f"
3602,105,"2026-02-13","5:00 PM",60,"Singleplayer","Controller","Lounge","PC","17a87e84-cecb-44fa-9d43-476c8ad9954f"
3603,207,"2026-02-13","7:00 PM",60,"Online Multiplayer","Keyboard & Mouse","Lounge","PC","17a87e84-cecb-44fa-9d43-476c8ad9954f"
3604,105,"2026-02-13","8:00 PM",135,"Online Multiplayer","Keyboard & Mouse","Lounge","PC","17a87e84-cecb-44fa-9d43-476c8ad9954f"
3605,105,"2026-02-14","2:00 PM",105,"Singleplayer","Keyboard & Mouse","Lounge","PC","17a87e84-cecb-44fa-9d43-476c8ad9954f"
3606,105,"2026-02-15","7:00 AM",75,"Singleplayer","Keyboard & Mouse","Lounge","PC","17a87e84-cecb-44fa-9d43-476c8ad9954f"
3607,105,"2026-02-18","12:00 PM",60,"Singleplayer","Keyboard & Mouse","Lounge","PC","17a87e84-cecb-44fa-9d43-476c8ad9954f"
3608,105,"2026-02-20","7:00 AM",105,"Singleplayer","Keyboard & Mouse","Lounge","PC","17a87e84-cecb-44fa-9d43-476c8ad9954f"
3609,105,"2026-02-20","12:00 PM",120,"Singleplayer","Keyboard & Mouse","Lounge","PC","17a87e84-cecb-44fa-9d43-476c8ad9954f"
3610,105,"2026-02-22","7:00 AM",90,"Singleplayer","Keyboard & Mouse","Lounge","PC","17a87e84-cecb-44fa-9d43-476c8ad9954f"
3611,105,"2026-02-22","3:00 PM",120,"Singleplayer","Keyboard & Mouse","Lounge","PC","17a87e84-cecb-44fa-9d43-476c8ad9954f"
3612,105,"2026-02-25","7:00 AM",60,"Singleplayer","Keyboard & Mouse","Lounge","PC","17a87e84-cecb-44fa-9d43-476c8ad9954f"
3613,105,"2026-02-25","12:00 PM",90,"Singleplayer","Keyboard & Mouse","Lounge","PC","17a87e84-cecb-44fa-9d43-476c8ad9954f"
3614,105,"2026-02-27","7:00 AM",90,"Singleplayer","Keyboard & Mouse","Lounge","PC","17a87e84-cecb-44fa-9d43-476c8ad9954f"
3615,105,"2026-02-28","12:00 PM",120,"Singleplayer","Keyboard & Mouse","Lounge","PC","17a87e84-cecb-44fa-9d43-476c8ad9954f"
3616,229,"2026-03-06","9:00 PM",60,"Singleplayer","Controller","Lounge","Nintendo Switch 2","17a87e84-cecb-44fa-9d43-476c8ad9954f"
3617,229,"2026-03-07","7:00 AM",45,"Singleplayer","Controller","Lounge","Nintendo Switch 2","17a87e84-cecb-44fa-9d43-476c8ad9954f"
3618,229,"2026-03-11","4:00 PM",75,"Singleplayer","Controller","Lounge","Nintendo Switch 2","17a87e84-cecb-44fa-9d43-476c8ad9954f"
3619,229,"2026-03-12","8:00 PM",30,"Singleplayer","Handheld","Plane","Nintendo Switch 2","17a87e84-cecb-44fa-9d43-476c8ad9954f"
3620,229,"2026-03-13","1:00 PM",60,"Singleplayer","Handheld","Plane","Nintendo Switch 2","17a87e84-cecb-44fa-9d43-476c8ad9954f"
3621,229,"2026-03-14","9:00 AM",45,"Singleplayer","Handheld","Airbnb","Nintendo Switch 2","17a87e84-cecb-44fa-9d43-476c8ad9954f"
3622,229,"2026-03-15","9:00 AM",30,"Singleplayer","Handheld","Bed","Nintendo Switch 2","17a87e84-cecb-44fa-9d43-476c8ad9954f"
3623,229,"2026-03-16","10:00 AM",45,"Singleplayer","Handheld","Plane","Nintendo Switch 2","17a87e84-cecb-44fa-9d43-476c8ad9954f"
3624,229,"2026-03-18","7:00 AM",30,"Singleplayer","Controller","Lounge","Nintendo Switch 2","17a87e84-cecb-44fa-9d43-476c8ad9954f"
3625,229,"2026-03-18","12:00 PM",60,"Singleplayer","Controller","Lounge","Nintendo Switch 2","17a87e84-cecb-44fa-9d43-476c8ad9954f"
3626,229,"2026-03-18","4:00 PM",60,"Singleplayer","Controller","Lounge","Nintendo Switch 2","17a87e84-cecb-44fa-9d43-476c8ad9954f"
3627,229,"2026-03-20","7:00 AM",60,"Singleplayer","Controller","Lounge","Nintendo Switch 2","17a87e84-cecb-44fa-9d43-476c8ad9954f"
3628,229,"2026-03-20","12:00 PM",90,"Singleplayer","Controller","Lounge","Nintendo Switch 2","17a87e84-cecb-44fa-9d43-476c8ad9954f"
3629,229,"2026-03-20","4:00 PM",60,"Singleplayer","Controller","Lounge","Nintendo Switch 2","17a87e84-cecb-44fa-9d43-476c8ad9954f"
3630,229,"2026-03-21","8:00 AM",45,"Singleplayer","Controller","Lounge","Nintendo Switch 2","17a87e84-cecb-44fa-9d43-476c8ad9954f"
3631,229,"2026-03-21","1:00 PM",30,"Singleplayer","Controller","Lounge","Nintendo Switch 2","17a87e84-cecb-44fa-9d43-476c8ad9954f"
3632,229,"2026-03-21","4:00 PM",60,"Singleplayer","Controller","Lounge","Nintendo Switch 2","17a87e84-cecb-44fa-9d43-476c8ad9954f"
3633,229,"2026-03-22","8:00 AM",60,"Singleplayer","Controller","Lounge","Nintendo Switch 2","17a87e84-cecb-44fa-9d43-476c8ad9954f"
3634,229,"2026-03-23","5:00 PM",30,"Singleplayer","Controller","Lounge","Nintendo Switch 2","17a87e84-cecb-44fa-9d43-476c8ad9954f"
3635,229,"2026-03-24","9:00 AM",75,"Singleplayer","Controller","Lounge","Nintendo Switch 2","17a87e84-cecb-44fa-9d43-476c8ad9954f"
3636,229,"2026-03-24","8:00 PM",45,"Singleplayer","Controller","Lounge","Nintendo Switch 2","17a87e84-cecb-44fa-9d43-476c8ad9954f"
3637,229,"2026-03-25","9:00 AM",30,"Singleplayer","Handheld","Plane","Nintendo Switch 2","17a87e84-cecb-44fa-9d43-476c8ad9954f"
3638,229,"2026-03-25","11:00 AM",30,"Singleplayer","Handheld","Plane","Nintendo Switch 2","17a87e84-cecb-44fa-9d43-476c8ad9954f"
3639,229,"2026-03-25","4:00 PM",30,"Singleplayer","Handheld","Plane","Nintendo Switch 2","17a87e84-cecb-44fa-9d43-476c8ad9954f"
3640,229,"2026-03-26","8:00 AM",30,"Singleplayer","Handheld","Bed","Nintendo Switch 2","17a87e84-cecb-44fa-9d43-476c8ad9954f"
3641,229,"2026-03-26","10:00 AM",45,"Singleplayer","Handheld","Lounge","Nintendo Switch 2","17a87e84-cecb-44fa-9d43-476c8ad9954f"
3642,229,"2026-03-26","1:00 PM",30,"Singleplayer","Handheld","Lounge","Nintendo Switch 2","17a87e84-cecb-44fa-9d43-476c8ad9954f"
3643,229,"2026-03-26","8:00 PM",45,"Singleplayer","Handheld","Lounge","Nintendo Switch 2","17a87e84-cecb-44fa-9d43-476c8ad9954f"
3644,82,"2026-03-27","8:00 PM",30,"Local Multiplayer","Controller","Conor & Nat's Place","PS4","17a87e84-cecb-44fa-9d43-476c8ad9954f"
3645,230,"2026-03-28","4:00 PM",45,"Local Multiplayer","Controller","Lounge","Nintendo Switch","17a87e84-cecb-44fa-9d43-476c8ad9954f"
3646,230,"2026-03-29","3:00 PM",45,"Local Multiplayer","Controller","Lounge","Nintendo Switch","17a87e84-cecb-44fa-9d43-476c8ad9954f"
3648,229,"2026-03-31","11:00 AM",60,"Singleplayer","Controller","Lounge","Nintendo Switch 2","17a87e84-cecb-44fa-9d43-476c8ad9954f"
3649,229,"2026-03-31","3:00 PM",75,"Singleplayer","Controller","Lounge","Nintendo Switch 2","17a87e84-cecb-44fa-9d43-476c8ad9954f"
3650,229,"2026-04-01","7:00 AM",60,"Singleplayer","Controller","Lounge","Nintendo Switch 2","17a87e84-cecb-44fa-9d43-476c8ad9954f"
3651,229,"2026-04-01","11:00 AM",60,"Singleplayer","Controller","Lounge","Nintendo Switch 2","17a87e84-cecb-44fa-9d43-476c8ad9954f"
3652,229,"2026-04-01","12:00 PM",60,"Singleplayer","Controller","Lounge","Nintendo Switch 2","17a87e84-cecb-44fa-9d43-476c8ad9954f"
3653,229,"2026-04-01","4:00 PM",60,"Singleplayer","Controller","Lounge","Nintendo Switch 2","17a87e84-cecb-44fa-9d43-476c8ad9954f"
3654,229,"2026-04-01","5:00 PM",60,"Singleplayer","Controller","Lounge","Nintendo Switch 2","17a87e84-cecb-44fa-9d43-476c8ad9954f"
3655,229,"2026-04-03","7:00 AM",75,"Singleplayer","Controller","Lounge","Nintendo Switch 2","17a87e84-cecb-44fa-9d43-476c8ad9954f"
3656,229,"2026-04-03","7:00 PM",30,"Singleplayer","Controller","Lounge","Nintendo Switch 2","17a87e84-cecb-44fa-9d43-476c8ad9954f"
3657,229,"2026-04-04","7:00 AM",45,"Singleplayer","Controller","Lounge","Nintendo Switch 2","17a87e84-cecb-44fa-9d43-476c8ad9954f"
3658,229,"2026-04-06","7:00 AM",75,"Singleplayer","Controller","Lounge","Nintendo Switch 2","17a87e84-cecb-44fa-9d43-476c8ad9954f"
3659,229,"2026-04-06","7:00 PM",30,"Singleplayer","Controller","Lounge","Nintendo Switch 2","17a87e84-cecb-44fa-9d43-476c8ad9954f"
3660,229,"2026-04-07","6:00 AM",30,"Singleplayer","Controller","Lounge","Nintendo Switch 2","17a87e84-cecb-44fa-9d43-476c8ad9954f"
3661,229,"2026-04-07","8:00 PM",30,"Singleplayer","Controller","Lounge","Nintendo Switch 2","17a87e84-cecb-44fa-9d43-476c8ad9954f"
3662,229,"2026-04-08","7:00 AM",30,"Singleplayer","Controller","Lounge","Nintendo Switch 2","17a87e84-cecb-44fa-9d43-476c8ad9954f"
3663,229,"2026-04-08","4:00 PM",90,"Singleplayer","Controller","Lounge","Nintendo Switch 2","17a87e84-cecb-44fa-9d43-476c8ad9954f"
3664,229,"2026-04-09","7:00 AM",60,"Singleplayer","Controller","Lounge","Nintendo Switch 2","17a87e84-cecb-44fa-9d43-476c8ad9954f"
