session_id,game_id,platform,start_date,start_time,duration,location,game_mode,controller_style,game_title,game_platform,game_igdb_id,game_giantbomb_id,legacy_game_id
1,40,PC,2018-09-09,08:00 AM,60,Bed,Singleplayer,Controller,Dead Cells,PC,,58490,40
2,63,Switch,2018-09-09,02:00 PM,45,Computer Room,Singleplayer,Handheld,Into the Breach,Nintendo Switch,,58234,63
3,64,Xbox,2018-09-09,09:00 PM,60,Simone & Kyles,Local Multiplayer,Controller,Lego Star Wars,Xbox,,29992,64
4,63,Switch,2018-09-10,06:00 PM,60,Computer Room,Singleplayer,Handheld,Into the Breach,Nintendo Switch,,58234,63
5,63,Switch,2018-09-11,06:00 PM,45,Computer Room,Singleplayer,Handheld,Into the Breach,Nintendo Switch,,58234,63
6,63,Switch,2018-09-14,07:00 AM,30,Ohakune,Singleplayer,Handheld,Into the Breach,Nintendo Switch,,58234,63
7,63,Switch,2018-09-15,07:00 AM,30,Ohakune,Singleplayer,Handheld,Into the Breach,Nintendo Switch,,58234,63
8,63,Switch,2018-09-16,10:00 AM,45,Computer Room,Singleplayer,Handheld,Into the Breach,Nintendo Switch,,58234,63
9,63,Switch,2018-09-18,06:00 PM,45,Computer Room,Singleplayer,Handheld,Into the Breach,Nintendo Switch,,58234,63
10,65,PS4,2018-09-20,08:00 PM,15,Lounge,Singleplayer,Controller,Marvels Spiderman,PS4,,54233,65
11,63,Switch,2018-09-20,10:00 PM,30,Computer Room,Singleplayer,Handheld,Into the Breach,Nintendo Switch,,58234,63
12,63,Switch,2018-09-21,07:00 AM,30,Computer Room,Singleplayer,Handheld,Into the Breach,Nintendo Switch,,58234,63
13,63,Switch,2018-09-21,07:00 PM,15,Computer Room,Singleplayer,Handheld,Into the Breach,Nintendo Switch,,58234,63
14,57,PS4,2018-09-21,08:00 PM,90,Lounge,Local Multiplayer,Controller,Overcooked 2,PS4,,68948,57
15,61,PS4,2018-09-21,09:00 PM,60,Lounge,Local Multiplayer,Controller,Duck Game,PS4,,45746,61
16,63,Switch,2018-09-22,07:00 AM,45,Computer Room,Singleplayer,Handheld,Into the Breach,Nintendo Switch,,58234,63
17,40,PC,2018-09-22,10:00 AM,30,Computer Room,Singleplayer,Controller,Dead Cells,PC,,58490,40
18,63,Switch,2018-09-23,07:00 AM,75,Bed,Singleplayer,Handheld,Into the Breach,Nintendo Switch,,58234,63
19,63,Switch,2018-09-23,04:00 PM,30,Computer Room,Singleplayer,Handheld,Into the Breach,Nintendo Switch,,58234,63
20,63,Switch,2018-09-26,07:00 PM,45,Computer Room,Singleplayer,Handheld,Into the Breach,Nintendo Switch,,58234,63
21,63,Switch,2018-09-26,09:00 PM,30,Computer Room,Singleplayer,Handheld,Into the Breach,Nintendo Switch,,58234,63
22,63,Switch,2018-09-27,07:00 AM,30,Computer Room,Singleplayer,Handheld,Into the Breach,Nintendo Switch,,58234,63
23,63,Switch,2018-09-27,07:00 PM,30,Computer Room,Singleplayer,Handheld,Into the Breach,Nintendo Switch,,58234,63
24,63,Switch,2018-09-28,06:00 AM,15,Bed,Singleplayer,Handheld,Into the Breach,Nintendo Switch,,58234,63
25,63,Switch,2018-09-29,07:00 AM,30,Computer Room,Singleplayer,Handheld,Into the Breach,Nintendo Switch,,58234,63
26,63,Switch,2018-09-29,10:00 AM,15,Computer Room,Singleplayer,Handheld,Into the Breach,Nintendo Switch,,58234,63
27,63,Switch,2018-09-29,05:00 PM,30,Work,Singleplayer,Handheld,Into the Breach,Nintendo Switch,,58234,63
28,63,Switch,2018-10-01,07:00 PM,30,Computer Room,Singleplayer,Handheld,Into the Breach,Nintendo Switch,,58234,63
29,63,Switch,2018-10-02,08:00 PM,30,Computer Room,Singleplayer,Handheld,Into the Breach,Nintendo Switch,,58234,63
30,63,Switch,2018-10-03,07:00 AM,15,Computer Room,Singleplayer,Handheld,Into the Breach,Nintendo Switch,,58234,63
31,66,PC,2018-10-03,06:00 PM,105,Computer Room,Singleplayer,Controller,Forza Horizon 4,PC,,68909,66
32,63,Switch,2018-10-04,06:00 PM,15,Computer Room,Singleplayer,Handheld,Into the Breach,Nintendo Switch,,58234,63
33,66,PC,2018-10-05,08:00 AM,45,Computer Room,Singleplayer,Controller,Forza Horizon 4,PC,,68909,66
34,57,PS4,2018-10-05,06:00 PM,45,Lounge,Local Multiplayer,Controller,Overcooked 2,PS4,,68948,57
35,66,PC,2018-10-05,06:00 PM,60,Computer Room,Singleplayer,Controller,Forza Horizon 4,PC,,68909,66
36,63,Switch,2018-10-06,07:00 AM,15,Computer Room,Singleplayer,Handheld,Into the Breach,Nintendo Switch,,58234,63
37,66,PC,2018-10-06,09:00 AM,60,Computer Room,Singleplayer,Controller,Forza Horizon 4,PC,,68909,66
38,66,PC,2018-10-07,09:00 AM,90,Computer Room,Singleplayer,Controller,Forza Horizon 4,PC,,68909,66
39,66,PC,2018-10-07,02:00 PM,60,Computer Room,Singleplayer,Controller,Forza Horizon 4,PC,,68909,66
40,66,PC,2018-10-07,06:00 PM,15,Computer Room,Singleplayer,Controller,Forza Horizon 4,PC,,68909,66
41,66,PC,2018-10-08,09:00 PM,60,Computer Room,Singleplayer,Controller,Forza Horizon 4,PC,,68909,66
42,63,Switch,2018-10-09,07:00 AM,15,Computer Room,Singleplayer,Handheld,Into the Breach,Nintendo Switch,,58234,63
43,63,Switch,2018-10-10,06:00 PM,30,Computer Room,Singleplayer,Handheld,Into the Breach,Nintendo Switch,,58234,63
44,63,Switch,2018-10-12,07:00 AM,15,Bed,Singleplayer,Handheld,Into the Breach,Nintendo Switch,,58234,63
45,67,Switch,2018-10-12,06:00 PM,60,Lounge,Local Multiplayer,Controller,Super Mario Party,Nintendo Switch,,68947,67
46,9,Switch,2018-10-12,07:00 PM,60,Lounge,Local Multiplayer,Controller,Mario Kart 8,Nintendo Switch,,42929,9
47,68,Nintendo 64,2018-10-12,08:00 PM,45,Lounge,Local Multiplayer,Controller,Mario Kart 64,Nintendo 64,,10084,68
48,69,Nintendo 64,2018-10-12,09:00 PM,60,Lounge,Local Multiplayer,Controller,Mario Party,Nintendo 64,,6424,69
49,63,Switch,2018-10-13,08:00 AM,30,Computer Room,Singleplayer,Handheld,Into the Breach,Nintendo Switch,,58234,63
50,66,PC,2018-10-13,09:00 AM,60,Computer Room,Singleplayer,Controller,Forza Horizon 4,PC,,68909,66
51,66,PC,2018-10-13,04:00 PM,75,Simone & Kyles,Online Multiplayer,Controller,Forza Horizon 4,PC,,68909,66
52,66,PC,2018-10-14,05:00 PM,60,Computer Room,Singleplayer,Controller,Forza Horizon 4,PC,,68909,66
53,57,PS4,2018-10-14,06:00 PM,30,Computer Room,Local Multiplayer,Controller,Overcooked 2,PS4,,68948,57
54,64,Xbox,2018-10-14,07:00 PM,60,Simone & Kyles,Local Multiplayer,Controller,Lego Star Wars,Xbox,,29992,64
55,63,Switch,2018-10-15,06:00 PM,15,Computer Room,Singleplayer,Handheld,Into the Breach,Nintendo Switch,,58234,63
56,63,Switch,2018-10-16,07:00 AM,30,Computer Room,Singleplayer,Handheld,Into the Breach,Nintendo Switch,,58234,63
57,66,PC,2018-10-17,09:00 PM,60,Computer Room,Singleplayer,Controller,Forza Horizon 4,PC,,68909,66
58,66,PC,2018-10-18,07:00 AM,30,Computer Room,Singleplayer,Controller,Forza Horizon 4,PC,,68909,66
59,63,Switch,2018-10-19,07:00 AM,45,Bed,Singleplayer,Handheld,Into the Breach,Nintendo Switch,,58234,63
60,57,PS4,2018-10-19,08:00 PM,30,Computer Room,Local Multiplayer,Controller,Overcooked 2,PS4,,68948,57
61,67,Switch,2018-10-19,09:00 PM,90,Computer Room,Local Multiplayer,Controller,Super Mario Party,Nintendo Switch,,68947,67
62,63,Switch,2018-10-20,07:00 AM,30,Computer Room,Singleplayer,Handheld,Into the Breach,Nintendo Switch,,58234,63
63,66,PC,2018-10-20,09:00 AM,60,Computer Room,Singleplayer,Controller,Forza Horizon 4,PC,,68909,66
64,66,PC,2018-10-21,08:00 AM,60,Computer Room,Singleplayer,Controller,Forza Horizon 4,PC,,68909,66
65,70,PC,2018-10-21,02:00 PM,45,Computer Room,Online Multiplayer,Oculus Touch,Go Guess,Oculus Rift,,15169,70
66,71,Xbox,2018-10-22,12:00 AM,60,Simone & Kyles,Local Multiplayer,Controller,Manual Samuel,Xbox,,53373,71
67,71,Xbox,2018-10-22,11:00 AM,60,Simone & Kyles,Local Multiplayer,Controller,Manual Samuel,Xbox,,53373,71
68,66,PC,2018-10-23,06:00 PM,30,Computer Room,Singleplayer,Controller,Forza Horizon 4,PC,,68909,66
69,63,Switch,2018-10-24,07:00 AM,15,Bed,Singleplayer,Handheld,Into the Breach,Nintendo Switch,,58234,63
70,66,PC,2018-10-24,08:00 PM,90,Computer Room,Singleplayer,Controller,Forza Horizon 4,PC,,68909,66
71,63,Switch,2018-10-25,10:00 PM,15,Computer Room,Singleplayer,Handheld,Into the Breach,Nintendo Switch,,58234,63
72,66,PC,2018-10-26,06:00 PM,45,Computer Room,Singleplayer,Controller,Forza Horizon 4,PC,,68909,66
73,63,Switch,2018-10-27,07:00 AM,30,Bed,Singleplayer,Handheld,Into the Breach,Nintendo Switch,,58234,63
74,66,PC,2018-10-27,08:00 AM,90,Computer Room,Singleplayer,Controller,Forza Horizon 4,PC,,68909,66
75,44,Oculus,2018-10-27,01:00 PM,45,Computer Room,Singleplayer,Oculus Touch,Beat Saber,Oculus Rift,,65652,44
76,66,PC,2018-10-27,04:00 PM,60,Computer Room,Singleplayer,Controller,Forza Horizon 4,PC,,68909,66
77,67,Switch,2018-10-27,06:00 PM,90,Computer Room,Local Multiplayer,Controller,Super Mario Party,Nintendo Switch,,68947,67
78,63,Switch,2018-10-28,06:00 AM,30,Computer Room,Singleplayer,Handheld,Into the Breach,Nintendo Switch,,58234,63
79,66,PC,2018-10-28,04:00 PM,60,Computer Room,Singleplayer,Controller,Forza Horizon 4,PC,,68909,66
80,66,PC,2018-11-01,06:00 PM,45,Computer Room,Singleplayer,Controller,Forza Horizon 4,PC,,68909,66
81,63,Switch,2018-11-01,10:00 PM,30,Bed,Singleplayer,Handheld,Into the Breach,Nintendo Switch,,58234,63
82,63,Switch,2018-11-02,06:00 AM,30,Bed,Singleplayer,Handheld,Into the Breach,Nintendo Switch,,58234,63
83,63,Switch,2018-11-03,06:00 AM,45,Bed,Singleplayer,Handheld,Into the Breach,Nintendo Switch,,58234,63
84,66,PC,2018-11-03,08:00 AM,60,Computer Room,Singleplayer,Controller,Forza Horizon 4,PC,,68909,66
85,72,PC,2018-11-03,10:00 AM,60,Computer Room,Singleplayer,Controller,Ryse: Son of Rome,PC,,31709,72
86,66,PC,2018-11-04,08:00 AM,60,Computer Room,Singleplayer,Controller,Forza Horizon 4,PC,,68909,66
87,39,PC,2018-11-04,04:00 PM,150,Computer Room,Online Multiplayer,Controller,Sea of Thieves,PC,,49966,39
88,63,Switch,2018-11-06,06:00 AM,15,Bed,Singleplayer,Handheld,Into the Breach,Nintendo Switch,,58234,63
89,66,PC,2018-11-07,09:00 PM,15,Computer Room,Singleplayer,Controller,Forza Horizon 4,PC,,68909,66
90,66,PC,2018-11-14,07:00 AM,45,Computer Room,Singleplayer,Controller,Forza Horizon 4,PC,,68909,66
91,73,Xbox,2018-11-14,10:00 AM,75,Simone & Kyles,Singleplayer,Controller,Spyro: Reignited Trilogy,Nintendo Switch,,67871,73
92,73,Xbox,2018-11-14,02:00 PM,90,Simone & Kyles,Singleplayer,Controller,Spyro: Reignited Trilogy,Nintendo Switch,,67871,73
93,74,Xbox,2018-11-14,09:00 PM,15,Simone & Kyles,Local Multiplayer,Kinect,Dance Central: Spotlight,Xbox,,46555,74
94,72,PC,2018-11-15,09:00 PM,60,Computer Room,Singleplayer,Controller,Ryse: Son of Rome,PC,,31709,72
95,75,Switch,2018-11-17,06:00 AM,60,Bed,Singleplayer,Handheld,"Pokemon: Lets Go, Eevee!",Nintendo Switch,,68738,75
96,76,Xbox,2018-11-17,06:00 PM,120,Simone & Kyles,Local Multiplayer,Rockband Controllers,Lego Rock Band,Xbox,,25765,76
97,75,Switch,2018-11-18,07:00 AM,30,Computer Room,Singleplayer,Handheld,"Pokemon: Lets Go, Eevee!",Nintendo Switch,,68738,75
98,75,Switch,2018-11-18,11:00 AM,30,Computer Room,Singleplayer,Handheld,"Pokemon: Lets Go, Eevee!",Nintendo Switch,,68738,75
99,72,PC,2018-11-18,05:00 PM,45,Computer Room,Singleplayer,Controller,Ryse: Son of Rome,PC,,31709,72
100,75,Switch,2018-11-18,06:00 PM,45,Computer Room,Singleplayer,Handheld,"Pokemon: Lets Go, Eevee!",Nintendo Switch,,68738,75
101,75,Switch,2018-11-19,06:00 AM,30,Bed,Singleplayer,Handheld,"Pokemon: Lets Go, Eevee!",Nintendo Switch,,68738,75
102,75,Switch,2018-11-19,06:00 PM,15,Lounge,Singleplayer,Handheld,"Pokemon: Lets Go, Eevee!",Nintendo Switch,,68738,75
103,75,Switch,2018-11-19,09:00 PM,60,Computer Room,Singleplayer,Handheld,"Pokemon: Lets Go, Eevee!",Nintendo Switch,,68738,75
104,75,Switch,2018-11-20,09:00 PM,45,Computer Room,Singleplayer,Handheld,"Pokemon: Lets Go, Eevee!",Nintendo Switch,,68738,75
105,75,Switch,2018-11-21,09:00 PM,45,Computer Room,Singleplayer,Handheld,"Pokemon: Lets Go, Eevee!",Nintendo Switch,,68738,75
106,75,Switch,2018-11-22,09:00 PM,60,Computer Room,Singleplayer,Handheld,"Pokemon: Lets Go, Eevee!",Nintendo Switch,,68738,75
107,75,Switch,2018-11-23,01:00 PM,30,Beach,Singleplayer,Handheld,"Pokemon: Lets Go, Eevee!",Nintendo Switch,,68738,75
108,75,Switch,2018-11-24,06:00 AM,60,Bed,Singleplayer,Handheld,"Pokemon: Lets Go, Eevee!",Nintendo Switch,,68738,75
109,57,PS4,2018-11-24,08:00 PM,60,"Regan, Amy & Braydens",Local Multiplayer,Controller,Overcooked 2,PS4,,68948,57
110,67,Switch,2018-11-24,09:00 PM,60,"Regan, Amy & Braydens",Local Multiplayer,Controller,Super Mario Party,Nintendo Switch,,68947,67
111,73,Xbox,2018-11-25,11:00 AM,90,Simone & Kyles,Singleplayer,Controller,Spyro: Reignited Trilogy,Nintendo Switch,,67871,73
112,73,Xbox,2018-11-25,04:00 PM,60,Simone & Kyles,Singleplayer,Controller,Spyro: Reignited Trilogy,Nintendo Switch,,67871,73
113,75,Switch,2018-11-26,08:00 AM,60,Computer Room,Singleplayer,Handheld,"Pokemon: Lets Go, Eevee!",Nintendo Switch,,68738,75
114,73,Xbox,2018-11-26,01:00 PM,105,Simone & Kyles,Singleplayer,Controller,Spyro: Reignited Trilogy,Nintendo Switch,,67871,73
115,75,Switch,2018-11-26,04:00 PM,45,Computer Room,Singleplayer,Handheld,"Pokemon: Lets Go, Eevee!",Nintendo Switch,,68738,75
116,75,Switch,2018-11-27,10:00 PM,15,Bed,Singleplayer,Handheld,"Pokemon: Lets Go, Eevee!",Nintendo Switch,,68738,75
117,75,Switch,2018-11-28,10:00 PM,45,Bed,Singleplayer,Handheld,"Pokemon: Lets Go, Eevee!",Nintendo Switch,,68738,75
118,75,Switch,2018-11-28,05:00 PM,15,Computer Room,Singleplayer,Handheld,"Pokemon: Lets Go, Eevee!",Nintendo Switch,,68738,75
119,75,Switch,2018-11-28,10:00 PM,45,Bed,Singleplayer,Handheld,"Pokemon: Lets Go, Eevee!",Nintendo Switch,,68738,75
120,75,Switch,2018-11-30,06:00 AM,60,Bed,Singleplayer,Handheld,"Pokemon: Lets Go, Eevee!",Nintendo Switch,,68738,75
121,75,Switch,2018-12-01,06:00 AM,60,Bed,Singleplayer,Handheld,"Pokemon: Lets Go, Eevee!",Nintendo Switch,,68738,75
122,75,Switch,2018-12-01,10:00 AM,45,Computer Room,Singleplayer,Handheld,"Pokemon: Lets Go, Eevee!",Nintendo Switch,,68738,75
123,39,PC,2018-12-01,03:00 PM,150,Computer Room,Online Multiplayer,Controller,Sea of Thieves,PC,,49966,39
124,75,Switch,2018-12-02,07:00 AM,30,Bed,Singleplayer,Handheld,"Pokemon: Lets Go, Eevee!",Nintendo Switch,,68738,75
125,73,Xbox,2018-12-03,09:00 PM,30,Simone & Kyles,Singleplayer,Controller,Spyro: Reignited Trilogy,Nintendo Switch,,67871,73
126,75,Switch,2018-12-04,06:00 AM,45,Bed,Singleplayer,Handheld,"Pokemon: Lets Go, Eevee!",Nintendo Switch,,68738,75
127,75,Switch,2018-12-04,09:00 PM,30,Computer Room,Singleplayer,Handheld,"Pokemon: Lets Go, Eevee!",Nintendo Switch,,68738,75
128,75,Switch,2018-12-05,09:00 PM,30,Computer Room,Singleplayer,Handheld,"Pokemon: Lets Go, Eevee!",Nintendo Switch,,68738,75
129,75,Switch,2018-12-06,06:00 AM,30,Bed,Singleplayer,Handheld,"Pokemon: Lets Go, Eevee!",Nintendo Switch,,68738,75
130,75,Switch,2018-12-07,06:00 AM,30,Bed,Singleplayer,Handheld,"Pokemon: Lets Go, Eevee!",Nintendo Switch,,68738,75
131,75,Switch,2018-12-08,06:00 AM,15,Bed,Singleplayer,Handheld,"Pokemon: Lets Go, Eevee!",Nintendo Switch,,68738,75
132,66,PC,2018-12-08,01:00 PM,45,Computer Room,Singleplayer,Controller,Forza Horizon 4,PC,,68909,66
133,44,Oculus,2018-12-08,04:00 PM,30,Computer Room,Singleplayer,Oculus Touch,Beat Saber,Oculus Rift,,65652,44
134,75,Switch,2018-12-08,06:00 PM,30,Computer Room,Singleplayer,Handheld,"Pokemon: Lets Go, Eevee!",Nintendo Switch,,68738,75
135,77,Xbox,2018-12-09,04:00 AM,30,Simone & Kyles,Singleplayer,Controller,Anthem,Xbox,,46632,77
136,73,Xbox,2018-12-09,06:00 AM,60,Simone & Kyles,Singleplayer,Controller,Spyro: Reignited Trilogy,Nintendo Switch,,67871,73
137,73,Xbox,2018-12-09,09:00 AM,75,Simone & Kyles,Singleplayer,Controller,Spyro: Reignited Trilogy,Nintendo Switch,,67871,73
138,75,Switch,2018-12-09,05:00 PM,90,Computer Room,Singleplayer,Handheld,"Pokemon: Lets Go, Eevee!",Nintendo Switch,,68738,75
139,75,Switch,2018-12-10,10:00 PM,30,Bed,Singleplayer,Handheld,"Pokemon: Lets Go, Eevee!",Nintendo Switch,,68738,75
140,66,PC,2018-12-11,08:00 PM,60,Computer Room,Singleplayer,Controller,Forza Horizon 4,PC,,68909,66
141,75,Switch,2018-12-12,07:00 AM,30,Computer Room,Singleplayer,Handheld,"Pokemon: Lets Go, Eevee!",Nintendo Switch,,68738,75
142,78,PC,2018-12-13,09:00 PM,90,Simone & Kyles,Online Multiplayer,Keyboard & Mouse,Minecraft,PC,,30475,78
143,75,Switch,2018-12-15,07:00 AM,30,Computer Room,Singleplayer,Handheld,"Pokemon: Lets Go, Eevee!",Nintendo Switch,,68738,75
144,66,PC,2018-12-15,11:00 AM,45,Computer Room,Singleplayer,Controller,Forza Horizon 4,PC,,68909,66
145,75,Switch,2018-12-18,09:00 PM,45,Bed,Singleplayer,Handheld,"Pokemon: Lets Go, Eevee!",Nintendo Switch,,68738,75
146,75,Switch,2018-12-19,10:00 PM,30,Bed,Singleplayer,Handheld,"Pokemon: Lets Go, Eevee!",Nintendo Switch,,68738,75
147,78,PC,2018-12-20,07:00 PM,120,Computer Room,Online Multiplayer,Keyboard & Mouse,Minecraft,PC,,30475,78
148,78,PC,2018-12-20,09:00 PM,45,Computer Room,Online Multiplayer,Keyboard & Mouse,Minecraft,PC,,30475,78
149,73,Xbox,2018-12-22,08:00 PM,60,Simone & Kyles,Singleplayer,Controller,Spyro: Reignited Trilogy,Nintendo Switch,,67871,73
150,75,Switch,2018-12-23,07:00 AM,30,Bed,Singleplayer,Handheld,"Pokemon: Lets Go, Eevee!",Nintendo Switch,,68738,75
151,73,Xbox,2018-12-23,11:00 AM,150,Simone & Kyles,Singleplayer,Controller,Spyro: Reignited Trilogy,Nintendo Switch,,67871,73
152,57,PS4,2018-12-23,08:00 PM,60,Simone & Kyles,Local Multiplayer,Controller,Overcooked 2,PS4,,68948,57
153,73,Xbox,2018-12-24,01:00 PM,120,Simone & Kyles,Singleplayer,Controller,Spyro: Reignited Trilogy,Nintendo Switch,,67871,73
154,75,Switch,2018-12-27,01:00 PM,30,Lounge,Singleplayer,Handheld,"Pokemon: Lets Go, Eevee!",Nintendo Switch,,68738,75
155,79,Switch,2018-12-28,03:00 PM,90,Lounge,Local Multiplayer,Controller,Super Smash Bros. Ultimate,Nintendo Switch,,66900,79
156,71,Xbox,2018-12-28,08:00 PM,75,Simone & Kyles,Local Multiplayer,Controller,Manual Samuel,Xbox,,53373,71
157,62,PS4,2018-12-29,05:00 PM,30,Lounge,Local Multiplayer,Controller,Tricky Towers,PS4,,51691,62
158,80,PC,2019-01-01,08:00 PM,165,Simone & Kyles,Local Multiplayer,Keyboard & Mouse,Purrfect Date,PC,,60412,80
159,1,Switch,2019-01-06,04:00 PM,75,Plane,Singleplayer,Keyboard & Mouse,Stardew Valley,PC,,50899,1
160,1,Switch,2019-01-07,04:00 PM,45,Lounge,Singleplayer,Keyboard & Mouse,Stardew Valley,PC,,50899,1
161,1,Switch,2019-01-08,09:00 AM,30,Lounge,Singleplayer,Keyboard & Mouse,Stardew Valley,PC,,50899,1
162,1,Switch,2019-01-10,04:00 PM,105,Lounge,Singleplayer,Keyboard & Mouse,Stardew Valley,PC,,50899,1
163,1,Switch,2019-01-11,07:00 AM,30,Lounge,Singleplayer,Keyboard & Mouse,Stardew Valley,PC,,50899,1
164,1,Switch,2019-01-12,08:00 AM,60,Lounge,Singleplayer,Keyboard & Mouse,Stardew Valley,PC,,50899,1
165,1,Switch,2019-01-13,08:00 AM,90,Lounge,Singleplayer,Keyboard & Mouse,Stardew Valley,PC,,50899,1
166,1,Switch,2019-01-14,07:00 AM,45,Lounge,Singleplayer,Keyboard & Mouse,Stardew Valley,PC,,50899,1
167,1,Switch,2019-01-14,06:00 PM,30,Lounge,Singleplayer,Keyboard & Mouse,Stardew Valley,PC,,50899,1
168,1,Switch,2019-01-14,09:00 PM,30,Lounge,Singleplayer,Keyboard & Mouse,Stardew Valley,PC,,50899,1
169,1,Switch,2019-01-15,07:00 AM,30,Lounge,Singleplayer,Keyboard & Mouse,Stardew Valley,PC,,50899,1
170,1,Switch,2019-01-15,09:00 PM,30,Lounge,Singleplayer,Keyboard & Mouse,Stardew Valley,PC,,50899,1
171,1,Switch,2019-01-16,07:00 AM,30,Lounge,Singleplayer,Keyboard & Mouse,Stardew Valley,PC,,50899,1
172,1,Switch,2019-01-16,05:00 PM,45,Lounge,Singleplayer,Keyboard & Mouse,Stardew Valley,PC,,50899,1
173,1,Switch,2019-01-17,05:00 PM,45,Lounge,Singleplayer,Keyboard & Mouse,Stardew Valley,PC,,50899,1
174,1,Switch,2019-01-18,06:00 PM,30,Lounge,Singleplayer,Keyboard & Mouse,Stardew Valley,PC,,50899,1
175,1,Switch,2019-01-19,04:00 PM,30,Lounge,Singleplayer,Keyboard & Mouse,Stardew Valley,PC,,50899,1
176,1,Switch,2019-01-20,07:00 AM,30,Bed,Singleplayer,Keyboard & Mouse,Stardew Valley,PC,,50899,1
177,1,PC,2019-01-21,07:00 PM,45,Bed,Online Multiplayer,Keyboard & Mouse,Stardew Valley,PC,,50899,1
178,1,Switch,2019-01-23,05:00 PM,30,Lounge,Singleplayer,Keyboard & Mouse,Stardew Valley,PC,,50899,1
179,1,Switch,2019-01-24,06:00 PM,30,Lounge,Singleplayer,Keyboard & Mouse,Stardew Valley,PC,,50899,1
180,81,Switch,2019-01-25,05:00 AM,45,Bed,Singleplayer,Controller,Steamworld Dig 2,Nintendo Switch,,58593,81
181,81,Switch,2019-01-25,06:00 PM,45,Lounge,Singleplayer,Controller,Steamworld Dig 2,Nintendo Switch,,58593,81
182,1,Switch,2019-01-25,07:00 PM,45,Lounge,Singleplayer,Keyboard & Mouse,Stardew Valley,PC,,50899,1
183,81,Switch,2019-01-26,07:00 AM,30,Bed,Singleplayer,Controller,Steamworld Dig 2,Nintendo Switch,,58593,81
184,78,PC,2019-01-26,06:00 PM,135,Lounge,Online Multiplayer,Keyboard & Mouse,Minecraft,PC,,30475,78
185,81,Switch,2019-01-27,07:00 AM,30,Bed,Singleplayer,Controller,Steamworld Dig 2,Nintendo Switch,,58593,81
186,1,Switch,2019-01-27,01:00 PM,45,Lounge,Singleplayer,Keyboard & Mouse,Stardew Valley,PC,,50899,1
187,81,Switch,2019-01-27,03:00 PM,45,Lounge,Singleplayer,Controller,Steamworld Dig 2,Nintendo Switch,,58593,81
188,1,Switch,2019-01-28,02:00 PM,30,Lounge,Singleplayer,Keyboard & Mouse,Stardew Valley,PC,,50899,1
189,81,Switch,2019-01-28,07:00 PM,30,Lounge,Singleplayer,Controller,Steamworld Dig 2,Nintendo Switch,,58593,81
190,1,Switch,2019-01-28,09:00 PM,30,Lounge,Singleplayer,Keyboard & Mouse,Stardew Valley,PC,,50899,1
191,81,Switch,2019-01-30,06:00 PM,15,Lounge,Singleplayer,Controller,Steamworld Dig 2,Nintendo Switch,,58593,81
192,81,Switch,2019-02-01,07:00 AM,30,Lounge,Singleplayer,Controller,Steamworld Dig 2,Nintendo Switch,,58593,81
193,81,Switch,2019-02-01,06:00 PM,60,Lounge,Singleplayer,Controller,Steamworld Dig 2,Nintendo Switch,,58593,81
194,81,Switch,2019-02-01,09:00 PM,45,Lounge,Singleplayer,Controller,Steamworld Dig 2,Nintendo Switch,,58593,81
195,82,PS4,2019-02-02,01:00 PM,45,Lounge,Local Multiplayer,Controller,FIFA 19,PS4,,68608,82
196,82,PS4,2019-02-02,07:00 PM,120,Lounge,Local Multiplayer,Controller,FIFA 19,PS4,,68608,82
197,81,Switch,2019-02-03,08:00 AM,30,Bed,Singleplayer,Controller,Steamworld Dig 2,Nintendo Switch,,58593,81
198,82,PS4,2019-02-03,06:00 PM,45,Lounge,Local Multiplayer,Controller,FIFA 19,PS4,,68608,82
199,82,PS4,2019-02-04,09:00 PM,60,Lounge,Local Multiplayer,Controller,FIFA 19,PS4,,68608,82
200,81,Switch,2019-02-06,06:00 PM,30,Lounge,Singleplayer,Controller,Steamworld Dig 2,Nintendo Switch,,58593,81
201,82,PS4,2019-02-06,09:00 PM,60,Lounge,Local Multiplayer,Controller,FIFA 19,PS4,,68608,82
202,82,PS4,2019-02-07,09:00 PM,45,Lounge,Local Multiplayer,Controller,FIFA 19,PS4,,68608,82
203,82,PS4,2019-02-09,09:00 AM,60,Lounge,Local Multiplayer,Controller,FIFA 19,PS4,,68608,82
204,81,Switch,2019-02-09,06:00 PM,30,Lounge,Singleplayer,Controller,Steamworld Dig 2,Nintendo Switch,,58593,81
205,82,PS4,2019-02-09,10:00 PM,45,Lounge,Local Multiplayer,Controller,FIFA 19,PS4,,68608,82
206,75,Switch,2019-02-11,05:00 PM,30,Train / Train Station,Singleplayer,Handheld,"Pokemon: Lets Go, Eevee!",Nintendo Switch,,68738,75
207,82,PS4,2019-02-11,09:00 PM,45,Lounge,Local Multiplayer,Controller,FIFA 19,PS4,,68608,82
208,82,PS4,2019-02-13,09:00 PM,60,Lounge,Local Multiplayer,Controller,FIFA 19,PS4,,68608,82
209,83,Switch,2019-02-14,06:00 PM,45,Lounge,Online Multiplayer,Controller,Tetris 99,Nintendo Switch,,72146,83
210,82,PS4,2019-02-14,08:00 PM,60,Lounge,Local Multiplayer,Controller,FIFA 19,PS4,,68608,82
211,83,Switch,2019-02-15,05:00 PM,15,Lounge,Online Multiplayer,Controller,Tetris 99,Nintendo Switch,,72146,83
212,83,Switch,2019-02-16,10:00 AM,15,Lounge,Online Multiplayer,Controller,Tetris 99,Nintendo Switch,,72146,83
213,75,Switch,2019-02-16,05:00 PM,30,Lounge,Singleplayer,Handheld,"Pokemon: Lets Go, Eevee!",Nintendo Switch,,68738,75
214,82,PS4,2019-02-16,07:00 PM,120,Lounge,Local Multiplayer,Controller,FIFA 19,PS4,,68608,82
215,75,Switch,2019-02-17,07:00 AM,45,Bed,Singleplayer,Handheld,"Pokemon: Lets Go, Eevee!",Nintendo Switch,,68738,75
216,83,Switch,2019-02-17,07:00 PM,15,Lounge,Online Multiplayer,Controller,Tetris 99,Nintendo Switch,,72146,83
217,82,PS4,2019-02-17,09:00 PM,45,Lounge,Local Multiplayer,Controller,FIFA 19,PS4,,68608,82
218,75,Switch,2019-02-18,05:00 PM,30,Train / Train Station,Singleplayer,Handheld,"Pokemon: Lets Go, Eevee!",Nintendo Switch,,68738,75
219,82,PS4,2019-02-20,09:00 PM,15,Lounge,Local Multiplayer,Controller,FIFA 19,PS4,,68608,82
220,82,PS4,2019-02-21,09:00 PM,30,Lounge,Local Multiplayer,Controller,FIFA 19,PS4,,68608,82
221,5,Switch,2019-02-23,07:00 PM,15,Lounge,Singleplayer,Controller,Legend of Zelda: Breath of the Wild,Nintendo Switch,,41355,5
222,82,PS4,2019-02-23,09:00 PM,30,Lounge,Local Multiplayer,Controller,FIFA 19,PS4,,68608,82
223,5,Switch,2019-02-24,07:00 AM,45,Bed,Singleplayer,Controller,Legend of Zelda: Breath of the Wild,Nintendo Switch,,41355,5
224,5,Switch,2019-02-25,05:00 PM,15,Train / Train Station,Singleplayer,Controller,Legend of Zelda: Breath of the Wild,Nintendo Switch,,41355,5
225,5,Switch,2019-02-25,09:00 PM,45,Lounge,Singleplayer,Controller,Legend of Zelda: Breath of the Wild,Nintendo Switch,,41355,5
226,5,Switch,2019-02-26,07:00 AM,45,Lounge,Singleplayer,Controller,Legend of Zelda: Breath of the Wild,Nintendo Switch,,41355,5
227,82,PS4,2019-02-26,09:00 PM,45,Lounge,Local Multiplayer,Controller,FIFA 19,PS4,,68608,82
228,5,Switch,2019-02-28,07:00 AM,45,Lounge,Singleplayer,Controller,Legend of Zelda: Breath of the Wild,Nintendo Switch,,41355,5
229,82,PS4,2019-02-28,08:00 PM,60,Lounge,Local Multiplayer,Controller,FIFA 19,PS4,,68608,82
230,5,Switch,2019-03-01,07:00 AM,45,Lounge,Singleplayer,Controller,Legend of Zelda: Breath of the Wild,Nintendo Switch,,41355,5
231,5,Switch,2019-03-03,07:00 AM,60,Bed,Singleplayer,Controller,Legend of Zelda: Breath of the Wild,Nintendo Switch,,41355,5
232,82,PS4,2019-03-05,08:00 PM,45,Conors Room,Local Multiplayer,Controller,FIFA 19,PS4,,68608,82
233,5,Switch,2019-03-06,07:00 PM,15,Train / Train Station,Singleplayer,Controller,Legend of Zelda: Breath of the Wild,Nintendo Switch,,41355,5
234,5,Switch,2019-03-06,09:00 PM,30,Bed,Singleplayer,Controller,Legend of Zelda: Breath of the Wild,Nintendo Switch,,41355,5
235,5,Switch,2019-03-07,07:00 PM,15,Lounge,Singleplayer,Controller,Legend of Zelda: Breath of the Wild,Nintendo Switch,,41355,5
236,82,PS4,2019-03-07,08:00 PM,60,Conors Room,Local Multiplayer,Controller,FIFA 19,PS4,,68608,82
237,75,Switch,2019-03-10,07:00 AM,30,Bed,Singleplayer,Handheld,"Pokemon: Lets Go, Eevee!",Nintendo Switch,,68738,75
238,75,Switch,2019-03-11,07:00 AM,45,Bed,Singleplayer,Handheld,"Pokemon: Lets Go, Eevee!",Nintendo Switch,,68738,75
239,82,PS4,2019-03-11,04:00 PM,60,Conors Room,Local Multiplayer,Controller,FIFA 19,PS4,,68608,82
240,75,Switch,2019-03-11,08:00 PM,15,Lounge,Singleplayer,Handheld,"Pokemon: Lets Go, Eevee!",Nintendo Switch,,68738,75
241,75,Switch,2019-03-12,07:00 PM,30,Lounge,Singleplayer,Handheld,"Pokemon: Lets Go, Eevee!",Nintendo Switch,,68738,75
242,75,Switch,2019-03-12,09:00 PM,30,Bed,Singleplayer,Handheld,"Pokemon: Lets Go, Eevee!",Nintendo Switch,,68738,75
243,75,Switch,2019-03-13,09:00 PM,60,Lounge,Singleplayer,Handheld,"Pokemon: Lets Go, Eevee!",Nintendo Switch,,68738,75
244,75,Switch,2019-03-14,06:00 AM,15,Bed,Singleplayer,Handheld,"Pokemon: Lets Go, Eevee!",Nintendo Switch,,68738,75
245,75,Switch,2019-03-14,06:00 PM,30,Lounge,Singleplayer,Handheld,"Pokemon: Lets Go, Eevee!",Nintendo Switch,,68738,75
246,82,PS4,2019-03-14,09:00 PM,45,Conors Room,Local Multiplayer,Controller,FIFA 19,PS4,,68608,82
247,82,PS4,2019-03-23,10:00 AM,30,Conors Room,Local Multiplayer,Controller,FIFA 19,PS4,,68608,82
248,82,PS4,2019-03-23,05:00 PM,30,Conors Room,Local Multiplayer,Controller,FIFA 19,PS4,,68608,82
249,82,PS4,2019-03-24,02:00 PM,60,Conors Room,Local Multiplayer,Controller,FIFA 19,PS4,,68608,82
250,1,Switch,2019-03-24,06:00 PM,60,Bedroom,Singleplayer,Keyboard & Mouse,Stardew Valley,PC,,50899,1
251,1,Switch,2019-03-25,05:00 PM,15,Train / Train Station,Singleplayer,Keyboard & Mouse,Stardew Valley,PC,,50899,1
252,82,PS4,2019-03-26,08:00 PM,75,Conors Room,Local Multiplayer,Controller,FIFA 19,PS4,,68608,82
253,1,Switch,2019-03-27,05:00 PM,15,Train / Train Station,Singleplayer,Keyboard & Mouse,Stardew Valley,PC,,50899,1
254,1,Switch,2019-03-30,10:00 AM,15,Bedroom,Singleplayer,Keyboard & Mouse,Stardew Valley,PC,,50899,1
255,1,Switch,2019-03-30,07:00 PM,75,Bed,Singleplayer,Keyboard & Mouse,Stardew Valley,PC,,50899,1
256,82,PS4,2019-03-30,11:00 PM,45,Conors Room,Local Multiplayer,Controller,FIFA 19,PS4,,68608,82
257,1,Switch,2019-03-31,07:00 AM,30,Bed,Singleplayer,Keyboard & Mouse,Stardew Valley,PC,,50899,1
258,1,Switch,2019-03-31,07:00 PM,30,Lounge,Singleplayer,Keyboard & Mouse,Stardew Valley,PC,,50899,1
259,1,Switch,2019-04-01,08:00 AM,45,Bed,Singleplayer,Keyboard & Mouse,Stardew Valley,PC,,50899,1
260,1,Switch,2019-04-01,01:00 PM,45,Lounge,Singleplayer,Keyboard & Mouse,Stardew Valley,PC,,50899,1
261,1,Switch,2019-04-02,06:00 PM,15,Lounge,Singleplayer,Keyboard & Mouse,Stardew Valley,PC,,50899,1
262,82,PS4,2019-04-02,09:00 PM,15,Conors Room,Local Multiplayer,Controller,FIFA 19,PS4,,68608,82
263,82,PS4,2019-04-03,09:00 PM,60,Conors Room,Local Multiplayer,Controller,FIFA 19,PS4,,68608,82
264,82,PS4,2019-04-04,08:00 PM,45,Conors Room,Local Multiplayer,Controller,FIFA 19,PS4,,68608,82
265,1,Switch,2019-04-05,06:00 PM,30,Lounge,Singleplayer,Keyboard & Mouse,Stardew Valley,PC,,50899,1
266,82,PS4,2019-04-06,03:00 PM,60,Conors Room,Local Multiplayer,Controller,FIFA 19,PS4,,68608,82
267,1,Switch,2019-04-07,07:00 AM,15,Bed,Singleplayer,Keyboard & Mouse,Stardew Valley,PC,,50899,1
268,82,PS4,2019-04-07,01:00 PM,30,Conors Room,Local Multiplayer,Controller,FIFA 19,PS4,,68608,82
269,82,PS4,2019-04-07,08:00 PM,45,Conors Room,Local Multiplayer,Controller,FIFA 19,PS4,,68608,82
270,1,Switch,2019-04-08,07:00 PM,15,Lounge,Singleplayer,Keyboard & Mouse,Stardew Valley,PC,,50899,1
271,82,PS4,2019-04-08,08:00 PM,75,Conors Room,Local Multiplayer,Controller,FIFA 19,PS4,,68608,82
272,82,PS4,2019-04-10,09:00 PM,45,Conors Room,Local Multiplayer,Controller,FIFA 19,PS4,,68608,82
273,1,Switch,2019-04-11,05:00 PM,15,Bus / Bus Stop,Singleplayer,Keyboard & Mouse,Stardew Valley,PC,,50899,1
274,1,Switch,2019-04-11,09:00 PM,15,Train / Train Station,Singleplayer,Keyboard & Mouse,Stardew Valley,PC,,50899,1
275,1,Switch,2019-04-12,07:00 AM,15,Bedroom,Singleplayer,Keyboard & Mouse,Stardew Valley,PC,,50899,1
276,82,PS4,2019-04-12,07:00 PM,75,Conors Room,Local Multiplayer,Controller,FIFA 19,PS4,,68608,82
277,1,Switch,2019-04-13,07:00 PM,30,Bedroom,Singleplayer,Keyboard & Mouse,Stardew Valley,PC,,50899,1
278,1,Switch,2019-04-14,08:00 AM,30,Bedroom,Singleplayer,Keyboard & Mouse,Stardew Valley,PC,,50899,1
279,1,Switch,2019-04-14,06:00 PM,15,Bedroom,Singleplayer,Keyboard & Mouse,Stardew Valley,PC,,50899,1
280,1,Switch,2019-04-14,08:00 PM,30,Bed,Singleplayer,Keyboard & Mouse,Stardew Valley,PC,,50899,1
281,1,Switch,2019-04-15,08:00 PM,30,Bed,Singleplayer,Keyboard & Mouse,Stardew Valley,PC,,50899,1
282,1,Switch,2019-04-16,07:00 AM,15,Train / Train Station,Singleplayer,Keyboard & Mouse,Stardew Valley,PC,,50899,1
283,1,Switch,2019-04-16,06:00 PM,15,Lounge,Singleplayer,Keyboard & Mouse,Stardew Valley,PC,,50899,1
284,1,Switch,2019-04-21,07:00 AM,30,Bed,Singleplayer,Keyboard & Mouse,Stardew Valley,PC,,50899,1
285,1,Switch,2019-04-23,10:00 AM,30,Lounge,Singleplayer,Keyboard & Mouse,Stardew Valley,PC,,50899,1
286,1,Switch,2019-04-25,04:00 PM,45,Plane,Singleplayer,Keyboard & Mouse,Stardew Valley,PC,,50899,1
287,1,Switch,2019-04-27,07:00 AM,15,Bed,Singleplayer,Keyboard & Mouse,Stardew Valley,PC,,50899,1
288,1,Switch,2019-04-28,07:00 AM,30,Bed,Singleplayer,Keyboard & Mouse,Stardew Valley,PC,,50899,1
289,1,Switch,2019-05-04,07:00 AM,15,Bed,Singleplayer,Keyboard & Mouse,Stardew Valley,PC,,50899,1
290,1,Switch,2019-05-04,09:00 AM,15,Bedroom,Singleplayer,Keyboard & Mouse,Stardew Valley,PC,,50899,1
291,82,PS4,2019-05-04,10:00 AM,30,Conors Room,Local Multiplayer,Controller,FIFA 19,PS4,,68608,82
292,82,PS4,2019-05-04,08:00 PM,75,Conors Room,Local Multiplayer,Controller,FIFA 19,PS4,,68608,82
293,82,PS4,2019-05-05,09:00 AM,45,Conors Room,Local Multiplayer,Controller,FIFA 19,PS4,,68608,82
294,82,PS4,2019-05-05,06:00 PM,60,Conors Room,Local Multiplayer,Controller,FIFA 19,PS4,,68608,82
295,1,Switch,2019-05-06,08:00 PM,15,Train / Train Station,Singleplayer,Keyboard & Mouse,Stardew Valley,PC,,50899,1
296,82,PS4,2019-05-07,09:00 PM,15,Conors Room,Local Multiplayer,Controller,FIFA 19,PS4,,68608,82
297,82,PS4,2019-05-09,08:00 PM,60,Conors Room,Local Multiplayer,Controller,FIFA 19,PS4,,68608,82
298,1,PC,2019-05-11,08:00 AM,150,Bedroom,Online Multiplayer,Keyboard & Mouse,Stardew Valley,PC,,50899,1
299,82,PS4,2019-05-12,08:00 PM,30,Conors Room,Local Multiplayer,Controller,FIFA 19,PS4,,68608,82
300,82,PS4,2019-05-16,07:00 PM,45,Conors Room,Local Multiplayer,Controller,FIFA 19,PS4,,68608,82
301,82,PS4,2019-05-19,08:00 PM,45,Conors Room,Local Multiplayer,Controller,FIFA 19,PS4,,68608,82
302,82,PS4,2019-05-21,09:00 PM,45,Conors Room,Local Multiplayer,Controller,FIFA 19,PS4,,68608,82
303,82,PS4,2019-05-23,07:00 PM,90,Conors Room,Local Multiplayer,Controller,FIFA 19,PS4,,68608,82
304,82,PS4,2019-05-25,10:00 AM,45,Conors Room,Local Multiplayer,Controller,FIFA 19,PS4,,68608,82
305,82,PS4,2019-05-25,07:00 PM,60,Conors Room,Local Multiplayer,Controller,FIFA 19,PS4,,68608,82
306,82,PS4,2019-05-26,08:00 PM,45,Conors Room,Local Multiplayer,Controller,FIFA 19,PS4,,68608,82
307,82,PS4,2019-05-30,08:00 PM,45,Conors Room,Local Multiplayer,Controller,FIFA 19,PS4,,68608,82
308,82,PS4,2019-06-04,07:00 PM,45,Conors Room,Local Multiplayer,Controller,FIFA 19,PS4,,68608,82
309,82,PS4,2019-06-05,07:00 PM,30,Conors Room,Local Multiplayer,Controller,FIFA 19,PS4,,68608,82
310,82,PS4,2019-06-10,01:00 PM,45,Conors Room,Local Multiplayer,Controller,FIFA 19,PS4,,68608,82
311,82,PS4,2019-06-10,08:00 PM,45,Conors Room,Local Multiplayer,Controller,FIFA 19,PS4,,68608,82
312,82,PS4,2019-06-11,07:00 PM,60,Conors Room,Local Multiplayer,Controller,FIFA 19,PS4,,68608,82
313,82,PS4,2019-06-12,06:00 PM,30,Conors Room,Local Multiplayer,Controller,FIFA 19,PS4,,68608,82
314,82,PS4,2019-06-13,08:00 PM,60,Conors Room,Local Multiplayer,Controller,FIFA 19,PS4,,68608,82
315,82,PS4,2019-06-15,06:00 PM,60,Conors Room,Local Multiplayer,Controller,FIFA 19,PS4,,68608,82
316,82,PS4,2019-06-15,09:00 PM,45,Conors Room,Local Multiplayer,Controller,FIFA 19,PS4,,68608,82
317,84,Switch,2019-06-16,02:00 PM,60,Plane,Singleplayer,Handheld,Wargroove,Nintendo Switch,,58596,84
318,84,Switch,2019-06-17,07:00 AM,45,Bed,Singleplayer,Handheld,Wargroove,Nintendo Switch,,58596,84
319,84,Switch,2019-06-18,08:00 AM,15,Lounge,Singleplayer,Handheld,Wargroove,Nintendo Switch,,58596,84
320,84,Switch,2019-06-20,07:00 AM,30,Bed,Singleplayer,Handheld,Wargroove,Nintendo Switch,,58596,84
321,82,PS4,2019-07-08,08:00 PM,30,Conors Room,Local Multiplayer,Controller,FIFA 19,PS4,,68608,82
322,84,Switch,2019-07-08,09:00 PM,90,Bed,Singleplayer,Handheld,Wargroove,Nintendo Switch,,58596,84
323,84,Switch,2019-07-09,11:00 AM,30,Lounge,Singleplayer,Handheld,Wargroove,Nintendo Switch,,58596,84
324,84,Switch,2019-07-09,04:00 PM,45,Bedroom,Singleplayer,Handheld,Wargroove,Nintendo Switch,,58596,84
325,85,PC,2019-07-10,10:00 AM,45,Bed,Singleplayer,Keyboard & Mouse,Slay the Spire,PC,,59383,85
326,85,PC,2019-07-10,12:00 PM,45,Lounge,Singleplayer,Keyboard & Mouse,Slay the Spire,PC,,59383,85
327,84,Switch,2019-07-10,02:00 PM,30,Lounge,Singleplayer,Handheld,Wargroove,Nintendo Switch,,58596,84
328,84,Switch,2019-07-10,04:00 PM,45,Lounge,Singleplayer,Handheld,Wargroove,Nintendo Switch,,58596,84
329,85,PC,2019-07-10,06:00 PM,15,Bedroom,Singleplayer,Keyboard & Mouse,Slay the Spire,PC,,59383,85
330,84,Switch,2019-07-10,09:00 PM,45,Bed,Singleplayer,Handheld,Wargroove,Nintendo Switch,,58596,84
331,82,PS4,2019-07-10,07:00 PM,45,Conors Room,Local Multiplayer,Controller,FIFA 19,PS4,,68608,82
332,82,PS4,2019-07-11,07:00 PM,60,Conors Room,Local Multiplayer,Controller,FIFA 19,PS4,,68608,82
333,84,Switch,2019-07-11,09:00 PM,60,Bed,Singleplayer,Handheld,Wargroove,Nintendo Switch,,58596,84
334,84,Switch,2019-07-14,09:00 AM,45,Bedroom,Singleplayer,Handheld,Wargroove,Nintendo Switch,,58596,84
335,84,Switch,2019-07-14,09:00 PM,75,Bed,Singleplayer,Handheld,Wargroove,Nintendo Switch,,58596,84
336,84,Switch,2019-07-15,05:00 PM,30,Train / Train Station,Singleplayer,Handheld,Wargroove,Nintendo Switch,,58596,84
337,84,Switch,2019-07-15,09:00 PM,30,Bed,Singleplayer,Handheld,Wargroove,Nintendo Switch,,58596,84
338,84,Switch,2019-07-16,06:00 PM,30,Bedroom,Singleplayer,Handheld,Wargroove,Nintendo Switch,,58596,84
339,84,Switch,2019-07-16,09:00 PM,30,Bed,Singleplayer,Handheld,Wargroove,Nintendo Switch,,58596,84
340,63,Switch,2019-07-17,05:00 PM,15,Train / Train Station,Singleplayer,Handheld,Into the Breach,Nintendo Switch,,58234,63
341,63,Switch,2019-07-21,06:00 PM,30,Bedroom,Singleplayer,Handheld,Into the Breach,Nintendo Switch,,58234,63
342,63,Switch,2019-07-22,05:00 PM,15,Train / Train Station,Singleplayer,Handheld,Into the Breach,Nintendo Switch,,58234,63
343,63,Switch,2019-07-22,09:00 PM,30,Bedroom,Singleplayer,Handheld,Into the Breach,Nintendo Switch,,58234,63
344,82,PS4,2019-07-23,04:00 PM,45,Conors Room,Local Multiplayer,Controller,FIFA 19,PS4,,68608,82
345,63,Switch,2019-07-23,09:00 PM,15,Bedroom,Singleplayer,Handheld,Into the Breach,Nintendo Switch,,58234,63
346,63,Switch,2019-07-24,05:00 PM,15,Train / Train Station,Singleplayer,Handheld,Into the Breach,Nintendo Switch,,58234,63
347,63,Switch,2019-07-24,10:00 PM,15,Bed,Singleplayer,Handheld,Into the Breach,Nintendo Switch,,58234,63
348,63,Switch,2019-07-25,05:00 PM,15,Bedroom,Singleplayer,Handheld,Into the Breach,Nintendo Switch,,58234,63
349,82,PS4,2019-07-25,08:00 PM,60,Conors Room,Local Multiplayer,Controller,FIFA 19,PS4,,68608,82
350,63,Switch,2019-07-25,10:00 PM,15,Bedroom,Singleplayer,Handheld,Into the Breach,Nintendo Switch,,58234,63
351,86,PC,2019-07-26,06:00 PM,15,Bedroom,Singleplayer,Controller,Tetris Effect,PC,,68836,86
352,82,PS4,2019-07-26,08:00 PM,75,Conors Room,Local Multiplayer,Controller,FIFA 19,PS4,,68608,82
353,86,PC,2019-07-26,11:00 PM,30,Bedroom,Singleplayer,Controller,Tetris Effect,PC,,68836,86
354,63,Switch,2019-07-27,07:00 AM,30,Bed,Singleplayer,Handheld,Into the Breach,Nintendo Switch,,58234,63
355,86,PC,2019-07-27,09:00 AM,60,Bedroom,Singleplayer,Controller,Tetris Effect,PC,,68836,86
356,63,Switch,2019-07-27,05:00 PM,30,Train / Train Station,Singleplayer,Handheld,Into the Breach,Nintendo Switch,,58234,63
357,86,PC,2019-07-28,09:00 AM,30,Bedroom,Singleplayer,Controller,Tetris Effect,PC,,68836,86
358,86,PC,2019-07-28,04:00 PM,45,Bedroom,Singleplayer,Controller,Tetris Effect,PC,,68836,86
359,82,PS4,2019-07-28,05:00 PM,60,Conors Room,Local Multiplayer,Controller,FIFA 19,PS4,,68608,82
360,86,PC,2019-07-28,09:00 PM,45,Bedroom,Singleplayer,Controller,Tetris Effect,PC,,68836,86
361,82,PS4,2019-07-30,06:00 PM,45,Conors Room,Local Multiplayer,Controller,FIFA 19,PS4,,68608,82
362,86,PC,2019-07-30,09:00 PM,60,Bedroom,Singleplayer,Controller,Tetris Effect,PC,,68836,86
363,82,PS4,2019-08-01,09:00 PM,30,Conors Room,Local Multiplayer,Controller,FIFA 19,PS4,,68608,82
364,82,PS4,2019-08-02,08:00 PM,45,Conors Room,Local Multiplayer,Controller,FIFA 19,PS4,,68608,82
365,86,PC,2019-08-03,08:00 AM,60,Bedroom,Singleplayer,Controller,Tetris Effect,PC,,68836,86
366,82,PS4,2019-08-03,08:00 PM,45,Conors Room,Local Multiplayer,Controller,FIFA 19,PS4,,68608,82
367,86,PC,2019-08-04,09:00 AM,30,Bedroom,Singleplayer,Controller,Tetris Effect,PC,,68836,86
368,82,PS4,2019-08-04,05:00 PM,45,Conors Room,Local Multiplayer,Controller,FIFA 19,PS4,,68608,82
369,82,PS4,2019-08-06,06:00 PM,45,Conors Room,Local Multiplayer,Controller,FIFA 19,PS4,,68608,82
370,48,PC,2019-08-06,08:00 PM,60,Bedroom,Online Multiplayer,Controller,State of Decay 2,PC,,54215,48
371,82,PS4,2019-08-08,08:00 PM,60,Conors Room,Local Multiplayer,Controller,FIFA 19,PS4,,68608,82
372,86,PC,2019-08-10,04:00 PM,45,Bedroom,Singleplayer,Controller,Tetris Effect,PC,,68836,86
373,86,PC,2019-08-11,09:00 AM,15,Bedroom,Singleplayer,Controller,Tetris Effect,PC,,68836,86
374,85,PC,2019-08-11,05:00 PM,105,Bedroom,Singleplayer,Keyboard & Mouse,Slay the Spire,PC,,59383,85
375,85,PC,2019-08-13,06:00 PM,75,Bedroom,Singleplayer,Keyboard & Mouse,Slay the Spire,PC,,59383,85
376,82,PS4,2019-08-13,08:00 PM,15,Conors Room,Local Multiplayer,Controller,FIFA 19,PS4,,68608,82
377,82,PS4,2019-08-18,03:00 PM,75,Lounge,Local Multiplayer,Controller,FIFA 19,PS4,,68608,82
378,85,PC,2019-08-18,05:00 PM,45,Bedroom,Singleplayer,Keyboard & Mouse,Slay the Spire,PC,,59383,85
379,85,PC,2019-08-20,08:00 PM,120,Bedroom,Singleplayer,Keyboard & Mouse,Slay the Spire,PC,,59383,85
380,85,PC,2019-08-21,09:00 PM,30,Bedroom,Singleplayer,Keyboard & Mouse,Slay the Spire,PC,,59383,85
381,82,PS4,2019-08-22,08:00 PM,45,Lounge,Local Multiplayer,Controller,FIFA 19,PS4,,68608,82
382,85,PC,2019-08-24,08:00 AM,75,Bedroom,Singleplayer,Keyboard & Mouse,Slay the Spire,PC,,59383,85
383,82,PS4,2019-08-24,10:00 AM,45,Lounge,Local Multiplayer,Controller,FIFA 19,PS4,,68608,82
384,85,PC,2019-08-25,11:00 AM,75,Bedroom,Singleplayer,Keyboard & Mouse,Slay the Spire,PC,,59383,85
385,82,PS4,2019-08-25,03:00 PM,45,Lounge,Local Multiplayer,Controller,FIFA 19,PS4,,68608,82
386,85,PC,2019-08-26,08:00 PM,30,Bedroom,Singleplayer,Keyboard & Mouse,Slay the Spire,PC,,59383,85
387,82,PS4,2019-08-26,09:00 PM,30,Lounge,Local Multiplayer,Controller,FIFA 19,PS4,,68608,82
388,82,PS4,2019-08-27,07:00 PM,30,Lounge,Local Multiplayer,Controller,FIFA 19,PS4,,68608,82
389,85,PC,2019-08-27,08:00 PM,45,Bedroom,Singleplayer,Keyboard & Mouse,Slay the Spire,PC,,59383,85
390,82,PS4,2019-08-28,06:00 PM,30,Lounge,Local Multiplayer,Controller,FIFA 19,PS4,,68608,82
391,82,PS4,2019-08-28,08:00 PM,30,Lounge,Local Multiplayer,Controller,FIFA 19,PS4,,68608,82
392,85,PC,2019-08-29,09:00 PM,60,Bedroom,Singleplayer,Keyboard & Mouse,Slay the Spire,PC,,59383,85
393,85,PC,2019-08-30,07:00 PM,60,Bedroom,Singleplayer,Keyboard & Mouse,Slay the Spire,PC,,59383,85
394,85,PC,2019-08-31,09:00 AM,75,Bedroom,Singleplayer,Keyboard & Mouse,Slay the Spire,PC,,59383,85
395,82,PS4,2019-08-31,08:00 PM,60,Lounge,Local Multiplayer,Controller,FIFA 19,PS4,,68608,82
396,85,PC,2019-09-01,08:00 AM,30,Bedroom,Singleplayer,Keyboard & Mouse,Slay the Spire,PC,,59383,85
397,82,PS4,2019-09-01,10:00 AM,30,Lounge,Local Multiplayer,Controller,FIFA 19,PS4,,68608,82
398,85,PC,2019-09-01,04:00 PM,45,Bedroom,Singleplayer,Keyboard & Mouse,Slay the Spire,PC,,59383,85
399,82,PS4,2019-09-01,07:00 PM,15,Lounge,Local Multiplayer,Controller,FIFA 19,PS4,,68608,82
400,85,PC,2019-09-01,08:00 PM,45,Bedroom,Singleplayer,Keyboard & Mouse,Slay the Spire,PC,,59383,85
401,85,PC,2019-09-02,09:00 PM,45,Bedroom,Singleplayer,Keyboard & Mouse,Slay the Spire,PC,,59383,85
402,73,Switch,2019-09-03,07:00 PM,45,Lounge,Singleplayer,Controller,Spyro: Reignited Trilogy,Nintendo Switch,,67871,73
403,82,PS4,2019-09-03,08:00 PM,45,Lounge,Local Multiplayer,Controller,FIFA 19,PS4,,68608,82
404,85,PC,2019-09-04,09:00 PM,90,Bedroom,Singleplayer,Keyboard & Mouse,Slay the Spire,PC,,59383,85
405,73,Switch,2019-09-05,07:00 PM,45,Bedroom,Singleplayer,Controller,Spyro: Reignited Trilogy,Nintendo Switch,,67871,73
406,82,PS4,2019-09-05,09:00 PM,45,Lounge,Local Multiplayer,Controller,FIFA 19,PS4,,68608,82
407,73,Switch,2019-09-06,06:00 PM,45,Bedroom,Singleplayer,Controller,Spyro: Reignited Trilogy,Nintendo Switch,,67871,73
408,73,Switch,2019-09-07,07:00 PM,60,Bedroom,Singleplayer,Controller,Spyro: Reignited Trilogy,Nintendo Switch,,67871,73
409,85,PC,2019-09-08,03:00 PM,120,Bedroom,Singleplayer,Keyboard & Mouse,Slay the Spire,PC,,59383,85
410,73,Switch,2019-09-09,09:00 PM,30,Bedroom,Singleplayer,Controller,Spyro: Reignited Trilogy,Nintendo Switch,,67871,73
411,85,PC,2019-09-10,07:00 PM,60,Bedroom,Singleplayer,Keyboard & Mouse,Slay the Spire,PC,,59383,85
412,82,PS4,2019-09-10,08:00 PM,60,Lounge,Local Multiplayer,Controller,FIFA 19,PS4,,68608,82
413,73,Switch,2019-09-11,06:00 PM,30,Bedroom,Singleplayer,Controller,Spyro: Reignited Trilogy,Nintendo Switch,,67871,73
414,85,PC,2019-09-14,07:00 AM,45,Bedroom,Singleplayer,Keyboard & Mouse,Slay the Spire,PC,,59383,85
415,73,Switch,2019-09-14,08:00 AM,15,Bedroom,Singleplayer,Controller,Spyro: Reignited Trilogy,Nintendo Switch,,67871,73
416,82,PS4,2019-09-14,09:00 AM,60,Lounge,Local Multiplayer,Controller,FIFA 19,PS4,,68608,82
417,85,PC,2019-09-14,03:00 PM,60,Bedroom,Singleplayer,Keyboard & Mouse,Slay the Spire,PC,,59383,85
418,82,PS4,2019-09-14,04:00 PM,45,Lounge,Local Multiplayer,Controller,FIFA 19,PS4,,68608,82
419,73,Switch,2019-09-15,07:00 AM,30,Bedroom,Singleplayer,Controller,Spyro: Reignited Trilogy,Nintendo Switch,,67871,73
420,82,PS4,2019-09-15,11:00 AM,45,Lounge,Local Multiplayer,Controller,FIFA 19,PS4,,68608,82
421,85,PC,2019-09-15,05:00 PM,90,Bedroom,Singleplayer,Keyboard & Mouse,Slay the Spire,PC,,59383,85
422,85,PC,2019-09-17,06:00 PM,45,Bedroom,Singleplayer,Keyboard & Mouse,Slay the Spire,PC,,59383,85
423,82,PS4,2019-09-17,08:00 PM,60,Lounge,Local Multiplayer,Controller,FIFA 19,PS4,,68608,82
424,85,PC,2019-09-19,06:00 PM,60,Bedroom,Singleplayer,Keyboard & Mouse,Slay the Spire,PC,,59383,85
425,82,PS4,2019-09-19,09:00 PM,45,Lounge,Local Multiplayer,Controller,FIFA 19,PS4,,68608,82
426,82,PS4,2019-09-20,07:00 PM,60,Lounge,Local Multiplayer,Controller,FIFA 19,PS4,,68608,82
427,85,PC,2019-09-20,08:00 PM,90,Bedroom,Singleplayer,Keyboard & Mouse,Slay the Spire,PC,,59383,85
428,85,PC,2019-09-21,07:00 AM,75,Bedroom,Singleplayer,Keyboard & Mouse,Slay the Spire,PC,,59383,85
429,85,PC,2019-09-21,01:00 PM,45,Bedroom,Singleplayer,Keyboard & Mouse,Slay the Spire,PC,,59383,85
430,82,PS4,2019-09-21,04:00 PM,60,Lounge,Local Multiplayer,Controller,FIFA 19,PS4,,68608,82
431,85,PC,2019-09-22,07:00 AM,60,Bedroom,Singleplayer,Keyboard & Mouse,Slay the Spire,PC,,59383,85
432,82,PS4,2019-09-22,01:00 PM,75,Lounge,Local Multiplayer,Controller,FIFA 19,PS4,,68608,82
433,73,Switch,2019-09-22,02:00 PM,30,Bedroom,Singleplayer,Controller,Spyro: Reignited Trilogy,Nintendo Switch,,67871,73
434,85,PC,2019-09-22,05:00 PM,60,Bedroom,Singleplayer,Keyboard & Mouse,Slay the Spire,PC,,59383,85
435,85,PC,2019-09-22,09:00 PM,60,Bedroom,Singleplayer,Keyboard & Mouse,Slay the Spire,PC,,59383,85
436,85,PC,2019-09-24,06:00 PM,60,Bedroom,Singleplayer,Keyboard & Mouse,Slay the Spire,PC,,59383,85
437,82,PS4,2019-09-24,09:00 PM,30,Lounge,Local Multiplayer,Controller,FIFA 19,PS4,,68608,82
438,82,PS4,2019-09-25,06:00 PM,45,Lounge,Local Multiplayer,Controller,FIFA 19,PS4,,68608,82
439,85,PC,2019-09-25,08:00 PM,45,Bedroom,Singleplayer,Keyboard & Mouse,Slay the Spire,PC,,59383,85
440,82,PS4,2019-09-26,06:00 PM,30,Lounge,Local Multiplayer,Controller,FIFA 19,PS4,,68608,82
441,85,PC,2019-09-26,07:00 PM,45,Bedroom,Singleplayer,Keyboard & Mouse,Slay the Spire,PC,,59383,85
442,82,PS4,2019-09-26,08:00 PM,60,Lounge,Local Multiplayer,Controller,FIFA 19,PS4,,68608,82
443,85,PC,2019-09-27,07:00 AM,30,Bedroom,Singleplayer,Keyboard & Mouse,Slay the Spire,PC,,59383,85
444,85,PC,2019-09-27,09:00 AM,45,Bedroom,Singleplayer,Keyboard & Mouse,Slay the Spire,PC,,59383,85
445,85,PC,2019-09-28,08:00 AM,60,Bedroom,Singleplayer,Keyboard & Mouse,Slay the Spire,PC,,59383,85
446,85,PC,2019-09-29,08:00 AM,45,Bedroom,Singleplayer,Keyboard & Mouse,Slay the Spire,PC,,59383,85
447,73,Switch,2019-09-29,10:00 AM,30,Bedroom,Singleplayer,Controller,Spyro: Reignited Trilogy,Nintendo Switch,,67871,73
448,82,PS4,2019-09-29,02:00 PM,60,Lounge,Local Multiplayer,Controller,FIFA 19,PS4,,68608,82
449,85,PC,2019-09-29,05:00 PM,45,Bedroom,Singleplayer,Keyboard & Mouse,Slay the Spire,PC,,59383,85
450,85,PC,2019-09-29,07:00 PM,60,Bedroom,Singleplayer,Keyboard & Mouse,Slay the Spire,PC,,59383,85
451,85,PC,2019-09-30,06:00 PM,45,Bedroom,Singleplayer,Keyboard & Mouse,Slay the Spire,PC,,59383,85
452,82,PS4,2019-09-30,07:00 PM,45,Lounge,Local Multiplayer,Controller,FIFA 19,PS4,,68608,82
453,85,PC,2019-09-30,08:00 PM,15,Bedroom,Singleplayer,Keyboard & Mouse,Slay the Spire,PC,,59383,85
454,82,PS4,2019-09-30,09:00 PM,60,Lounge,Local Multiplayer,Controller,FIFA 19,PS4,,68608,82
455,85,PC,2019-10-01,07:00 PM,45,Bedroom,Singleplayer,Keyboard & Mouse,Slay the Spire,PC,,59383,85
456,85,PC,2019-10-01,09:00 PM,60,Bedroom,Singleplayer,Keyboard & Mouse,Slay the Spire,PC,,59383,85
457,85,PC,2019-10-02,08:00 PM,60,Bedroom,Singleplayer,Keyboard & Mouse,Slay the Spire,PC,,59383,85
458,85,PC,2019-10-03,06:00 PM,60,Bedroom,Singleplayer,Keyboard & Mouse,Slay the Spire,PC,,59383,85
459,85,PC,2019-10-03,09:00 PM,45,Bedroom,Singleplayer,Keyboard & Mouse,Slay the Spire,PC,,59383,85
460,85,PC,2019-10-05,06:00 AM,45,Bedroom,Singleplayer,Keyboard & Mouse,Slay the Spire,PC,,59383,85
461,85,PC,2019-10-06,09:00 AM,45,Bedroom,Singleplayer,Keyboard & Mouse,Slay the Spire,PC,,59383,85
462,85,PC,2019-10-06,11:00 AM,15,Bedroom,Singleplayer,Keyboard & Mouse,Slay the Spire,PC,,59383,85
463,85,PC,2019-10-06,05:00 PM,30,Bedroom,Singleplayer,Keyboard & Mouse,Slay the Spire,PC,,59383,85
464,85,PC,2019-10-06,08:00 PM,30,Bedroom,Singleplayer,Keyboard & Mouse,Slay the Spire,PC,,59383,85
465,85,PC,2019-10-08,06:00 PM,30,Bedroom,Singleplayer,Keyboard & Mouse,Slay the Spire,PC,,59383,85
466,82,PS4,2019-10-08,08:00 PM,15,Lounge,Local Multiplayer,Controller,FIFA 19,PS4,,68608,82
467,85,PC,2019-10-09,06:00 PM,30,Bedroom,Singleplayer,Keyboard & Mouse,Slay the Spire,PC,,59383,85
468,82,PS4,2019-10-09,08:00 PM,60,Lounge,Local Multiplayer,Controller,FIFA 19,PS4,,68608,82
469,85,PC,2019-10-10,06:00 PM,30,Bedroom,Singleplayer,Keyboard & Mouse,Slay the Spire,PC,,59383,85
470,82,PS4,2019-10-10,08:00 PM,45,Lounge,Local Multiplayer,Controller,FIFA 19,PS4,,68608,82
471,82,PS4,2019-10-11,06:00 PM,30,Lounge,Local Multiplayer,Controller,FIFA 19,PS4,,68608,82
472,87,PC,2019-10-11,08:00 PM,45,Bedroom,Singleplayer,Controller,Oxenfree,PC,,52278,87
473,85,PC,2019-10-14,06:00 PM,30,Bedroom,Singleplayer,Keyboard & Mouse,Slay the Spire,PC,,59383,85
474,82,PS4,2019-10-14,09:00 PM,30,Lounge,Local Multiplayer,Controller,FIFA 19,PS4,,68608,82
475,82,PS4,2019-10-15,06:00 PM,60,Lounge,Local Multiplayer,Controller,FIFA 19,PS4,,68608,82
476,87,PC,2019-10-15,09:00 PM,60,Bedroom,Singleplayer,Controller,Oxenfree,PC,,52278,87
477,82,PS4,2019-10-17,06:00 PM,15,Lounge,Local Multiplayer,Controller,FIFA 19,PS4,,68608,82
478,82,PS4,2019-10-17,08:00 PM,60,Lounge,Local Multiplayer,Controller,FIFA 19,PS4,,68608,82
479,87,PC,2019-10-17,09:00 PM,60,Bedroom,Singleplayer,Controller,Oxenfree,PC,,52278,87
480,88,PC,2019-10-19,08:00 AM,60,Bedroom,Singleplayer,Controller,Hyper Light Drifter,PC,,43940,88
481,88,PC,2019-10-20,07:00 PM,45,Bedroom,Singleplayer,Controller,Hyper Light Drifter,PC,,43940,88
482,82,PS4,2019-10-24,08:00 PM,60,Lounge,Local Multiplayer,Controller,FIFA 19,PS4,,68608,82
483,82,PS4,2019-10-25,06:00 PM,45,Lounge,Local Multiplayer,Controller,FIFA 19,PS4,,68608,82
484,89,PC,2019-10-25,08:00 PM,120,Bedroom,Singleplayer,Controller,The Outer Worlds,PC,,71299,89
485,89,PC,2019-10-26,08:00 AM,30,Bedroom,Singleplayer,Controller,The Outer Worlds,PC,,71299,89
486,89,PC,2019-10-26,11:00 AM,105,Bedroom,Singleplayer,Controller,The Outer Worlds,PC,,71299,89
487,82,PS4,2019-10-26,03:00 PM,45,Lounge,Local Multiplayer,Controller,FIFA 19,PS4,,68608,82
488,89,PC,2019-10-26,04:00 PM,45,Bedroom,Singleplayer,Controller,The Outer Worlds,PC,,71299,89
489,89,PC,2019-10-27,08:00 AM,120,Bedroom,Singleplayer,Controller,The Outer Worlds,PC,,71299,89
490,89,PC,2019-10-27,04:00 PM,105,Bedroom,Singleplayer,Controller,The Outer Worlds,PC,,71299,89
491,82,PS4,2019-10-27,08:00 PM,60,Lounge,Local Multiplayer,Controller,FIFA 19,PS4,,68608,82
492,89,PC,2019-10-28,09:00 PM,60,Bedroom,Singleplayer,Controller,The Outer Worlds,PC,,71299,89
493,89,PC,2019-10-29,09:00 PM,60,Bedroom,Singleplayer,Controller,The Outer Worlds,PC,,71299,89
494,82,PS4,2019-10-30,09:00 PM,45,Lounge,Local Multiplayer,Controller,FIFA 19,PS4,,68608,82
495,39,PC,2019-11-01,07:00 PM,90,Bedroom,Online Multiplayer,Controller,Sea of Thieves,PC,,49966,39
496,82,PS4,2019-11-01,09:00 PM,45,Lounge,Local Multiplayer,Controller,FIFA 19,PS4,,68608,82
497,89,PC,2019-11-02,07:00 AM,120,Bedroom,Singleplayer,Controller,The Outer Worlds,PC,,71299,89
498,89,PC,2019-11-02,05:00 PM,15,Bedroom,Singleplayer,Controller,The Outer Worlds,PC,,71299,89
499,89,PC,2019-11-03,11:00 AM,45,Bedroom,Singleplayer,Controller,The Outer Worlds,PC,,71299,89
500,82,PS4,2019-11-04,07:00 PM,60,Lounge,Local Multiplayer,Controller,FIFA 19,PS4,,68608,82
501,89,PC,2019-11-05,07:00 AM,90,Bedroom,Singleplayer,Controller,The Outer Worlds,PC,,71299,89
502,82,PS4,2019-11-05,11:00 AM,15,Lounge,Local Multiplayer,Controller,FIFA 19,PS4,,68608,82
503,82,PS4,2019-11-06,08:00 PM,60,Lounge,Local Multiplayer,Controller,FIFA 19,PS4,,68608,82
504,90,PC,2019-11-15,08:00 PM,105,Bedroom,Singleplayer,Controller,Star Wars Jedi: Fallen Order,PC,,66000,90
505,90,PC,2019-11-16,08:00 AM,135,Bedroom,Singleplayer,Controller,Star Wars Jedi: Fallen Order,PC,,66000,90
506,90,PC,2019-11-17,03:00 PM,105,Bedroom,Singleplayer,Controller,Star Wars Jedi: Fallen Order,PC,,66000,90
507,82,PS4,2019-11-18,09:00 PM,45,Lounge,Local Multiplayer,Controller,FIFA 19,PS4,,68608,82
508,82,PS4,2019-11-19,09:00 PM,45,Lounge,Local Multiplayer,Controller,FIFA 19,PS4,,68608,82
509,82,PS4,2019-11-20,09:00 PM,45,Lounge,Local Multiplayer,Controller,FIFA 19,PS4,,68608,82
510,82,PS4,2019-11-21,06:00 PM,45,Lounge,Local Multiplayer,Controller,FIFA 19,PS4,,68608,82
511,90,PC,2019-11-21,09:00 PM,75,Bedroom,Singleplayer,Controller,Star Wars Jedi: Fallen Order,PC,,66000,90
512,90,PC,2019-11-22,09:00 PM,120,Bedroom,Singleplayer,Controller,Star Wars Jedi: Fallen Order,PC,,66000,90
513,90,PC,2019-11-23,08:00 AM,45,Bedroom,Singleplayer,Controller,Star Wars Jedi: Fallen Order,PC,,66000,90
514,90,PC,2019-11-23,10:00 AM,30,Bedroom,Singleplayer,Controller,Star Wars Jedi: Fallen Order,PC,,66000,90
515,82,PS4,2019-11-27,09:00 PM,30,Lounge,Local Multiplayer,Controller,FIFA 19,PS4,,68608,82
516,82,PS4,2019-11-30,11:00 AM,30,Lounge,Local Multiplayer,Controller,FIFA 19,PS4,,68608,82
517,82,PS4,2019-12-01,03:00 PM,45,Lounge,Local Multiplayer,Controller,FIFA 19,PS4,,68608,82
518,90,PC,2019-12-01,08:00 PM,60,Bedroom,Singleplayer,Controller,Star Wars Jedi: Fallen Order,PC,,66000,90
519,82,PS4,2019-12-02,06:00 PM,15,Lounge,Local Multiplayer,Controller,FIFA 19,PS4,,68608,82
520,90,PC,2019-12-02,08:00 PM,45,Bedroom,Singleplayer,Controller,Star Wars Jedi: Fallen Order,PC,,66000,90
521,82,PS4,2019-12-03,06:00 PM,45,Lounge,Local Multiplayer,Controller,FIFA 19,PS4,,68608,82
522,90,PC,2019-12-03,08:00 PM,60,Bedroom,Singleplayer,Controller,Star Wars Jedi: Fallen Order,PC,,66000,90
523,82,PS4,2019-12-05,06:00 PM,45,Lounge,Local Multiplayer,Controller,FIFA 19,PS4,,68608,82
524,90,PC,2019-12-05,09:00 PM,90,Bedroom,Singleplayer,Controller,Star Wars Jedi: Fallen Order,PC,,66000,90
525,82,PS4,2019-12-12,06:00 PM,45,Lounge,Local Multiplayer,Controller,FIFA 19,PS4,,68608,82
526,82,PS4,2019-12-13,08:00 PM,45,Lounge,Local Multiplayer,Controller,FIFA 19,PS4,,68608,82
527,90,PC,2019-12-14,09:00 AM,105,Bedroom,Singleplayer,Controller,Star Wars Jedi: Fallen Order,PC,,66000,90
528,90,PC,2019-12-16,09:00 PM,60,Bedroom,Singleplayer,Controller,Star Wars Jedi: Fallen Order,PC,,66000,90
529,90,PC,2019-12-17,08:00 PM,60,Bedroom,Singleplayer,Controller,Star Wars Jedi: Fallen Order,PC,,66000,90
530,90,PC,2019-12-21,10:00 AM,60,Bedroom,Singleplayer,Controller,Star Wars Jedi: Fallen Order,PC,,66000,90
531,90,PC,2019-12-22,07:00 AM,60,Bedroom,Singleplayer,Controller,Star Wars Jedi: Fallen Order,PC,,66000,90
532,90,PC,2019-12-29,10:00 AM,15,Bedroom,Singleplayer,Controller,Star Wars Jedi: Fallen Order,PC,,66000,90
533,90,PC,2019-12-29,03:00 PM,15,Bedroom,Singleplayer,Controller,Star Wars Jedi: Fallen Order,PC,,66000,90
534,91,PC,2019-12-30,04:00 PM,90,Bedroom,Singleplayer,Controller,Sekiro: Shadows Die Twice,PC,,68907,91
535,91,PC,2019-12-31,10:00 AM,45,Bedroom,Singleplayer,Controller,Sekiro: Shadows Die Twice,PC,,68907,91
536,91,PC,2019-12-31,04:00 PM,45,Bedroom,Singleplayer,Controller,Sekiro: Shadows Die Twice,PC,,68907,91
537,91,PC,2019-12-31,07:00 PM,45,Bedroom,Singleplayer,Controller,Sekiro: Shadows Die Twice,PC,,68907,91
538,91,PC,2020-01-01,08:00 AM,45,Bedroom,Singleplayer,Controller,Sekiro: Shadows Die Twice,PC,,68907,91
539,82,PS4,2020-01-01,02:00 PM,30,Lounge,Local Multiplayer,Controller,FIFA 19,PS4,,68608,82
540,91,PC,2020-01-01,04:00 PM,45,Bedroom,Singleplayer,Controller,Sekiro: Shadows Die Twice,PC,,68907,91
541,91,PC,2020-01-02,12:00 PM,75,Bedroom,Singleplayer,Controller,Sekiro: Shadows Die Twice,PC,,68907,91
542,91,PC,2020-01-02,03:00 PM,45,Bedroom,Singleplayer,Controller,Sekiro: Shadows Die Twice,PC,,68907,91
543,91,PC,2020-01-03,07:00 AM,60,Bedroom,Singleplayer,Controller,Sekiro: Shadows Die Twice,PC,,68907,91
544,91,PC,2020-01-03,01:00 PM,90,Bedroom,Singleplayer,Controller,Sekiro: Shadows Die Twice,PC,,68907,91
545,78,PC,2020-01-03,04:00 PM,105,Bedroom,Online Multiplayer,Keyboard & Mouse,Minecraft,PC,,30475,78
546,78,PC,2020-01-04,04:00 PM,210,Bedroom,Singleplayer,Keyboard & Mouse,Minecraft,PC,,30475,78
547,78,PC,2020-01-05,07:00 AM,75,Bedroom,Singleplayer,Keyboard & Mouse,Minecraft,PC,,30475,78
548,91,PC,2020-01-05,11:00 AM,75,Bedroom,Singleplayer,Controller,Sekiro: Shadows Die Twice,PC,,68907,91
549,91,PC,2020-01-05,03:00 PM,45,Bedroom,Singleplayer,Controller,Sekiro: Shadows Die Twice,PC,,68907,91
550,78,PC,2020-01-05,05:00 PM,60,Bedroom,Singleplayer,Keyboard & Mouse,Minecraft,PC,,30475,78
551,91,PC,2020-01-06,05:00 PM,30,Bedroom,Singleplayer,Controller,Sekiro: Shadows Die Twice,PC,,68907,91
552,91,PC,2020-01-07,08:00 PM,90,Bedroom,Singleplayer,Controller,Sekiro: Shadows Die Twice,PC,,68907,91
553,78,PC,2020-01-08,10:00 PM,45,Bedroom,Singleplayer,Keyboard & Mouse,Minecraft,PC,,30475,78
554,78,PC,2020-01-09,05:00 PM,15,Bedroom,Singleplayer,Keyboard & Mouse,Minecraft,PC,,30475,78
555,91,PC,2020-01-09,08:00 PM,75,Bedroom,Singleplayer,Controller,Sekiro: Shadows Die Twice,PC,,68907,91
556,91,PC,2020-01-10,08:00 PM,75,Bedroom,Singleplayer,Controller,Sekiro: Shadows Die Twice,PC,,68907,91
557,78,PC,2020-01-10,10:00 PM,60,Bedroom,Singleplayer,Keyboard & Mouse,Minecraft,PC,,30475,78
558,91,PC,2020-01-11,10:00 AM,60,Bedroom,Singleplayer,Controller,Sekiro: Shadows Die Twice,PC,,68907,91
559,78,PC,2020-01-11,01:00 PM,60,Bedroom,Singleplayer,Keyboard & Mouse,Minecraft,PC,,30475,78
560,91,PC,2020-01-12,11:00 AM,75,Bedroom,Singleplayer,Controller,Sekiro: Shadows Die Twice,PC,,68907,91
561,91,PC,2020-01-12,02:00 PM,75,Bedroom,Singleplayer,Controller,Sekiro: Shadows Die Twice,PC,,68907,91
562,78,PC,2020-01-13,10:00 PM,45,Bedroom,Singleplayer,Keyboard & Mouse,Minecraft,PC,,30475,78
563,91,PC,2020-01-15,07:00 PM,60,Bedroom,Singleplayer,Controller,Sekiro: Shadows Die Twice,PC,,68907,91
564,91,PC,2020-01-16,08:00 PM,75,Bedroom,Singleplayer,Controller,Sekiro: Shadows Die Twice,PC,,68907,91
565,91,PC,2020-01-18,01:00 PM,60,Bedroom,Singleplayer,Controller,Sekiro: Shadows Die Twice,PC,,68907,91
566,78,PC,2020-01-18,03:00 PM,45,Bedroom,Singleplayer,Keyboard & Mouse,Minecraft,PC,,30475,78
567,91,PC,2020-01-19,11:00 AM,45,Bedroom,Singleplayer,Controller,Sekiro: Shadows Die Twice,PC,,68907,91
568,91,PC,2020-01-19,02:00 PM,75,Bedroom,Singleplayer,Controller,Sekiro: Shadows Die Twice,PC,,68907,91
569,91,PC,2020-01-20,07:00 PM,60,Bedroom,Singleplayer,Controller,Sekiro: Shadows Die Twice,PC,,68907,91
570,91,PC,2020-01-21,09:00 PM,60,Bedroom,Singleplayer,Controller,Sekiro: Shadows Die Twice,PC,,68907,91
571,91,PC,2020-01-22,07:00 PM,30,Bedroom,Singleplayer,Controller,Sekiro: Shadows Die Twice,PC,,68907,91
572,91,PC,2020-01-22,08:00 PM,45,Bedroom,Singleplayer,Controller,Sekiro: Shadows Die Twice,PC,,68907,91
573,91,PC,2020-01-23,09:00 PM,45,Bedroom,Singleplayer,Controller,Sekiro: Shadows Die Twice,PC,,68907,91
574,91,PC,2020-01-24,09:00 PM,60,Bedroom,Singleplayer,Controller,Sekiro: Shadows Die Twice,PC,,68907,91
575,91,PC,2020-01-25,02:00 PM,75,Bedroom,Singleplayer,Controller,Sekiro: Shadows Die Twice,PC,,68907,91
576,91,PC,2020-01-26,12:00 PM,30,Bedroom,Singleplayer,Controller,Sekiro: Shadows Die Twice,PC,,68907,91
577,92,PC,2020-01-27,12:00 PM,90,Bedroom,Singleplayer,Controller,Outer Wilds,PC,,49344,92
578,82,PS4,2020-01-28,08:00 PM,30,Lounge,Local Multiplayer,Controller,FIFA 19,PS4,,68608,82
579,92,PC,2020-01-28,09:00 PM,45,Bedroom,Singleplayer,Controller,Outer Wilds,PC,,49344,92
580,92,PC,2020-01-29,09:00 PM,45,Bedroom,Singleplayer,Controller,Outer Wilds,PC,,49344,92
581,82,PS4,2020-01-30,09:00 PM,30,Lounge,Local Multiplayer,Controller,FIFA 19,PS4,,68608,82
582,82,PS4,2020-02-01,01:00 PM,30,Lounge,Local Multiplayer,Controller,FIFA 19,PS4,,68608,82
583,92,PC,2020-02-01,02:00 PM,75,Bedroom,Singleplayer,Controller,Outer Wilds,PC,,49344,92
584,93,PC,2020-02-01,05:00 PM,30,Bedroom,Singleplayer,Keyboard & Mouse,Farming Simulator 19,PC,,67074,93
585,82,PS4,2020-02-02,08:00 PM,30,Lounge,Local Multiplayer,Controller,FIFA 19,PS4,,68608,82
586,92,PC,2020-02-03,08:00 PM,60,Bedroom,Singleplayer,Controller,Outer Wilds,PC,,49344,92
587,82,PS4,2020-02-03,09:00 PM,30,Lounge,Local Multiplayer,Controller,FIFA 19,PS4,,68608,82
588,82,PS4,2020-02-04,09:00 PM,30,Lounge,Local Multiplayer,Controller,FIFA 19,PS4,,68608,82
589,82,PS4,2020-02-05,09:00 PM,30,Lounge,Local Multiplayer,Controller,FIFA 19,PS4,,68608,82
590,92,PC,2020-02-06,09:00 PM,75,Bedroom,Singleplayer,Controller,Outer Wilds,PC,,49344,92
591,92,PC,2020-02-08,12:00 PM,45,Bedroom,Singleplayer,Controller,Outer Wilds,PC,,49344,92
592,92,PC,2020-02-08,09:00 PM,105,Bedroom,Singleplayer,Controller,Outer Wilds,PC,,49344,92
593,92,PC,2020-02-09,12:00 PM,45,Bedroom,Singleplayer,Controller,Outer Wilds,PC,,49344,92
594,92,PC,2020-02-09,05:00 PM,90,Bedroom,Singleplayer,Controller,Outer Wilds,PC,,49344,92
595,94,PC,2020-02-10,09:00 PM,45,Bedroom,Singleplayer,Controller,Abzu,PC,,46573,94
596,94,PC,2020-02-11,06:00 PM,15,Bedroom,Singleplayer,Controller,Abzu,PC,,46573,94
597,82,PS4,2020-02-12,06:00 PM,60,Lounge,Local Multiplayer,Controller,FIFA 19,PS4,,68608,82
598,94,PC,2020-02-15,11:00 AM,45,Bedroom,Singleplayer,Controller,Abzu,PC,,46573,94
599,95,PC,2020-02-15,03:00 PM,105,Bedroom,Singleplayer,Controller,What Remains of Edith Finch,PC,,48329,95
600,57,Switch,2020-02-15,08:00 PM,90,Lounge,Local Multiplayer,Controller,Overcooked 2,PS4,,68948,57
601,9,Switch,2020-02-15,09:00 PM,60,Lounge,Local Multiplayer,Controller,Mario Kart 8,Nintendo Switch,,42929,9
602,82,PS4,2020-02-16,09:00 PM,45,Lounge,Local Multiplayer,Controller,FIFA 19,PS4,,68608,82
603,82,PS4,2020-02-18,09:00 PM,15,Lounge,Local Multiplayer,Controller,FIFA 19,PS4,,68608,82
604,96,PC,2020-02-19,09:00 PM,45,Bedroom,Singleplayer,Keyboard & Mouse,Kentucky Route Zero,PC,,41082,96
605,82,PS4,2020-02-20,06:00 PM,45,Lounge,Local Multiplayer,Controller,FIFA 19,PS4,,68608,82
606,1,Switch,2020-02-20,09:00 PM,15,Train / Train Station,Singleplayer,Keyboard & Mouse,Stardew Valley,PC,,50899,1
607,57,Switch,2020-02-21,07:00 PM,60,Lounge,Local Multiplayer,Controller,Overcooked 2,PS4,,68948,57
608,9,Switch,2020-02-21,08:00 PM,45,Lounge,Local Multiplayer,Controller,Mario Kart 8,Nintendo Switch,,42929,9
609,97,PC,2020-02-22,07:00 AM,45,Bedroom,Singleplayer,Controller,Steep,PC,,54225,97
610,96,PC,2020-02-22,07:00 PM,90,Bedroom,Singleplayer,Keyboard & Mouse,Kentucky Route Zero,PC,,41082,96
611,98,Switch,2020-02-22,09:00 PM,90,Bedroom,Singleplayer,Handheld,Pokemon Shield,Nintendo Switch,,59938,98
612,98,Switch,2020-02-23,07:00 AM,30,Bedroom,Singleplayer,Handheld,Pokemon Shield,Nintendo Switch,,59938,98
613,98,Switch,2020-02-23,09:00 PM,30,Bed,Singleplayer,Handheld,Pokemon Shield,Nintendo Switch,,59938,98
614,82,PS4,2020-02-23,09:00 PM,30,Lounge,Local Multiplayer,Controller,FIFA 19,PS4,,68608,82
615,98,Switch,2020-02-24,07:00 AM,15,Train / Train Station,Singleplayer,Handheld,Pokemon Shield,Nintendo Switch,,59938,98
616,82,PS4,2020-02-24,09:00 PM,30,Lounge,Local Multiplayer,Controller,FIFA 19,PS4,,68608,82
617,98,Switch,2020-02-25,07:00 AM,15,Train / Train Station,Singleplayer,Handheld,Pokemon Shield,Nintendo Switch,,59938,98
618,82,PS4,2020-02-25,06:00 PM,30,Lounge,Local Multiplayer,Controller,FIFA 19,PS4,,68608,82
619,98,Switch,2020-02-25,09:00 PM,30,Train / Train Station,Singleplayer,Handheld,Pokemon Shield,Nintendo Switch,,59938,98
620,98,Switch,2020-02-26,07:00 AM,15,Train / Train Station,Singleplayer,Handheld,Pokemon Shield,Nintendo Switch,,59938,98
621,9,Switch,2020-02-26,08:00 PM,15,Lounge,Local Multiplayer,Controller,Mario Kart 8,Nintendo Switch,,42929,9
622,98,Switch,2020-02-27,07:00 AM,15,Train / Train Station,Singleplayer,Handheld,Pokemon Shield,Nintendo Switch,,59938,98
623,98,Switch,2020-02-27,04:00 PM,15,Train / Train Station,Singleplayer,Handheld,Pokemon Shield,Nintendo Switch,,59938,98
624,98,Switch,2020-02-27,09:00 PM,30,Train / Train Station,Singleplayer,Handheld,Pokemon Shield,Nintendo Switch,,59938,98
625,98,Switch,2020-02-28,06:00 AM,15,Bedroom,Singleplayer,Handheld,Pokemon Shield,Nintendo Switch,,59938,98
626,82,PS4,2020-02-29,11:00 AM,30,Lounge,Local Multiplayer,Controller,FIFA 19,PS4,,68608,82
627,98,Switch,2020-02-29,11:00 AM,15,Lounge,Singleplayer,Handheld,Pokemon Shield,Nintendo Switch,,59938,98
628,98,Switch,2020-02-29,01:00 PM,30,Bedroom,Singleplayer,Handheld,Pokemon Shield,Nintendo Switch,,59938,98
629,98,Switch,2020-03-01,07:00 AM,30,Bed,Singleplayer,Handheld,Pokemon Shield,Nintendo Switch,,59938,98
630,82,PS4,2020-03-03,09:00 PM,30,Lounge,Local Multiplayer,Controller,FIFA 19,PS4,,68608,82
631,98,Switch,2020-03-04,07:00 AM,15,Train / Train Station,Singleplayer,Handheld,Pokemon Shield,Nintendo Switch,,59938,98
632,98,Switch,2020-03-04,01:00 PM,60,Lounge,Singleplayer,Handheld,Pokemon Shield,Nintendo Switch,,59938,98
633,98,Switch,2020-03-04,05:00 PM,45,Bedroom,Singleplayer,Handheld,Pokemon Shield,Nintendo Switch,,59938,98
634,98,Switch,2020-03-05,02:00 PM,30,Lounge,Singleplayer,Handheld,Pokemon Shield,Nintendo Switch,,59938,98
635,98,Switch,2020-03-06,07:00 AM,15,Train / Train Station,Singleplayer,Handheld,Pokemon Shield,Nintendo Switch,,59938,98
636,98,Switch,2020-03-07,09:00 AM,90,Bedroom,Singleplayer,Handheld,Pokemon Shield,Nintendo Switch,,59938,98
637,98,Switch,2020-03-07,07:00 PM,45,Lounge,Singleplayer,Handheld,Pokemon Shield,Nintendo Switch,,59938,98
638,98,Switch,2020-03-08,06:00 AM,60,Bed,Singleplayer,Handheld,Pokemon Shield,Nintendo Switch,,59938,98
639,82,PS4,2020-03-08,09:00 AM,45,Lounge,Local Multiplayer,Controller,FIFA 19,PS4,,68608,82
640,82,PS4,2020-03-10,05:00 PM,45,Lounge,Local Multiplayer,Controller,FIFA 19,PS4,,68608,82
641,82,PS4,2020-03-10,08:00 PM,45,Lounge,Local Multiplayer,Controller,FIFA 19,PS4,,68608,82
642,98,Switch,2020-03-11,07:00 AM,15,Train / Train Station,Singleplayer,Handheld,Pokemon Shield,Nintendo Switch,,59938,98
643,82,PS4,2020-03-11,08:00 PM,45,Lounge,Local Multiplayer,Controller,FIFA 19,PS4,,68608,82
644,98,Switch,2020-03-11,09:00 PM,15,Bedroom,Singleplayer,Handheld,Pokemon Shield,Nintendo Switch,,59938,98
645,98,Switch,2020-03-12,07:00 AM,15,Train / Train Station,Singleplayer,Handheld,Pokemon Shield,Nintendo Switch,,59938,98
646,82,PS4,2020-03-12,06:00 PM,60,Lounge,Local Multiplayer,Controller,FIFA 19,PS4,,68608,82
647,98,Switch,2020-03-12,09:00 PM,45,Bedroom,Singleplayer,Handheld,Pokemon Shield,Nintendo Switch,,59938,98
648,98,Switch,2020-03-13,06:00 AM,15,Bedroom,Singleplayer,Handheld,Pokemon Shield,Nintendo Switch,,59938,98
649,82,PS4,2020-03-15,08:00 PM,30,Lounge,Local Multiplayer,Controller,FIFA 19,PS4,,68608,82
650,98,Switch,2020-03-16,07:00 AM,15,Train / Train Station,Singleplayer,Handheld,Pokemon Shield,Nintendo Switch,,59938,98
651,98,Switch,2020-03-17,07:00 AM,15,Train / Train Station,Singleplayer,Handheld,Pokemon Shield,Nintendo Switch,,59938,98
652,82,PS4,2020-03-17,09:00 PM,15,Lounge,Local Multiplayer,Controller,FIFA 19,PS4,,68608,82
653,98,Switch,2020-03-18,06:00 PM,15,Lounge,Singleplayer,Handheld,Pokemon Shield,Nintendo Switch,,59938,98
654,82,PS4,2020-03-18,09:00 PM,30,Lounge,Local Multiplayer,Controller,FIFA 19,PS4,,68608,82
655,98,Switch,2020-03-19,07:00 AM,15,Train / Train Station,Singleplayer,Handheld,Pokemon Shield,Nintendo Switch,,59938,98
656,98,Switch,2020-03-19,09:00 PM,30,Train / Train Station,Singleplayer,Handheld,Pokemon Shield,Nintendo Switch,,59938,98
657,98,Switch,2020-03-20,07:00 AM,15,Bedroom,Singleplayer,Handheld,Pokemon Shield,Nintendo Switch,,59938,98
658,98,Switch,2020-03-21,07:00 AM,45,Bed,Singleplayer,Handheld,Pokemon Shield,Nintendo Switch,,59938,98
659,98,Switch,2020-03-21,01:00 PM,30,Lounge,Singleplayer,Handheld,Pokemon Shield,Nintendo Switch,,59938,98
660,82,PS4,2020-03-21,05:00 PM,15,Lounge,Local Multiplayer,Controller,FIFA 19,PS4,,68608,82
661,82,PS4,2020-03-22,07:00 PM,45,Lounge,Local Multiplayer,Controller,FIFA 19,PS4,,68608,82
662,98,Switch,2020-03-23,05:00 PM,45,Lounge,Singleplayer,Handheld,Pokemon Shield,Nintendo Switch,,59938,98
663,98,Switch,2020-03-24,04:00 PM,30,Lounge,Singleplayer,Handheld,Pokemon Shield,Nintendo Switch,,59938,98
664,98,Switch,2020-03-25,12:00 PM,15,Lounge,Singleplayer,Handheld,Pokemon Shield,Nintendo Switch,,59938,98
665,98,Switch,2020-03-25,07:00 PM,60,Bed,Singleplayer,Handheld,Pokemon Shield,Nintendo Switch,,59938,98
666,82,PS4,2020-03-25,09:00 PM,45,Lounge,Local Multiplayer,Controller,FIFA 19,PS4,,68608,82
667,82,PS4,2020-03-26,04:00 PM,45,Lounge,Local Multiplayer,Controller,FIFA 19,PS4,,68608,82
668,98,Switch,2020-03-26,07:00 PM,75,Bedroom,Singleplayer,Handheld,Pokemon Shield,Nintendo Switch,,59938,98
669,82,PS4,2020-03-26,08:00 PM,30,Lounge,Local Multiplayer,Controller,FIFA 19,PS4,,68608,82
670,99,Switch,2020-03-26,09:00 PM,30,Bedroom,Singleplayer,Handheld,Animal Crossing: New Horizons,Nintendo Switch,,70241,99
671,99,Switch,2020-03-27,06:00 AM,30,Bed,Singleplayer,Handheld,Animal Crossing: New Horizons,Nintendo Switch,,70241,99
672,82,PS4,2020-03-27,06:00 PM,45,Lounge,Local Multiplayer,Controller,FIFA 19,PS4,,68608,82
673,99,Switch,2020-03-27,07:00 PM,15,Lounge,Singleplayer,Handheld,Animal Crossing: New Horizons,Nintendo Switch,,70241,99
674,98,Switch,2020-03-27,08:00 PM,60,Lounge,Singleplayer,Handheld,Pokemon Shield,Nintendo Switch,,59938,98
675,98,Switch,2020-03-27,09:00 PM,15,Bed,Singleplayer,Handheld,Pokemon Shield,Nintendo Switch,,59938,98
676,99,Switch,2020-03-28,07:00 AM,15,Bed,Singleplayer,Handheld,Animal Crossing: New Horizons,Nintendo Switch,,70241,99
677,99,Switch,2020-03-28,11:00 AM,15,Bedroom,Singleplayer,Handheld,Animal Crossing: New Horizons,Nintendo Switch,,70241,99
678,100,PC,2020-03-28,04:00 PM,90,Bedroom,Online Multiplayer,Keyboard & Mouse,Call of Duty: Warzone,PC,,77550,100
679,99,Switch,2020-03-29,07:00 AM,30,Bed,Singleplayer,Handheld,Animal Crossing: New Horizons,Nintendo Switch,,70241,99
680,101,PC,2020-03-29,03:00 PM,30,Bedroom,Singleplayer,Keyboard & Mouse,Two Point Hospital,PC,,65427,101
681,82,PS4,2020-03-29,05:00 PM,30,Lounge,Local Multiplayer,Controller,FIFA 19,PS4,,68608,82
682,100,PC,2020-03-29,06:00 PM,45,Bedroom,Online Multiplayer,Keyboard & Mouse,Call of Duty: Warzone,PC,,77550,100
683,99,Switch,2020-03-30,11:00 AM,15,Bedroom,Singleplayer,Handheld,Animal Crossing: New Horizons,Nintendo Switch,,70241,99
684,99,Switch,2020-03-30,04:00 PM,30,Lounge,Singleplayer,Handheld,Animal Crossing: New Horizons,Nintendo Switch,,70241,99
685,82,PS4,2020-03-30,04:00 PM,45,Lounge,Local Multiplayer,Controller,FIFA 19,PS4,,68608,82
686,82,PS4,2020-03-30,09:00 PM,15,Lounge,Local Multiplayer,Controller,FIFA 19,PS4,,68608,82
687,99,Switch,2020-03-31,11:00 AM,15,Bedroom,Singleplayer,Handheld,Animal Crossing: New Horizons,Nintendo Switch,,70241,99
688,82,PS4,2020-03-31,04:00 PM,45,Lounge,Local Multiplayer,Controller,FIFA 19,PS4,,68608,82
689,101,PC,2020-03-31,09:00 PM,60,Bedroom,Singleplayer,Keyboard & Mouse,Two Point Hospital,PC,,65427,101
690,99,Switch,2020-04-01,06:00 AM,30,Bed,Singleplayer,Handheld,Animal Crossing: New Horizons,Nintendo Switch,,70241,99
691,82,PS4,2020-04-01,04:00 PM,45,Lounge,Local Multiplayer,Controller,FIFA 19,PS4,,68608,82
692,99,Switch,2020-04-01,09:00 PM,30,Lounge,Singleplayer,Handheld,Animal Crossing: New Horizons,Nintendo Switch,,70241,99
693,9,Switch,2020-04-02,04:00 PM,30,Lounge,Local Multiplayer,Controller,Mario Kart 8,Nintendo Switch,,42929,9
694,99,Switch,2020-04-02,06:00 PM,15,Bedroom,Singleplayer,Handheld,Animal Crossing: New Horizons,Nintendo Switch,,70241,99
695,82,PS4,2020-04-02,09:00 PM,30,Lounge,Local Multiplayer,Controller,FIFA 19,PS4,,68608,82
696,99,Switch,2020-04-03,07:00 AM,15,Bedroom,Singleplayer,Handheld,Animal Crossing: New Horizons,Nintendo Switch,,70241,99
697,82,PS4,2020-04-03,04:00 PM,45,Lounge,Local Multiplayer,Controller,FIFA 19,PS4,,68608,82
698,99,Switch,2020-04-04,07:00 AM,30,Bed,Singleplayer,Handheld,Animal Crossing: New Horizons,Nintendo Switch,,70241,99
699,82,PS4,2020-04-04,02:00 PM,15,Lounge,Local Multiplayer,Controller,FIFA 19,PS4,,68608,82
700,100,PC,2020-04-04,03:00 PM,60,Bedroom,Online Multiplayer,Keyboard & Mouse,Call of Duty: Warzone,PC,,77550,100
701,101,PC,2020-04-04,11:00 AM,60,Bedroom,Singleplayer,Keyboard & Mouse,Two Point Hospital,PC,,65427,101
702,99,Switch,2020-04-05,11:00 AM,45,Lounge,Singleplayer,Handheld,Animal Crossing: New Horizons,Nintendo Switch,,70241,99
703,100,PC,2020-04-05,03:00 PM,105,Bedroom,Online Multiplayer,Keyboard & Mouse,Call of Duty: Warzone,PC,,77550,100
704,99,Switch,2020-04-06,12:00 PM,15,Lounge,Singleplayer,Handheld,Animal Crossing: New Horizons,Nintendo Switch,,70241,99
705,82,PS4,2020-04-06,04:00 PM,15,Lounge,Local Multiplayer,Controller,FIFA 19,PS4,,68608,82
706,82,PS4,2020-04-06,09:00 PM,30,Lounge,Local Multiplayer,Controller,FIFA 19,PS4,,68608,82
707,99,Switch,2020-04-07,07:00 AM,15,Bedroom,Singleplayer,Handheld,Animal Crossing: New Horizons,Nintendo Switch,,70241,99
708,99,Switch,2020-04-07,12:00 PM,15,Lounge,Singleplayer,Handheld,Animal Crossing: New Horizons,Nintendo Switch,,70241,99
709,82,PS4,2020-04-07,04:00 PM,45,Lounge,Local Multiplayer,Controller,FIFA 19,PS4,,68608,82
710,99,Switch,2020-04-08,07:00 AM,15,Bedroom,Singleplayer,Handheld,Animal Crossing: New Horizons,Nintendo Switch,,70241,99
711,82,PS4,2020-04-08,04:00 PM,30,Lounge,Local Multiplayer,Controller,FIFA 19,PS4,,68608,82
712,99,Switch,2020-04-09,07:00 AM,15,Bedroom,Singleplayer,Handheld,Animal Crossing: New Horizons,Nintendo Switch,,70241,99
713,82,PS4,2020-04-09,04:00 PM,30,Lounge,Local Multiplayer,Controller,FIFA 19,PS4,,68608,82
714,99,Switch,2020-04-09,03:00 PM,15,Lounge,Singleplayer,Handheld,Animal Crossing: New Horizons,Nintendo Switch,,70241,99
715,82,PS4,2020-04-09,06:00 PM,15,Lounge,Local Multiplayer,Controller,FIFA 19,PS4,,68608,82
716,102,PC,2020-04-09,07:00 PM,75,Bedroom,Singleplayer,Controller,Ori: The Will of the Wisps,PC,,59902,102
717,99,Switch,2020-04-10,07:00 AM,30,Bed,Singleplayer,Handheld,Animal Crossing: New Horizons,Nintendo Switch,,70241,99
718,100,PC,2020-04-10,09:00 AM,60,Bedroom,Online Multiplayer,Keyboard & Mouse,Call of Duty: Warzone,PC,,77550,100
719,99,Switch,2020-04-11,07:00 AM,15,Bedroom,Singleplayer,Handheld,Animal Crossing: New Horizons,Nintendo Switch,,70241,99
720,99,Switch,2020-04-11,01:00 PM,30,Bed,Singleplayer,Handheld,Animal Crossing: New Horizons,Nintendo Switch,,70241,99
721,9,Switch,2020-04-11,05:00 PM,60,Lounge,Local Multiplayer,Controller,Mario Kart 8,Nintendo Switch,,42929,9
722,102,PC,2020-04-11,07:00 PM,90,Bedroom,Singleplayer,Controller,Ori: The Will of the Wisps,PC,,59902,102
723,82,PS4,2020-04-11,10:00 PM,15,Lounge,Local Multiplayer,Controller,FIFA 19,PS4,,68608,82
724,99,Switch,2020-04-12,07:00 AM,60,Bed,Singleplayer,Handheld,Animal Crossing: New Horizons,Nintendo Switch,,70241,99
725,102,PC,2020-04-12,11:00 AM,60,Bedroom,Singleplayer,Controller,Ori: The Will of the Wisps,PC,,59902,102
726,82,PS4,2020-04-12,05:00 PM,30,Lounge,Local Multiplayer,Controller,FIFA 19,PS4,,68608,82
727,102,PC,2020-04-12,06:00 PM,45,Bedroom,Singleplayer,Controller,Ori: The Will of the Wisps,PC,,59902,102
728,99,Switch,2020-04-13,07:00 AM,15,Bed,Singleplayer,Handheld,Animal Crossing: New Horizons,Nintendo Switch,,70241,99
729,102,PC,2020-04-13,08:00 AM,60,Bedroom,Singleplayer,Controller,Ori: The Will of the Wisps,PC,,59902,102
730,39,PC,2020-04-13,11:00 AM,90,Bedroom,Online Multiplayer,Controller,Sea of Thieves,PC,,49966,39
731,9,Switch,2020-04-13,03:00 PM,90,Lounge,Local Multiplayer,Controller,Mario Kart 8,Nintendo Switch,,42929,9
732,99,Switch,2020-04-14,01:00 PM,15,Lounge,Singleplayer,Handheld,Animal Crossing: New Horizons,Nintendo Switch,,70241,99
733,82,PS4,2020-04-14,04:00 PM,45,Lounge,Local Multiplayer,Controller,FIFA 19,PS4,,68608,82
734,102,PC,2020-04-14,06:00 PM,30,Bedroom,Singleplayer,Controller,Ori: The Will of the Wisps,PC,,59902,102
735,82,PS4,2020-04-14,09:00 PM,30,Lounge,Local Multiplayer,Controller,FIFA 19,PS4,,68608,82
736,99,Switch,2020-04-15,07:00 AM,30,Bedroom,Singleplayer,Handheld,Animal Crossing: New Horizons,Nintendo Switch,,70241,99
737,99,Switch,2020-04-15,01:00 PM,15,Lounge,Singleplayer,Handheld,Animal Crossing: New Horizons,Nintendo Switch,,70241,99
738,82,PS4,2020-04-15,04:00 PM,30,Lounge,Local Multiplayer,Controller,FIFA 19,PS4,,68608,82
739,39,PC,2020-04-15,08:00 PM,90,Bedroom,Online Multiplayer,Controller,Sea of Thieves,PC,,49966,39
740,99,Switch,2020-04-16,07:00 AM,30,Bedroom,Singleplayer,Handheld,Animal Crossing: New Horizons,Nintendo Switch,,70241,99
741,99,Switch,2020-04-16,12:00 PM,15,Lounge,Singleplayer,Handheld,Animal Crossing: New Horizons,Nintendo Switch,,70241,99
742,102,PC,2020-04-16,08:00 PM,30,Bedroom,Singleplayer,Controller,Ori: The Will of the Wisps,PC,,59902,102
743,82,PS4,2020-04-16,09:00 PM,30,Lounge,Local Multiplayer,Controller,FIFA 19,PS4,,68608,82
744,99,Switch,2020-04-17,07:00 AM,15,Bedroom,Singleplayer,Handheld,Animal Crossing: New Horizons,Nintendo Switch,,70241,99
745,82,PS4,2020-04-17,04:00 PM,60,Lounge,Local Multiplayer,Controller,FIFA 19,PS4,,68608,82
746,102,PC,2020-04-17,06:00 PM,30,Bedroom,Singleplayer,Controller,Ori: The Will of the Wisps,PC,,59902,102
747,99,Switch,2020-04-17,07:00 PM,60,Lounge,Singleplayer,Handheld,Animal Crossing: New Horizons,Nintendo Switch,,70241,99
748,9,Switch,2020-04-18,09:00 PM,90,Lounge,Local Multiplayer,Controller,Mario Kart 8,Nintendo Switch,,42929,9
749,99,Switch,2020-04-18,07:00 AM,30,Bedroom,Singleplayer,Handheld,Animal Crossing: New Horizons,Nintendo Switch,,70241,99
750,99,Switch,2020-04-18,11:00 AM,30,Bedroom,Singleplayer,Handheld,Animal Crossing: New Horizons,Nintendo Switch,,70241,99
751,82,PS4,2020-04-18,12:00 PM,45,Lounge,Local Multiplayer,Controller,FIFA 19,PS4,,68608,82
752,102,PC,2020-04-18,01:00 PM,60,Bedroom,Singleplayer,Controller,Ori: The Will of the Wisps,PC,,59902,102
753,102,PC,2020-04-19,04:00 PM,75,Bedroom,Singleplayer,Controller,Ori: The Will of the Wisps,PC,,59902,102
754,99,Switch,2020-04-19,07:00 AM,30,Bedroom,Singleplayer,Handheld,Animal Crossing: New Horizons,Nintendo Switch,,70241,99
755,39,PC,2020-04-19,08:00 AM,90,Bedroom,Online Multiplayer,Controller,Sea of Thieves,PC,,49966,39
756,100,PC,2020-04-19,11:00 AM,30,Bedroom,Online Multiplayer,Keyboard & Mouse,Call of Duty: Warzone,PC,,77550,100
757,102,PC,2020-04-19,02:00 PM,75,Bedroom,Singleplayer,Controller,Ori: The Will of the Wisps,PC,,59902,102
758,78,PC,2020-04-19,04:00 PM,60,Bedroom,Online Multiplayer,Keyboard & Mouse,Minecraft,PC,,30475,78
759,9,Switch,2020-04-19,08:00 PM,90,Lounge,Local Multiplayer,Controller,Mario Kart 8,Nintendo Switch,,42929,9
760,99,Switch,2020-04-20,07:00 AM,30,Bedroom,Singleplayer,Handheld,Animal Crossing: New Horizons,Nintendo Switch,,70241,99
761,82,PS4,2020-04-20,04:00 PM,45,Lounge,Local Multiplayer,Controller,FIFA 19,PS4,,68608,82
762,99,Switch,2020-04-20,08:00 PM,60,Lounge,Singleplayer,Handheld,Animal Crossing: New Horizons,Nintendo Switch,,70241,99
763,9,Switch,2020-04-20,09:00 PM,60,Bedroom,Local Multiplayer,Controller,Mario Kart 8,Nintendo Switch,,42929,9
764,99,Switch,2020-04-21,07:00 AM,30,Bedroom,Singleplayer,Handheld,Animal Crossing: New Horizons,Nintendo Switch,,70241,99
765,82,PS4,2020-04-21,04:00 PM,30,Lounge,Local Multiplayer,Controller,FIFA 19,PS4,,68608,82
766,99,Switch,2020-04-21,07:00 PM,45,Lounge,Singleplayer,Handheld,Animal Crossing: New Horizons,Nintendo Switch,,70241,99
767,103,PS4,2020-04-21,08:00 PM,30,Lounge,Local Multiplayer,Controller,Crash Team Racing Nitro-Fueled,PS4,,71298,103
768,99,Switch,2020-04-22,07:00 AM,15,Bedroom,Singleplayer,Handheld,Animal Crossing: New Horizons,Nintendo Switch,,70241,99
769,82,PS4,2020-04-22,04:00 PM,30,Lounge,Local Multiplayer,Controller,FIFA 19,PS4,,68608,82
770,99,Switch,2020-04-22,07:00 PM,45,Lounge,Singleplayer,Handheld,Animal Crossing: New Horizons,Nintendo Switch,,70241,99
771,99,Switch,2020-04-23,07:00 AM,15,Bedroom,Singleplayer,Handheld,Animal Crossing: New Horizons,Nintendo Switch,,70241,99
772,99,Switch,2020-04-23,12:00 PM,15,Lounge,Singleplayer,Handheld,Animal Crossing: New Horizons,Nintendo Switch,,70241,99
773,82,PS4,2020-04-23,04:00 PM,45,Lounge,Local Multiplayer,Controller,FIFA 19,PS4,,68608,82
774,99,Switch,2020-04-23,07:00 PM,30,Lounge,Singleplayer,Handheld,Animal Crossing: New Horizons,Nintendo Switch,,70241,99
775,103,PS4,2020-04-23,08:00 PM,30,Lounge,Local Multiplayer,Controller,Crash Team Racing Nitro-Fueled,PS4,,71298,103
776,99,Switch,2020-04-24,07:00 AM,15,Bedroom,Singleplayer,Handheld,Animal Crossing: New Horizons,Nintendo Switch,,70241,99
777,99,Switch,2020-04-24,12:00 PM,15,Lounge,Singleplayer,Handheld,Animal Crossing: New Horizons,Nintendo Switch,,70241,99
778,82,PS4,2020-04-24,04:00 PM,45,Lounge,Local Multiplayer,Controller,FIFA 19,PS4,,68608,82
779,39,PC,2020-04-24,06:00 PM,120,Bedroom,Online Multiplayer,Controller,Sea of Thieves,PC,,49966,39
780,99,Switch,2020-04-25,07:00 AM,45,Bed,Singleplayer,Handheld,Animal Crossing: New Horizons,Nintendo Switch,,70241,99
781,39,PC,2020-04-25,11:00 AM,120,Bedroom,Online Multiplayer,Controller,Sea of Thieves,PC,,49966,39
782,99,Switch,2020-04-25,03:00 PM,15,Lounge,Singleplayer,Handheld,Animal Crossing: New Horizons,Nintendo Switch,,70241,99
783,99,Switch,2020-04-25,03:00 PM,90,Lounge,Singleplayer,Handheld,Animal Crossing: New Horizons,Nintendo Switch,,70241,99
784,9,Switch,2020-04-25,08:00 PM,30,Lounge,Local Multiplayer,Controller,Mario Kart 8,Nintendo Switch,,42929,9
785,82,PS4,2020-04-25,09:00 PM,30,Lounge,Local Multiplayer,Controller,FIFA 19,PS4,,68608,82
786,99,Switch,2020-04-26,07:00 AM,15,Bed,Singleplayer,Handheld,Animal Crossing: New Horizons,Nintendo Switch,,70241,99
787,99,Switch,2020-04-26,09:00 AM,45,Lounge,Singleplayer,Handheld,Animal Crossing: New Horizons,Nintendo Switch,,70241,99
788,99,Switch,2020-04-27,10:00 AM,15,Bedroom,Singleplayer,Handheld,Animal Crossing: New Horizons,Nintendo Switch,,70241,99
789,99,Switch,2020-04-27,12:00 PM,15,Lounge,Singleplayer,Handheld,Animal Crossing: New Horizons,Nintendo Switch,,70241,99
790,82,PS4,2020-04-27,04:00 PM,45,Lounge,Local Multiplayer,Controller,FIFA 19,PS4,,68608,82
791,99,Switch,2020-04-28,11:00 AM,15,Bedroom,Singleplayer,Handheld,Animal Crossing: New Horizons,Nintendo Switch,,70241,99
792,82,PS4,2020-04-28,04:00 PM,45,Lounge,Local Multiplayer,Controller,FIFA 19,PS4,,68608,82
793,99,Switch,2020-04-28,09:00 PM,30,Bed,Singleplayer,Handheld,Animal Crossing: New Horizons,Nintendo Switch,,70241,99
794,99,Switch,2020-04-29,01:00 PM,15,Bedroom,Singleplayer,Handheld,Animal Crossing: New Horizons,Nintendo Switch,,70241,99
795,82,PS4,2020-04-29,04:00 PM,45,Lounge,Local Multiplayer,Controller,FIFA 19,PS4,,68608,82
796,99,Switch,2020-04-29,08:00 PM,30,Bedroom,Singleplayer,Handheld,Animal Crossing: New Horizons,Nintendo Switch,,70241,99
797,104,PC,2020-04-29,09:00 PM,90,Bedroom,Singleplayer,Controller,Astroneer,PC,,53060,104
798,99,Switch,2020-04-30,12:00 PM,30,Bed,Singleplayer,Handheld,Animal Crossing: New Horizons,Nintendo Switch,,70241,99
799,82,PS4,2020-04-30,04:00 PM,75,Lounge,Local Multiplayer,Controller,FIFA 19,PS4,,68608,82
800,99,Switch,2020-04-30,07:00 PM,15,Lounge,Singleplayer,Handheld,Animal Crossing: New Horizons,Nintendo Switch,,70241,99
801,104,PC,2020-04-30,09:00 PM,60,Bedroom,Singleplayer,Controller,Astroneer,PC,,53060,104
802,99,Switch,2020-05-01,07:00 AM,15,Bedroom,Singleplayer,Handheld,Animal Crossing: New Horizons,Nintendo Switch,,70241,99
803,82,PS4,2020-05-01,04:00 PM,45,Lounge,Local Multiplayer,Controller,FIFA 19,PS4,,68608,82
804,104,PC,2020-05-01,08:00 PM,30,Bedroom,Online Multiplayer,Controller,Astroneer,PC,,53060,104
805,99,Switch,2020-05-01,10:00 PM,30,Bed,Singleplayer,Handheld,Animal Crossing: New Horizons,Nintendo Switch,,70241,99
806,99,Switch,2020-05-02,06:00 AM,45,Bed,Singleplayer,Handheld,Animal Crossing: New Horizons,Nintendo Switch,,70241,99
807,104,PC,2020-05-02,07:00 AM,60,Bedroom,Singleplayer,Controller,Astroneer,PC,,53060,104
808,99,Switch,2020-05-02,04:00 PM,15,Lounge,Singleplayer,Handheld,Animal Crossing: New Horizons,Nintendo Switch,,70241,99
809,9,Switch,2020-05-02,08:00 PM,60,Lounge,Local Multiplayer,Controller,Mario Kart 8,Nintendo Switch,,42929,9
810,99,Switch,2020-05-02,07:00 PM,30,Lounge,Singleplayer,Handheld,Animal Crossing: New Horizons,Nintendo Switch,,70241,99
811,99,Switch,2020-05-03,07:00 AM,30,Bed,Singleplayer,Handheld,Animal Crossing: New Horizons,Nintendo Switch,,70241,99
812,100,PC,2020-05-03,11:00 AM,60,Bedroom,Online Multiplayer,Keyboard & Mouse,Call of Duty: Warzone,PC,,77550,100
813,104,PC,2020-05-03,02:00 PM,90,Bedroom,Singleplayer,Controller,Astroneer,PC,,53060,104
814,99,Switch,2020-05-03,06:00 PM,30,Lounge,Singleplayer,Handheld,Animal Crossing: New Horizons,Nintendo Switch,,70241,99
815,104,PC,2020-05-03,09:00 PM,45,Bedroom,Singleplayer,Controller,Astroneer,PC,,53060,104
816,99,Switch,2020-05-04,12:00 PM,30,Lounge,Singleplayer,Handheld,Animal Crossing: New Horizons,Nintendo Switch,,70241,99
817,82,PS4,2020-05-04,04:00 PM,45,Lounge,Local Multiplayer,Controller,FIFA 19,PS4,,68608,82
818,99,Switch,2020-05-04,07:00 PM,30,Lounge,Singleplayer,Handheld,Animal Crossing: New Horizons,Nintendo Switch,,70241,99
819,104,PC,2020-05-04,08:00 PM,90,Bedroom,Singleplayer,Controller,Astroneer,PC,,53060,104
820,99,Switch,2020-05-05,12:00 PM,15,Lounge,Singleplayer,Handheld,Animal Crossing: New Horizons,Nintendo Switch,,70241,99
821,82,PS4,2020-05-05,12:00 PM,30,Lounge,Local Multiplayer,Controller,FIFA 19,PS4,,68608,82
822,104,PC,2020-05-05,08:00 PM,60,Bedroom,Singleplayer,Controller,Astroneer,PC,,53060,104
823,99,Switch,2020-05-06,07:00 AM,15,Bedroom,Singleplayer,Handheld,Animal Crossing: New Horizons,Nintendo Switch,,70241,99
824,99,Switch,2020-05-06,12:00 PM,30,Lounge,Singleplayer,Handheld,Animal Crossing: New Horizons,Nintendo Switch,,70241,99
825,82,PS4,2020-05-06,04:00 PM,45,Lounge,Local Multiplayer,Controller,FIFA 19,PS4,,68608,82
826,39,PC,2020-05-06,07:00 PM,90,Bedroom,Online Multiplayer,Controller,Sea of Thieves,PC,,49966,39
827,99,Switch,2020-05-07,07:00 AM,15,Bedroom,Singleplayer,Handheld,Animal Crossing: New Horizons,Nintendo Switch,,70241,99
828,104,PC,2020-05-07,08:00 PM,60,Bedroom,Singleplayer,Controller,Astroneer,PC,,53060,104
829,99,Switch,2020-05-08,10:00 AM,15,Bedroom,Singleplayer,Handheld,Animal Crossing: New Horizons,Nintendo Switch,,70241,99
830,82,PS4,2020-05-08,04:00 PM,60,Lounge,Local Multiplayer,Controller,FIFA 19,PS4,,68608,82
831,99,Switch,2020-05-09,07:00 AM,30,Bed,Singleplayer,Handheld,Animal Crossing: New Horizons,Nintendo Switch,,70241,99
832,104,PC,2020-05-09,08:00 AM,120,Bedroom,Singleplayer,Controller,Astroneer,PC,,53060,104
833,99,Switch,2020-05-10,07:00 AM,45,Bed,Singleplayer,Handheld,Animal Crossing: New Horizons,Nintendo Switch,,70241,99
834,104,PC,2020-05-10,10:00 AM,90,Bedroom,Singleplayer,Controller,Astroneer,PC,,53060,104
835,99,Switch,2020-05-10,02:00 PM,45,Lounge,Singleplayer,Handheld,Animal Crossing: New Horizons,Nintendo Switch,,70241,99
836,39,PC,2020-05-10,03:00 PM,150,Bedroom,Online Multiplayer,Controller,Sea of Thieves,PC,,49966,39
837,99,Switch,2020-05-11,10:00 AM,15,Bedroom,Singleplayer,Handheld,Animal Crossing: New Horizons,Nintendo Switch,,70241,99
838,82,PS4,2020-05-11,04:00 PM,30,Lounge,Local Multiplayer,Controller,FIFA 19,PS4,,68608,82
839,104,PC,2020-05-11,08:00 PM,30,Bedroom,Online Multiplayer,Controller,Astroneer,PC,,53060,104
840,99,Switch,2020-05-11,10:00 PM,15,Bed,Singleplayer,Handheld,Animal Crossing: New Horizons,Nintendo Switch,,70241,99
841,99,Switch,2020-05-12,07:00 AM,15,Bedroom,Singleplayer,Handheld,Animal Crossing: New Horizons,Nintendo Switch,,70241,99
842,99,Switch,2020-05-12,04:00 PM,15,Lounge,Singleplayer,Handheld,Animal Crossing: New Horizons,Nintendo Switch,,70241,99
843,82,PS4,2020-05-12,04:00 PM,15,Lounge,Local Multiplayer,Controller,FIFA 19,PS4,,68608,82
844,104,PC,2020-05-12,09:00 PM,30,Bedroom,Singleplayer,Controller,Astroneer,PC,,53060,104
845,99,Switch,2020-05-13,07:00 AM,15,Bedroom,Singleplayer,Handheld,Animal Crossing: New Horizons,Nintendo Switch,,70241,99
846,99,Switch,2020-05-13,12:00 PM,15,Bedroom,Singleplayer,Handheld,Animal Crossing: New Horizons,Nintendo Switch,,70241,99
847,82,PS4,2020-05-13,04:00 PM,30,Lounge,Local Multiplayer,Controller,FIFA 19,PS4,,68608,82
848,99,Switch,2020-05-13,08:00 PM,30,Lounge,Singleplayer,Handheld,Animal Crossing: New Horizons,Nintendo Switch,,70241,99
849,99,Switch,2020-05-14,07:00 AM,15,Bedroom,Singleplayer,Handheld,Animal Crossing: New Horizons,Nintendo Switch,,70241,99
850,99,Switch,2020-05-14,12:00 PM,30,Lounge,Singleplayer,Handheld,Animal Crossing: New Horizons,Nintendo Switch,,70241,99
851,82,PS4,2020-05-14,04:00 PM,45,Lounge,Local Multiplayer,Controller,FIFA 19,PS4,,68608,82
852,99,Switch,2020-05-14,07:00 PM,30,Lounge,Singleplayer,Handheld,Animal Crossing: New Horizons,Nintendo Switch,,70241,99
853,104,PC,2020-05-14,08:00 PM,60,Bedroom,Singleplayer,Controller,Astroneer,PC,,53060,104
854,99,Switch,2020-05-15,07:00 AM,15,Bedroom,Singleplayer,Handheld,Animal Crossing: New Horizons,Nintendo Switch,,70241,99
855,82,PS4,2020-05-15,04:00 PM,45,Lounge,Local Multiplayer,Controller,FIFA 19,PS4,,68608,82
856,99,Switch,2020-05-15,06:00 PM,30,Bedroom,Singleplayer,Handheld,Animal Crossing: New Horizons,Nintendo Switch,,70241,99
857,104,PC,2020-05-15,07:00 PM,195,Bedroom,Online Multiplayer,Controller,Astroneer,PC,,53060,104
858,99,Switch,2020-05-15,10:00 PM,30,Bed,Singleplayer,Handheld,Animal Crossing: New Horizons,Nintendo Switch,,70241,99
859,99,Switch,2020-05-16,07:00 AM,30,Bedroom,Singleplayer,Handheld,Animal Crossing: New Horizons,Nintendo Switch,,70241,99
860,99,Switch,2020-05-16,01:00 PM,15,Lounge,Singleplayer,Handheld,Animal Crossing: New Horizons,Nintendo Switch,,70241,99
861,99,Switch,2020-05-17,10:00 AM,15,Bedroom,Singleplayer,Handheld,Animal Crossing: New Horizons,Nintendo Switch,,70241,99
862,100,PC,2020-05-17,11:00 AM,60,Bedroom,Online Multiplayer,Keyboard & Mouse,Call of Duty: Warzone,PC,,77550,100
863,82,PS4,2020-05-17,01:00 PM,30,Bedroom,Local Multiplayer,Controller,FIFA 19,PS4,,68608,82
864,99,Switch,2020-05-17,02:00 PM,15,Lounge,Singleplayer,Handheld,Animal Crossing: New Horizons,Nintendo Switch,,70241,99
865,99,Switch,2020-05-17,07:00 PM,30,Lounge,Singleplayer,Handheld,Animal Crossing: New Horizons,Nintendo Switch,,70241,99
866,99,Switch,2020-05-18,07:00 AM,15,Bedroom,Singleplayer,Handheld,Animal Crossing: New Horizons,Nintendo Switch,,70241,99
867,82,PS4,2020-05-18,04:00 PM,30,Lounge,Local Multiplayer,Controller,FIFA 19,PS4,,68608,82
868,99,Switch,2020-05-18,08:00 PM,30,Lounge,Singleplayer,Handheld,Animal Crossing: New Horizons,Nintendo Switch,,70241,99
869,99,Switch,2020-05-19,06:00 AM,15,Bed,Singleplayer,Handheld,Animal Crossing: New Horizons,Nintendo Switch,,70241,99
870,82,PS4,2020-05-19,04:00 PM,45,Lounge,Local Multiplayer,Controller,FIFA 19,PS4,,68608,82
871,99,Switch,2020-05-19,08:00 PM,30,Lounge,Singleplayer,Handheld,Animal Crossing: New Horizons,Nintendo Switch,,70241,99
872,104,PC,2020-05-19,09:00 PM,60,Bedroom,Singleplayer,Controller,Astroneer,PC,,53060,104
873,82,PS4,2020-05-20,04:00 PM,75,Lounge,Local Multiplayer,Controller,FIFA 19,PS4,,68608,82
874,99,Switch,2020-05-20,07:00 PM,30,Lounge,Singleplayer,Handheld,Animal Crossing: New Horizons,Nintendo Switch,,70241,99
875,104,PC,2020-05-20,08:00 PM,60,Bedroom,Singleplayer,Controller,Astroneer,PC,,53060,104
876,99,Switch,2020-05-21,08:00 AM,15,Bedroom,Singleplayer,Handheld,Animal Crossing: New Horizons,Nintendo Switch,,70241,99
877,99,Switch,2020-05-21,06:00 PM,30,Lounge,Singleplayer,Handheld,Animal Crossing: New Horizons,Nintendo Switch,,70241,99
878,82,PS4,2020-05-21,08:00 PM,15,Lounge,Local Multiplayer,Controller,FIFA 19,PS4,,68608,82
879,104,PC,2020-05-21,08:00 PM,60,Bedroom,Singleplayer,Controller,Astroneer,PC,,53060,104
880,99,Switch,2020-05-22,08:00 AM,15,Bedroom,Singleplayer,Handheld,Animal Crossing: New Horizons,Nintendo Switch,,70241,99
881,82,PS4,2020-05-22,04:00 PM,75,Lounge,Local Multiplayer,Controller,FIFA 19,PS4,,68608,82
882,99,Switch,2020-05-22,10:00 PM,15,Bed,Singleplayer,Handheld,Animal Crossing: New Horizons,Nintendo Switch,,70241,99
883,99,Switch,2020-05-23,07:00 AM,30,Bed,Singleplayer,Handheld,Animal Crossing: New Horizons,Nintendo Switch,,70241,99
884,99,Switch,2020-05-23,11:00 AM,30,Lounge,Singleplayer,Handheld,Animal Crossing: New Horizons,Nintendo Switch,,70241,99
885,99,Switch,2020-05-24,07:00 AM,15,Bed,Singleplayer,Handheld,Animal Crossing: New Horizons,Nintendo Switch,,70241,99
886,99,Switch,2020-05-24,07:00 PM,60,Lounge,Singleplayer,Handheld,Animal Crossing: New Horizons,Nintendo Switch,,70241,99
887,104,PC,2020-05-24,08:00 PM,60,Bedroom,Singleplayer,Controller,Astroneer,PC,,53060,104
888,82,PS4,2020-05-24,09:00 PM,15,Lounge,Local Multiplayer,Controller,FIFA 19,PS4,,68608,82
889,99,Switch,2020-05-25,08:00 AM,15,Bedroom,Singleplayer,Handheld,Animal Crossing: New Horizons,Nintendo Switch,,70241,99
890,82,PS4,2020-05-25,12:00 PM,30,Lounge,Local Multiplayer,Controller,FIFA 19,PS4,,68608,82
891,99,Switch,2020-05-25,01:00 PM,15,Lounge,Singleplayer,Handheld,Animal Crossing: New Horizons,Nintendo Switch,,70241,99
892,99,Switch,2020-05-26,12:00 PM,30,Bedroom,Singleplayer,Handheld,Animal Crossing: New Horizons,Nintendo Switch,,70241,99
893,82,PS4,2020-05-26,12:00 PM,30,Lounge,Local Multiplayer,Controller,FIFA 19,PS4,,68608,82
894,82,PS4,2020-05-26,04:00 PM,30,Lounge,Local Multiplayer,Controller,FIFA 19,PS4,,68608,82
895,99,Switch,2020-05-26,07:00 PM,30,Lounge,Singleplayer,Handheld,Animal Crossing: New Horizons,Nintendo Switch,,70241,99
896,104,PC,2020-05-26,08:00 PM,45,Bedroom,Singleplayer,Controller,Astroneer,PC,,53060,104
897,99,Switch,2020-05-27,07:00 AM,15,Bedroom,Singleplayer,Handheld,Animal Crossing: New Horizons,Nintendo Switch,,70241,99
898,82,PS4,2020-05-27,04:00 PM,45,Lounge,Local Multiplayer,Controller,FIFA 19,PS4,,68608,82
899,99,Switch,2020-05-27,07:00 PM,30,Lounge,Singleplayer,Handheld,Animal Crossing: New Horizons,Nintendo Switch,,70241,99
900,99,Switch,2020-05-28,08:00 AM,15,Bedroom,Singleplayer,Handheld,Animal Crossing: New Horizons,Nintendo Switch,,70241,99
901,82,PS4,2020-05-28,12:00 PM,30,Lounge,Local Multiplayer,Controller,FIFA 19,PS4,,68608,82
902,82,PS4,2020-05-28,04:00 PM,30,Lounge,Local Multiplayer,Controller,FIFA 19,PS4,,68608,82
903,105,PC,2020-05-28,08:00 PM,75,Bedroom,Singleplayer,Keyboard & Mouse,Satisfactory,PC,,68951,105
904,99,Switch,2020-05-29,08:00 AM,15,Bedroom,Singleplayer,Handheld,Animal Crossing: New Horizons,Nintendo Switch,,70241,99
905,99,Switch,2020-05-29,11:00 AM,15,Bedroom,Singleplayer,Handheld,Animal Crossing: New Horizons,Nintendo Switch,,70241,99
906,106,PC,2020-05-29,05:00 PM,75,Bedroom,Online Multiplayer,Controller,Rocket League,PC,,34407,106
907,99,Switch,2020-05-30,07:00 AM,30,Bed,Singleplayer,Handheld,Animal Crossing: New Horizons,Nintendo Switch,,70241,99
908,105,PC,2020-05-30,01:00 PM,60,Bedroom,Singleplayer,Keyboard & Mouse,Satisfactory,PC,,68951,105
909,99,Switch,2020-05-30,03:00 PM,30,Lounge,Singleplayer,Handheld,Animal Crossing: New Horizons,Nintendo Switch,,70241,99
910,106,PS4,2020-05-30,04:00 PM,45,Lounge,Local Multiplayer,Controller,Rocket League,PC,,34407,106
911,105,PC,2020-05-30,08:00 PM,210,Bedroom,Online Multiplayer,Keyboard & Mouse,Satisfactory,PC,,68951,105
912,99,Switch,2020-05-31,07:00 AM,15,Bed,Singleplayer,Handheld,Animal Crossing: New Horizons,Nintendo Switch,,70241,99
913,99,Switch,2020-05-31,10:00 AM,15,Lounge,Singleplayer,Handheld,Animal Crossing: New Horizons,Nintendo Switch,,70241,99
914,105,PC,2020-05-31,11:00 AM,120,Bedroom,Singleplayer,Keyboard & Mouse,Satisfactory,PC,,68951,105
915,106,PC,2020-05-31,02:00 PM,15,Bedroom,Online Multiplayer,Controller,Rocket League,PC,,34407,106
916,106,PS4,2020-05-31,02:00 PM,45,Lounge,Local Multiplayer,Controller,Rocket League,PC,,34407,106
917,82,PS4,2020-05-31,04:00 PM,45,Lounge,Local Multiplayer,Controller,FIFA 19,PS4,,68608,82
918,105,PC,2020-05-31,08:00 PM,45,Bedroom,Singleplayer,Keyboard & Mouse,Satisfactory,PC,,68951,105
919,99,Switch,2020-06-01,07:00 AM,30,Bedroom,Singleplayer,Handheld,Animal Crossing: New Horizons,Nintendo Switch,,70241,99
920,82,PS4,2020-06-01,12:00 PM,30,Lounge,Local Multiplayer,Controller,FIFA 19,PS4,,68608,82
921,82,PS4,2020-06-01,04:00 PM,30,Lounge,Local Multiplayer,Controller,FIFA 19,PS4,,68608,82
922,105,PC,2020-06-01,07:00 PM,60,Bedroom,Singleplayer,Keyboard & Mouse,Satisfactory,PC,,68951,105
923,106,PC,2020-06-01,09:00 PM,60,Bedroom,Online Multiplayer,Controller,Rocket League,PC,,34407,106
924,99,Switch,2020-06-02,07:00 AM,30,Bedroom,Singleplayer,Handheld,Animal Crossing: New Horizons,Nintendo Switch,,70241,99
925,106,PC,2020-06-02,12:00 PM,60,Bedroom,Online Multiplayer,Controller,Rocket League,PC,,34407,106
926,99,Switch,2020-06-02,01:00 PM,15,Bedroom,Singleplayer,Handheld,Animal Crossing: New Horizons,Nintendo Switch,,70241,99
927,106,PC,2020-06-02,04:00 PM,90,Bedroom,Online Multiplayer,Controller,Rocket League,PC,,34407,106
928,105,PC,2020-06-02,09:00 PM,60,Bedroom,Singleplayer,Keyboard & Mouse,Satisfactory,PC,,68951,105
929,99,Switch,2020-06-03,07:00 AM,30,Bedroom,Singleplayer,Handheld,Animal Crossing: New Horizons,Nintendo Switch,,70241,99
930,82,PS4,2020-06-03,04:00 PM,30,Lounge,Local Multiplayer,Controller,FIFA 19,PS4,,68608,82
931,105,PC,2020-06-03,07:00 PM,60,Bedroom,Singleplayer,Keyboard & Mouse,Satisfactory,PC,,68951,105
932,99,Switch,2020-06-04,08:00 AM,30,Bedroom,Singleplayer,Handheld,Animal Crossing: New Horizons,Nintendo Switch,,70241,99
933,106,PC,2020-06-04,12:00 PM,45,Bedroom,Online Multiplayer,Controller,Rocket League,PC,,34407,106
934,82,PS4,2020-06-04,04:00 PM,30,Lounge,Local Multiplayer,Controller,FIFA 19,PS4,,68608,82
935,105,PC,2020-06-04,08:00 PM,75,Bedroom,Singleplayer,Keyboard & Mouse,Satisfactory,PC,,68951,105
936,99,Switch,2020-06-05,07:00 AM,15,Bedroom,Singleplayer,Handheld,Animal Crossing: New Horizons,Nintendo Switch,,70241,99
937,99,Switch,2020-06-05,09:00 PM,15,Bed,Singleplayer,Handheld,Animal Crossing: New Horizons,Nintendo Switch,,70241,99
938,99,Switch,2020-06-06,06:00 AM,15,Bed,Singleplayer,Handheld,Animal Crossing: New Horizons,Nintendo Switch,,70241,99
939,99,Switch,2020-06-06,09:00 PM,15,Bed,Singleplayer,Handheld,Animal Crossing: New Horizons,Nintendo Switch,,70241,99
940,99,Switch,2020-06-07,07:00 AM,15,Bed,Singleplayer,Handheld,Animal Crossing: New Horizons,Nintendo Switch,,70241,99
941,99,Switch,2020-06-08,07:00 AM,15,Bed,Singleplayer,Handheld,Animal Crossing: New Horizons,Nintendo Switch,,70241,99
942,99,Switch,2020-06-09,08:00 AM,15,Bedroom,Singleplayer,Handheld,Animal Crossing: New Horizons,Nintendo Switch,,70241,99
943,82,PS4,2020-06-09,04:00 PM,30,Lounge,Local Multiplayer,Controller,FIFA 19,PS4,,68608,82
944,105,PC,2020-06-09,09:00 PM,45,Bedroom,Singleplayer,Keyboard & Mouse,Satisfactory,PC,,68951,105
945,99,Switch,2020-06-10,08:00 AM,15,Bedroom,Singleplayer,Handheld,Animal Crossing: New Horizons,Nintendo Switch,,70241,99
946,82,PS4,2020-06-10,04:00 PM,30,Lounge,Local Multiplayer,Controller,FIFA 19,PS4,,68608,82
947,99,Switch,2020-06-10,07:00 PM,30,Lounge,Singleplayer,Handheld,Animal Crossing: New Horizons,Nintendo Switch,,70241,99
948,105,PC,2020-06-10,08:00 PM,60,Bedroom,Singleplayer,Keyboard & Mouse,Satisfactory,PC,,68951,105
949,99,Switch,2020-06-11,08:00 AM,30,Bedroom,Singleplayer,Handheld,Animal Crossing: New Horizons,Nintendo Switch,,70241,99
950,82,PS4,2020-06-11,04:00 PM,30,Lounge,Local Multiplayer,Controller,FIFA 19,PS4,,68608,82
951,105,PC,2020-06-11,07:00 PM,105,Bedroom,Singleplayer,Keyboard & Mouse,Satisfactory,PC,,68951,105
952,99,Switch,2020-06-12,07:00 AM,15,Bedroom,Singleplayer,Handheld,Animal Crossing: New Horizons,Nintendo Switch,,70241,99
953,82,PS4,2020-06-12,04:00 PM,30,Lounge,Local Multiplayer,Controller,FIFA 19,PS4,,68608,82
954,99,Switch,2020-06-12,06:00 PM,30,Lounge,Singleplayer,Handheld,Animal Crossing: New Horizons,Nintendo Switch,,70241,99
955,99,Switch,2020-06-13,06:00 AM,30,Bed,Singleplayer,Handheld,Animal Crossing: New Horizons,Nintendo Switch,,70241,99
956,105,PC,2020-06-13,07:00 AM,90,Bedroom,Singleplayer,Keyboard & Mouse,Satisfactory,PC,,68951,105
957,105,PC,2020-06-13,01:00 PM,60,Bedroom,Singleplayer,Keyboard & Mouse,Satisfactory,PC,,68951,105
958,99,Switch,2020-06-14,07:00 AM,15,Bed,Singleplayer,Handheld,Animal Crossing: New Horizons,Nintendo Switch,,70241,99
959,105,PC,2020-06-14,03:00 PM,90,Bedroom,Online Multiplayer,Keyboard & Mouse,Satisfactory,PC,,68951,105
960,105,PC,2020-06-14,04:00 PM,30,Bedroom,Singleplayer,Keyboard & Mouse,Satisfactory,PC,,68951,105
961,105,PC,2020-06-14,07:00 PM,45,Bedroom,Online Multiplayer,Keyboard & Mouse,Satisfactory,PC,,68951,105
962,99,Switch,2020-06-15,07:00 AM,15,Bedroom,Singleplayer,Handheld,Animal Crossing: New Horizons,Nintendo Switch,,70241,99
963,82,PS4,2020-06-15,12:00 PM,30,Lounge,Local Multiplayer,Controller,FIFA 19,PS4,,68608,82
964,82,PS4,2020-06-15,04:00 PM,30,Lounge,Local Multiplayer,Controller,FIFA 19,PS4,,68608,82
965,82,PS4,2020-06-15,05:00 PM,15,Lounge,Local Multiplayer,Controller,FIFA 19,PS4,,68608,82
966,105,PC,2020-06-15,08:00 PM,90,Bedroom,Singleplayer,Keyboard & Mouse,Satisfactory,PC,,68951,105
967,99,Switch,2020-06-16,08:00 AM,30,Bedroom,Singleplayer,Handheld,Animal Crossing: New Horizons,Nintendo Switch,,70241,99
968,82,PS4,2020-06-16,04:00 PM,60,Lounge,Local Multiplayer,Controller,FIFA 19,PS4,,68608,82
969,105,PC,2020-06-16,06:00 PM,30,Bedroom,Singleplayer,Keyboard & Mouse,Satisfactory,PC,,68951,105
970,105,PC,2020-06-16,08:00 PM,90,Bedroom,Singleplayer,Keyboard & Mouse,Satisfactory,PC,,68951,105
971,99,Switch,2020-06-17,07:00 AM,30,Bedroom,Singleplayer,Handheld,Animal Crossing: New Horizons,Nintendo Switch,,70241,99
972,82,PS4,2020-06-17,04:00 PM,15,Lounge,Local Multiplayer,Controller,FIFA 19,PS4,,68608,82
973,105,PC,2020-06-17,06:00 PM,30,Bedroom,Singleplayer,Keyboard & Mouse,Satisfactory,PC,,68951,105
974,105,PC,2020-06-17,08:00 PM,75,Bedroom,Singleplayer,Keyboard & Mouse,Satisfactory,PC,,68951,105
975,99,Switch,2020-06-18,07:00 AM,30,Bedroom,Singleplayer,Handheld,Animal Crossing: New Horizons,Nintendo Switch,,70241,99
976,82,PS4,2020-06-18,04:00 PM,60,Lounge,Local Multiplayer,Controller,FIFA 19,PS4,,68608,82
977,105,PC,2020-06-18,05:00 PM,45,Bedroom,Singleplayer,Keyboard & Mouse,Satisfactory,PC,,68951,105
978,105,PC,2020-06-18,08:00 PM,45,Bedroom,Singleplayer,Keyboard & Mouse,Satisfactory,PC,,68951,105
979,99,Switch,2020-06-19,07:00 AM,30,Bedroom,Singleplayer,Handheld,Animal Crossing: New Horizons,Nintendo Switch,,70241,99
980,82,PS4,2020-06-19,04:00 PM,30,Lounge,Local Multiplayer,Controller,FIFA 19,PS4,,68608,82
981,105,PC,2020-06-19,06:00 PM,210,Bedroom,Online Multiplayer,Keyboard & Mouse,Satisfactory,PC,,68951,105
982,99,Switch,2020-06-20,06:00 AM,30,Bed,Singleplayer,Handheld,Animal Crossing: New Horizons,Nintendo Switch,,70241,99
983,99,Switch,2020-06-20,08:00 AM,15,Bedroom,Singleplayer,Handheld,Animal Crossing: New Horizons,Nintendo Switch,,70241,99
984,105,PC,2020-06-20,08:00 AM,75,Bedroom,Singleplayer,Keyboard & Mouse,Satisfactory,PC,,68951,105
985,107,PS4,2020-06-20,09:00 PM,135,Lounge,Singleplayer,Controller,The Last of Us: Part II,PS4,,57216,107
986,107,PS4,2020-06-21,07:00 AM,60,Lounge,Singleplayer,Controller,The Last of Us: Part II,PS4,,57216,107
987,99,Switch,2020-06-21,07:00 AM,15,Bedroom,Singleplayer,Handheld,Animal Crossing: New Horizons,Nintendo Switch,,70241,99
988,107,PS4,2020-06-21,11:00 AM,75,Lounge,Singleplayer,Controller,The Last of Us: Part II,PS4,,57216,107
989,107,PS4,2020-06-21,01:00 PM,150,Lounge,Singleplayer,Controller,The Last of Us: Part II,PS4,,57216,107
990,105,PC,2020-06-21,07:00 PM,45,Bedroom,Singleplayer,Keyboard & Mouse,Satisfactory,PC,,68951,105
991,99,Switch,2020-06-22,07:00 AM,15,Bedroom,Singleplayer,Handheld,Animal Crossing: New Horizons,Nintendo Switch,,70241,99
992,82,PS4,2020-06-22,12:00 PM,30,Lounge,Local Multiplayer,Controller,FIFA 19,PS4,,68608,82
993,105,PC,2020-06-22,06:00 PM,45,Bedroom,Singleplayer,Keyboard & Mouse,Satisfactory,PC,,68951,105
994,107,PS4,2020-06-22,09:00 PM,90,Lounge,Singleplayer,Controller,The Last of Us: Part II,PS4,,57216,107
995,99,Switch,2020-06-23,07:00 AM,30,Bedroom,Singleplayer,Handheld,Animal Crossing: New Horizons,Nintendo Switch,,70241,99
996,82,PS4,2020-06-23,12:00 PM,30,Lounge,Local Multiplayer,Controller,FIFA 19,PS4,,68608,82
997,82,PS4,2020-06-23,04:00 PM,30,Lounge,Local Multiplayer,Controller,FIFA 19,PS4,,68608,82
998,105,PC,2020-06-23,06:00 PM,60,Bedroom,Singleplayer,Keyboard & Mouse,Satisfactory,PC,,68951,105
999,107,PS4,2020-06-23,09:00 PM,60,Lounge,Singleplayer,Controller,The Last of Us: Part II,PS4,,57216,107
1000,99,Switch,2020-06-24,07:00 AM,15,Bedroom,Singleplayer,Handheld,Animal Crossing: New Horizons,Nintendo Switch,,70241,99
1001,82,PS4,2020-06-24,04:00 PM,45,Lounge,Local Multiplayer,Controller,FIFA 19,PS4,,68608,82
1002,105,PC,2020-06-24,06:00 PM,30,Bedroom,Singleplayer,Keyboard & Mouse,Satisfactory,PC,,68951,105
1003,107,PS4,2020-06-24,09:00 PM,75,Lounge,Singleplayer,Controller,The Last of Us: Part II,PS4,,57216,107
1004,99,Switch,2020-06-25,07:00 AM,15,Bedroom,Singleplayer,Handheld,Animal Crossing: New Horizons,Nintendo Switch,,70241,99
1005,82,PS4,2020-06-25,12:00 PM,15,Lounge,Local Multiplayer,Controller,FIFA 19,PS4,,68608,82
1006,82,PS4,2020-06-25,04:00 PM,30,Lounge,Local Multiplayer,Controller,FIFA 19,PS4,,68608,82
1007,105,PC,2020-06-25,06:00 PM,30,Bedroom,Singleplayer,Keyboard & Mouse,Satisfactory,PC,,68951,105
1008,1,PC,2020-06-25,07:00 PM,60,Bedroom,Online Multiplayer,Keyboard & Mouse,Stardew Valley,PC,,50899,1
1009,107,PS4,2020-06-25,08:00 PM,120,Bedroom,Singleplayer,Controller,The Last of Us: Part II,PS4,,57216,107
1010,99,Switch,2020-06-26,07:00 AM,15,Bedroom,Singleplayer,Handheld,Animal Crossing: New Horizons,Nintendo Switch,,70241,99
1011,82,PS4,2020-06-26,12:00 PM,45,Lounge,Local Multiplayer,Controller,FIFA 19,PS4,,68608,82
1012,82,PS4,2020-06-26,04:00 PM,60,Lounge,Local Multiplayer,Controller,FIFA 19,PS4,,68608,82
1013,104,PC,2020-06-26,08:00 PM,240,Bedroom,Online Multiplayer,Controller,Astroneer,PC,,53060,104
1014,99,Switch,2020-06-27,07:00 AM,30,Bedroom,Singleplayer,Handheld,Animal Crossing: New Horizons,Nintendo Switch,,70241,99
1015,107,PS4,2020-06-27,11:00 AM,105,Lounge,Singleplayer,Controller,The Last of Us: Part II,PS4,,57216,107
1016,99,Switch,2020-06-27,01:00 PM,15,Lounge,Singleplayer,Handheld,Animal Crossing: New Horizons,Nintendo Switch,,70241,99
1017,105,PC,2020-06-27,09:00 PM,15,Bedroom,Singleplayer,Keyboard & Mouse,Satisfactory,PC,,68951,105
1018,99,Switch,2020-06-28,07:00 AM,15,Bedroom,Singleplayer,Handheld,Animal Crossing: New Horizons,Nintendo Switch,,70241,99
1019,107,PS4,2020-06-28,08:00 AM,150,Lounge,Singleplayer,Controller,The Last of Us: Part II,PS4,,57216,107
1020,99,Switch,2020-06-28,01:00 PM,15,Bedroom,Singleplayer,Handheld,Animal Crossing: New Horizons,Nintendo Switch,,70241,99
1021,107,PS4,2020-06-28,08:00 PM,60,Lounge,Singleplayer,Controller,The Last of Us: Part II,PS4,,57216,107
1022,99,Switch,2020-06-29,08:00 AM,30,Bedroom,Singleplayer,Handheld,Animal Crossing: New Horizons,Nintendo Switch,,70241,99
1023,82,PS4,2020-06-29,12:00 PM,30,Lounge,Local Multiplayer,Controller,FIFA 19,PS4,,68608,82
1024,82,PS4,2020-06-29,04:00 PM,30,Lounge,Local Multiplayer,Controller,FIFA 19,PS4,,68608,82
1025,105,PC,2020-06-29,05:00 PM,60,Bedroom,Singleplayer,Keyboard & Mouse,Satisfactory,PC,,68951,105
1026,107,PS4,2020-06-29,08:00 PM,120,Lounge,Singleplayer,Controller,The Last of Us: Part II,PS4,,57216,107
1027,99,Switch,2020-06-30,07:00 AM,30,Bedroom,Singleplayer,Handheld,Animal Crossing: New Horizons,Nintendo Switch,,70241,99
1028,82,PS4,2020-06-30,12:00 PM,15,Lounge,Local Multiplayer,Controller,FIFA 19,PS4,,68608,82
1029,82,PS4,2020-06-30,04:00 PM,30,Lounge,Local Multiplayer,Controller,FIFA 19,PS4,,68608,82
1030,105,PC,2020-06-30,05:00 PM,60,Bedroom,Singleplayer,Keyboard & Mouse,Satisfactory,PC,,68951,105
1031,82,PS4,2020-06-30,08:00 PM,15,Lounge,Local Multiplayer,Controller,FIFA 19,PS4,,68608,82
1032,107,PS4,2020-06-30,09:00 PM,60,Lounge,Singleplayer,Controller,The Last of Us: Part II,PS4,,57216,107
1033,99,Switch,2020-07-01,08:00 AM,15,Bedroom,Singleplayer,Handheld,Animal Crossing: New Horizons,Nintendo Switch,,70241,99
1034,82,PS4,2020-07-01,04:00 PM,30,Lounge,Local Multiplayer,Controller,FIFA 19,PS4,,68608,82
1035,99,Switch,2020-07-02,07:00 AM,30,Bedroom,Singleplayer,Handheld,Animal Crossing: New Horizons,Nintendo Switch,,70241,99
1036,82,PS4,2020-07-02,12:00 PM,30,Lounge,Local Multiplayer,Controller,FIFA 19,PS4,,68608,82
1037,99,Switch,2020-07-02,07:00 PM,15,Train / Train Station,Singleplayer,Handheld,Animal Crossing: New Horizons,Nintendo Switch,,70241,99
1038,105,PC,2020-07-02,09:00 PM,45,Bedroom,Singleplayer,Keyboard & Mouse,Satisfactory,PC,,68951,105
1039,99,Switch,2020-07-03,07:00 AM,15,Bedroom,Singleplayer,Handheld,Animal Crossing: New Horizons,Nintendo Switch,,70241,99
1040,82,PS4,2020-07-03,04:00 PM,45,Lounge,Local Multiplayer,Controller,FIFA 19,PS4,,68608,82
1041,99,Switch,2020-07-03,05:00 PM,30,Bedroom,Singleplayer,Handheld,Animal Crossing: New Horizons,Nintendo Switch,,70241,99
1042,105,PC,2020-07-03,05:00 PM,30,Bedroom,Singleplayer,Keyboard & Mouse,Satisfactory,PC,,68951,105
1043,107,PS4,2020-07-03,10:00 AM,60,Lounge,Singleplayer,Controller,The Last of Us: Part II,PS4,,57216,107
1044,107,PS4,2020-07-04,07:00 AM,45,Lounge,Singleplayer,Controller,The Last of Us: Part II,PS4,,57216,107
1045,99,Switch,2020-07-04,04:00 PM,15,Bedroom,Singleplayer,Handheld,Animal Crossing: New Horizons,Nintendo Switch,,70241,99
1046,9,Switch,2020-07-04,09:00 PM,60,Lounge,Local Multiplayer,Controller,Mario Kart 8,Nintendo Switch,,42929,9
1047,107,PS4,2020-07-05,06:00 AM,90,Lounge,Singleplayer,Controller,The Last of Us: Part II,PS4,,57216,107
1048,99,Switch,2020-07-05,08:00 AM,15,Bedroom,Singleplayer,Handheld,Animal Crossing: New Horizons,Nintendo Switch,,70241,99
1049,105,PC,2020-07-05,02:00 PM,30,Bedroom,Singleplayer,Keyboard & Mouse,Satisfactory,PC,,68951,105
1050,82,PS4,2020-07-05,03:00 PM,45,Lounge,Local Multiplayer,Controller,FIFA 19,PS4,,68608,82
1051,99,Switch,2020-07-05,04:00 PM,30,Lounge,Local Multiplayer,Handheld,Animal Crossing: New Horizons,Nintendo Switch,,70241,99
1052,107,PS4,2020-07-05,06:00 PM,90,Lounge,Singleplayer,Controller,The Last of Us: Part II,PS4,,57216,107
1053,99,Switch,2020-07-06,07:00 AM,15,Bedroom,Singleplayer,Handheld,Animal Crossing: New Horizons,Nintendo Switch,,70241,99
1054,82,PS4,2020-07-06,04:00 PM,30,Lounge,Local Multiplayer,Controller,FIFA 19,PS4,,68608,82
1055,105,PC,2020-07-06,06:00 PM,30,Bedroom,Singleplayer,Keyboard & Mouse,Satisfactory,PC,,68951,105
1056,105,PC,2020-07-06,09:00 PM,60,Bedroom,Singleplayer,Keyboard & Mouse,Satisfactory,PC,,68951,105
1057,99,Switch,2020-07-07,07:00 AM,15,Bedroom,Singleplayer,Handheld,Animal Crossing: New Horizons,Nintendo Switch,,70241,99
1058,99,Switch,2020-07-07,07:00 AM,15,Train / Train Station,Singleplayer,Handheld,Animal Crossing: New Horizons,Nintendo Switch,,70241,99
1059,105,PC,2020-07-07,09:00 PM,45,Bedroom,Singleplayer,Keyboard & Mouse,Satisfactory,PC,,68951,105
1060,99,Switch,2020-07-08,07:00 AM,15,Bedroom,Singleplayer,Handheld,Animal Crossing: New Horizons,Nintendo Switch,,70241,99
1061,99,Switch,2020-07-09,07:00 AM,15,Lounge,Singleplayer,Handheld,Animal Crossing: New Horizons,Nintendo Switch,,70241,99
1062,105,PC,2020-07-09,04:00 PM,60,Lounge,Singleplayer,Keyboard & Mouse,Satisfactory,PC,,68951,105
1063,106,PC,2020-07-09,08:00 PM,45,Lounge,Online Multiplayer,Controller,Rocket League,PC,,34407,106
1064,99,Switch,2020-07-10,07:00 AM,15,Lounge,Singleplayer,Handheld,Animal Crossing: New Horizons,Nintendo Switch,,70241,99
1065,105,PC,2020-07-10,04:00 PM,60,Lounge,Singleplayer,Keyboard & Mouse,Satisfactory,PC,,68951,105
1066,108,PC,2020-07-10,05:00 PM,60,Lounge,Singleplayer,Keyboard & Mouse,Dying Light,PC,,42712,108
1067,99,Switch,2020-07-11,07:00 AM,15,Lounge,Singleplayer,Handheld,Animal Crossing: New Horizons,Nintendo Switch,,70241,99
1068,99,Switch,2020-07-11,10:00 AM,60,Lounge,Singleplayer,Handheld,Animal Crossing: New Horizons,Nintendo Switch,,70241,99
1069,108,PC,2020-07-11,03:00 PM,90,Lounge,Online Multiplayer,Keyboard & Mouse,Dying Light,PC,,42712,108
1070,109,PC,2020-07-11,05:00 PM,90,Lounge,Singleplayer,Controller,Endless Space 2,PC,,52924,109
1071,109,PC,2020-07-12,08:00 AM,90,Lounge,Singleplayer,Controller,Endless Space 2,PC,,52924,109
1072,99,Switch,2020-07-12,09:00 AM,15,Lounge,Singleplayer,Handheld,Animal Crossing: New Horizons,Nintendo Switch,,70241,99
1073,99,Switch,2020-07-12,02:00 PM,15,Lounge,Singleplayer,Handheld,Animal Crossing: New Horizons,Nintendo Switch,,70241,99
1074,108,PC,2020-07-12,04:00 PM,90,Lounge,Online Multiplayer,Keyboard & Mouse,Dying Light,PC,,42712,108
1075,109,PC,2020-07-12,09:00 PM,45,Lounge,Singleplayer,Controller,Endless Space 2,PC,,52924,109
1076,99,Switch,2020-07-13,06:00 AM,15,Lounge,Singleplayer,Handheld,Animal Crossing: New Horizons,Nintendo Switch,,70241,99
1077,105,PC,2020-07-13,04:00 PM,60,Lounge,Singleplayer,Keyboard & Mouse,Satisfactory,PC,,68951,105
1078,99,Switch,2020-07-14,08:00 AM,15,Lounge,Singleplayer,Handheld,Animal Crossing: New Horizons,Nintendo Switch,,70241,99
1079,105,PC,2020-07-14,04:00 PM,60,Lounge,Singleplayer,Keyboard & Mouse,Satisfactory,PC,,68951,105
1080,99,Switch,2020-07-15,07:00 AM,30,Lounge,Singleplayer,Handheld,Animal Crossing: New Horizons,Nintendo Switch,,70241,99
1081,99,Switch,2020-07-16,07:00 AM,15,Lounge,Singleplayer,Handheld,Animal Crossing: New Horizons,Nintendo Switch,,70241,99
1082,99,Switch,2020-07-17,12:00 PM,15,Train / Train Station,Singleplayer,Handheld,Animal Crossing: New Horizons,Nintendo Switch,,70241,99
1083,99,Switch,2020-07-17,02:00 PM,15,Lounge,Singleplayer,Handheld,Animal Crossing: New Horizons,Nintendo Switch,,70241,99
1084,110,PC,2020-07-17,04:00 PM,60,Lounge,Singleplayer,Keyboard & Mouse,Football Manager 2020,PC,,75680,110
1085,110,PC,2020-07-18,08:00 AM,90,Lounge,Singleplayer,Keyboard & Mouse,Football Manager 2020,PC,,75680,110
1086,108,PC,2020-07-18,01:00 PM,120,Lounge,Online Multiplayer,Keyboard & Mouse,Dying Light,PC,,42712,108
1087,99,Switch,2020-07-19,07:00 AM,15,Bed,Singleplayer,Handheld,Animal Crossing: New Horizons,Nintendo Switch,,70241,99
1088,108,PC,2020-07-19,01:00 PM,150,Lounge,Online Multiplayer,Keyboard & Mouse,Dying Light,PC,,42712,108
1089,99,Switch,2020-07-20,09:00 AM,15,Lounge,Singleplayer,Handheld,Animal Crossing: New Horizons,Nintendo Switch,,70241,99
1090,99,Switch,2020-07-22,07:00 AM,30,Lounge,Singleplayer,Handheld,Animal Crossing: New Horizons,Nintendo Switch,,70241,99
1091,99,Switch,2020-07-23,08:00 AM,15,Lounge,Singleplayer,Handheld,Animal Crossing: New Horizons,Nintendo Switch,,70241,99
1092,99,Switch,2020-07-23,04:00 PM,30,Lounge,Singleplayer,Handheld,Animal Crossing: New Horizons,Nintendo Switch,,70241,99
1093,111,PC,2020-07-25,07:00 PM,120,Lounge,Singleplayer,Keyboard & Mouse,Tacoma,PC,,48325,111
1094,108,PC,2020-07-26,02:00 PM,150,Lounge,Online Multiplayer,Keyboard & Mouse,Dying Light,PC,,42712,108
1095,112,PC,2020-07-31,09:00 PM,30,Lounge,Singleplayer,Controller,Carrion,PC,,73781,112
1096,108,PC,2020-08-02,02:00 PM,150,Lounge,Online Multiplayer,Keyboard & Mouse,Dying Light,PC,,42712,108
1097,108,PC,2020-08-07,05:00 PM,60,Lounge,Online Multiplayer,Keyboard & Mouse,Dying Light,PC,,42712,108
1098,113,PC,2020-08-07,09:00 PM,45,Lounge,Singleplayer,Controller,Minit,PC,,58197,113
1099,114,PC,2020-08-08,02:00 PM,75,Lounge,Singleplayer,Controller,Guacamelee 2,PC,,62378,114
1100,115,PC,2020-08-08,08:00 PM,60,Lounge,Singleplayer,Keyboard & Mouse,Totally Accurate Battle Simulator,PC,,61156,115
1101,73,Switch,2020-08-09,09:00 AM,30,Lounge,Singleplayer,Controller,Spyro: Reignited Trilogy,Nintendo Switch,,67871,73
1102,39,PC,2020-08-09,02:00 PM,195,Lounge,Online Multiplayer,Controller,Sea of Thieves,PC,,49966,39
1103,115,PC,2020-08-09,05:00 PM,30,Lounge,Singleplayer,Keyboard & Mouse,Totally Accurate Battle Simulator,PC,,61156,115
1104,40,PC,2020-08-10,09:00 PM,45,Lounge,Singleplayer,Controller,Dead Cells,PC,,58490,40
1105,73,Switch,2020-08-12,06:00 PM,15,Lounge,Singleplayer,Controller,Spyro: Reignited Trilogy,Nintendo Switch,,67871,73
1106,73,Switch,2020-08-13,05:00 PM,15,Lounge,Singleplayer,Controller,Spyro: Reignited Trilogy,Nintendo Switch,,67871,73
1107,73,Switch,2020-08-13,09:00 PM,45,Lounge,Singleplayer,Controller,Spyro: Reignited Trilogy,Nintendo Switch,,67871,73
1108,116,PC,2020-08-14,05:00 PM,45,Lounge,Online Multiplayer,Controller,Fall Guys,PC,,73776,116
1109,73,Switch,2020-08-15,10:00 AM,30,Lounge,Singleplayer,Controller,Spyro: Reignited Trilogy,Nintendo Switch,,67871,73
1110,116,PC,2020-08-15,12:00 PM,45,Lounge,Online Multiplayer,Controller,Fall Guys,PC,,73776,116
1111,116,PC,2020-08-15,10:00 PM,30,Lounge,Online Multiplayer,Controller,Fall Guys,PC,,73776,116
1112,73,Switch,2020-08-16,08:00 AM,60,Lounge,Singleplayer,Controller,Spyro: Reignited Trilogy,Nintendo Switch,,67871,73
1113,108,PC,2020-08-16,01:00 PM,150,Lounge,Online Multiplayer,Keyboard & Mouse,Dying Light,PC,,42712,108
1114,117,PC,2020-08-19,09:00 PM,30,Lounge,Singleplayer,Controller,Spiritfarer,PC,,73764,117
1115,117,PC,2020-08-20,09:00 PM,60,Lounge,Singleplayer,Controller,Spiritfarer,PC,,73764,117
1116,118,PC,2020-08-21,05:00 PM,60,Lounge,Singleplayer,Keyboard & Mouse,Microsoft Flight Simulator,PC,,73765,118
1117,116,PC,2020-08-21,09:00 PM,30,Lounge,Online Multiplayer,Controller,Fall Guys,PC,,73776,116
1118,117,PC,2020-08-21,09:00 PM,45,Lounge,Singleplayer,Controller,Spiritfarer,PC,,73764,117
1119,116,PC,2020-08-22,11:00 AM,15,Lounge,Online Multiplayer,Controller,Fall Guys,PC,,73776,116
1120,117,PC,2020-08-22,01:00 PM,60,Lounge,Singleplayer,Controller,Spiritfarer,PC,,73764,117
1121,73,Switch,2020-08-22,03:00 PM,60,Lounge,Singleplayer,Controller,Spyro: Reignited Trilogy,Nintendo Switch,,67871,73
1122,116,PC,2020-08-22,09:00 PM,30,Lounge,Online Multiplayer,Controller,Fall Guys,PC,,73776,116
1123,108,PC,2020-08-23,01:00 PM,120,Lounge,Online Multiplayer,Keyboard & Mouse,Dying Light,PC,,42712,108
1124,73,Switch,2020-08-23,05:00 PM,45,Lounge,Singleplayer,Controller,Spyro: Reignited Trilogy,Nintendo Switch,,67871,73
1125,117,PC,2020-08-23,07:00 PM,60,Lounge,Singleplayer,Controller,Spiritfarer,PC,,73764,117
1126,116,PC,2020-08-23,09:00 PM,30,Lounge,Online Multiplayer,Controller,Fall Guys,PC,,73776,116
1127,73,Switch,2020-08-27,09:00 PM,45,Lounge,Singleplayer,Controller,Spyro: Reignited Trilogy,Nintendo Switch,,67871,73
1128,117,PC,2020-08-28,08:00 PM,75,Lounge,Singleplayer,Controller,Spiritfarer,PC,,73764,117
1129,73,Switch,2020-08-29,09:00 AM,60,Lounge,Singleplayer,Controller,Spyro: Reignited Trilogy,Nintendo Switch,,67871,73
1130,117,PC,2020-08-29,01:00 PM,75,Lounge,Singleplayer,Controller,Spiritfarer,PC,,73764,117
1131,119,PC,2020-08-30,08:00 PM,90,Lounge,Singleplayer,Controller,Tell Me Why,PC,,75996,119
1132,73,Switch,2020-08-30,08:00 AM,60,Lounge,Singleplayer,Controller,Spyro: Reignited Trilogy,Nintendo Switch,,67871,73
1133,117,PC,2020-08-30,04:00 PM,75,Lounge,Singleplayer,Controller,Spiritfarer,PC,,73764,117
1134,119,PC,2020-08-30,09:00 PM,60,Lounge,Singleplayer,Controller,Tell Me Why,PC,,75996,119
1135,117,PC,2020-08-31,09:00 PM,60,Lounge,Singleplayer,Controller,Spiritfarer,PC,,73764,117
1136,117,PC,2020-09-01,09:00 PM,60,Lounge,Singleplayer,Controller,Spiritfarer,PC,,73764,117
1137,117,PC,2020-09-02,09:00 PM,60,Lounge,Singleplayer,Controller,Spiritfarer,PC,,73764,117
1138,117,PC,2020-09-03,09:00 PM,60,Lounge,Singleplayer,Controller,Spiritfarer,PC,,73764,117
1139,117,PC,2020-09-04,06:00 PM,45,Lounge,Singleplayer,Controller,Spiritfarer,PC,,73764,117
1140,108,PC,2020-09-05,08:00 AM,120,Lounge,Online Multiplayer,Keyboard & Mouse,Dying Light,PC,,42712,108
1141,120,PC,2020-09-05,01:00 PM,120,Lounge,Singleplayer,Keyboard & Mouse,Crusader Kings 3,PC,,75742,120
1142,119,PC,2020-09-05,08:00 PM,150,Lounge,Singleplayer,Controller,Tell Me Why,PC,,75996,119
1143,73,Switch,2020-09-06,07:00 AM,60,Lounge,Singleplayer,Controller,Spyro: Reignited Trilogy,Nintendo Switch,,67871,73
1144,120,PC,2020-09-06,04:00 PM,45,Lounge,Singleplayer,Keyboard & Mouse,Crusader Kings 3,PC,,75742,120
1145,117,PC,2020-09-06,09:00 PM,60,Lounge,Singleplayer,Controller,Spiritfarer,PC,,73764,117
1146,117,PC,2020-09-07,09:00 PM,60,Lounge,Singleplayer,Controller,Spiritfarer,PC,,73764,117
1147,117,PC,2020-09-09,09:00 PM,60,Lounge,Singleplayer,Controller,Spiritfarer,PC,,73764,117
1148,117,PC,2020-09-10,09:00 PM,45,Lounge,Singleplayer,Controller,Spiritfarer,PC,,73764,117
1149,121,PC,2020-09-11,06:00 PM,195,Lounge,Online Multiplayer,Keyboard & Mouse,Among Us,PC,,70938,121
1150,73,Switch,2020-09-12,07:00 AM,30,Lounge,Singleplayer,Controller,Spyro: Reignited Trilogy,Nintendo Switch,,67871,73
1151,119,PC,2020-09-12,06:00 PM,180,Lounge,Singleplayer,Controller,Tell Me Why,PC,,75996,119
1152,117,PC,2020-09-14,09:00 PM,60,Lounge,Singleplayer,Controller,Spiritfarer,PC,,73764,117
1153,121,PC,2020-09-15,06:00 PM,90,Lounge,Online Multiplayer,Keyboard & Mouse,Among Us,PC,,70938,121
1154,117,PC,2020-09-16,09:00 PM,45,Lounge,Singleplayer,Controller,Spiritfarer,PC,,73764,117
1155,117,PC,2020-09-17,09:00 PM,45,Lounge,Singleplayer,Controller,Spiritfarer,PC,,73764,117
1156,117,PC,2020-09-18,07:00 PM,45,Lounge,Singleplayer,Controller,Spiritfarer,PC,,73764,117
1157,73,Switch,2020-09-19,07:00 AM,30,Lounge,Singleplayer,Controller,Spyro: Reignited Trilogy,Nintendo Switch,,67871,73
1158,122,Switch,2020-09-19,04:00 PM,15,Lounge,Local Multiplayer,Controller,Smash Tennis,Nintendo Switch,,23133,122
1159,123,Switch,2020-09-19,05:00 PM,45,Lounge,Local Multiplayer,Controller,Totally Reliable Delivery Service,Nintendo Switch,,73044,123
1160,9,Switch,2020-09-19,06:00 PM,30,Lounge,Local Multiplayer,Controller,Mario Kart 8,Nintendo Switch,,42929,9
1161,121,PC,2020-09-19,08:00 PM,90,Lounge,Online Multiplayer,Keyboard & Mouse,Among Us,PC,,70938,121
1162,73,Switch,2020-09-20,07:00 AM,30,Lounge,Singleplayer,Controller,Spyro: Reignited Trilogy,Nintendo Switch,,67871,73
1163,124,PC,2020-09-20,01:00 PM,120,Lounge,Online Multiplayer,Keyboard & Mouse,Golf with your Friends,PC,,52572,124
1164,117,PC,2020-09-20,05:00 PM,45,Lounge,Singleplayer,Controller,Spiritfarer,PC,,73764,117
1165,117,PC,2020-09-21,09:00 PM,45,Lounge,Singleplayer,Controller,Spiritfarer,PC,,73764,117
1166,117,PC,2020-09-22,09:00 PM,60,Lounge,Singleplayer,Controller,Spiritfarer,PC,,73764,117
1167,117,PC,2020-09-23,06:00 PM,15,Lounge,Singleplayer,Controller,Spiritfarer,PC,,73764,117
1168,125,Switch,2020-09-23,09:00 PM,60,Lounge,Singleplayer,Controller,Hades,Nintendo Switch,,71297,125
1169,125,Switch,2020-09-24,09:00 PM,60,Lounge,Singleplayer,Controller,Hades,Nintendo Switch,,71297,125
1170,125,Switch,2020-09-25,09:00 PM,60,Lounge,Singleplayer,Controller,Hades,Nintendo Switch,,71297,125
1171,125,Switch,2020-09-26,09:00 AM,90,Lounge,Singleplayer,Controller,Hades,Nintendo Switch,,71297,125
1172,117,PC,2020-09-26,06:00 PM,75,Lounge,Singleplayer,Controller,Spiritfarer,PC,,73764,117
1173,108,PC,2020-09-27,01:00 PM,120,Lounge,Online Multiplayer,Keyboard & Mouse,Dying Light,PC,,42712,108
1174,125,Switch,2020-09-27,05:00 PM,90,Lounge,Singleplayer,Controller,Hades,Nintendo Switch,,71297,125
1175,125,Switch,2020-09-28,08:00 PM,90,Lounge,Singleplayer,Controller,Hades,Nintendo Switch,,71297,125
1176,125,Switch,2020-09-29,09:00 PM,45,Lounge,Singleplayer,Controller,Hades,Nintendo Switch,,71297,125
1177,126,PC,2020-09-30,07:00 PM,75,Lounge,Singleplayer,Controller,Spelunky 2,PC,,62377,126
1178,126,PC,2020-09-30,09:00 PM,30,Lounge,Singleplayer,Controller,Spelunky 2,PC,,62377,126
1179,126,PC,2020-10-01,08:00 PM,75,Lounge,Singleplayer,Controller,Spelunky 2,PC,,62377,126
1180,126,PC,2020-10-02,05:00 PM,90,Lounge,Singleplayer,Controller,Spelunky 2,PC,,62377,126
1181,121,PC,2020-10-02,07:00 PM,45,Lounge,Online Multiplayer,Keyboard & Mouse,Among Us,PC,,70938,121
1182,126,PC,2020-10-03,07:00 AM,45,Lounge,Singleplayer,Controller,Spelunky 2,PC,,62377,126
1183,125,Switch,2020-10-03,10:00 AM,75,Lounge,Singleplayer,Controller,Hades,Nintendo Switch,,71297,125
1184,126,PC,2020-10-03,11:00 AM,15,Lounge,Singleplayer,Controller,Spelunky 2,PC,,62377,126
1185,126,PC,2020-10-03,08:00 PM,30,Lounge,Singleplayer,Controller,Spelunky 2,PC,,62377,126
1186,126,PC,2020-10-04,12:00 PM,45,Lounge,Singleplayer,Controller,Spelunky 2,PC,,62377,126
1187,126,PC,2020-10-04,06:00 PM,90,Lounge,Singleplayer,Controller,Spelunky 2,PC,,62377,126
1188,126,PC,2020-10-05,08:00 PM,45,Lounge,Singleplayer,Controller,Spelunky 2,PC,,62377,126
1189,125,Switch,2020-10-05,09:00 PM,45,Lounge,Singleplayer,Controller,Hades,Nintendo Switch,,71297,125
1190,126,PC,2020-10-06,06:00 PM,45,Lounge,Singleplayer,Controller,Spelunky 2,PC,,62377,126
1191,125,Switch,2020-10-06,09:00 PM,60,Lounge,Singleplayer,Controller,Hades,Nintendo Switch,,71297,125
1192,126,PC,2020-10-07,06:00 PM,15,Lounge,Singleplayer,Controller,Spelunky 2,PC,,62377,126
1193,126,PC,2020-10-07,08:00 PM,45,Lounge,Singleplayer,Controller,Spelunky 2,PC,,62377,126
1194,125,Switch,2020-10-07,09:00 PM,60,Lounge,Singleplayer,Controller,Hades,Nintendo Switch,,71297,125
1195,126,PC,2020-10-08,06:00 PM,15,Lounge,Singleplayer,Controller,Spelunky 2,PC,,62377,126
1196,126,PC,2020-10-08,08:00 PM,45,Lounge,Singleplayer,Controller,Spelunky 2,PC,,62377,126
1197,125,Switch,2020-10-08,09:00 PM,60,Lounge,Singleplayer,Controller,Hades,Nintendo Switch,,71297,125
1198,126,PC,2020-10-09,12:00 PM,15,Lounge,Singleplayer,Controller,Spelunky 2,PC,,62377,126
1199,126,PC,2020-10-09,05:00 PM,45,Lounge,Singleplayer,Controller,Spelunky 2,PC,,62377,126
1200,125,Switch,2020-10-09,09:00 PM,30,Lounge,Singleplayer,Controller,Hades,Nintendo Switch,,71297,125
1201,126,PC,2020-10-09,10:00 PM,45,Lounge,Singleplayer,Controller,Spelunky 2,PC,,62377,126
1202,126,PC,2020-10-10,08:00 AM,30,Lounge,Singleplayer,Controller,Spelunky 2,PC,,62377,126
1203,126,PC,2020-10-10,05:00 PM,90,Lounge,Singleplayer,Controller,Spelunky 2,PC,,62377,126
1204,125,Switch,2020-10-10,09:00 PM,30,Lounge,Singleplayer,Controller,Hades,Nintendo Switch,,71297,125
1205,126,PC,2020-10-11,08:00 AM,75,Lounge,Singleplayer,Controller,Spelunky 2,PC,,62377,126
1206,126,PC,2020-10-11,01:00 PM,30,Lounge,Singleplayer,Controller,Spelunky 2,PC,,62377,126
1207,125,Switch,2020-10-11,04:00 PM,75,Lounge,Singleplayer,Controller,Hades,Nintendo Switch,,71297,125
1208,126,PC,2020-10-12,05:00 PM,45,Lounge,Singleplayer,Controller,Spelunky 2,PC,,62377,126
1209,126,PC,2020-10-12,07:00 PM,45,Lounge,Singleplayer,Controller,Spelunky 2,PC,,62377,126
1210,125,Switch,2020-10-12,09:00 PM,60,Lounge,Singleplayer,Controller,Hades,Nintendo Switch,,71297,125
1211,126,PC,2020-10-13,09:00 PM,30,Lounge,Singleplayer,Controller,Spelunky 2,PC,,62377,126
1212,126,PC,2020-10-14,04:00 PM,15,Lounge,Singleplayer,Controller,Spelunky 2,PC,,62377,126
1213,126,PC,2020-10-14,07:00 PM,30,Lounge,Singleplayer,Controller,Spelunky 2,PC,,62377,126
1214,125,Switch,2020-10-14,08:00 PM,60,Lounge,Singleplayer,Controller,Hades,Nintendo Switch,,71297,125
1215,126,PC,2020-10-15,12:00 PM,30,Lounge,Singleplayer,Controller,Spelunky 2,PC,,62377,126
1216,126,PC,2020-10-15,04:00 PM,15,Lounge,Singleplayer,Controller,Spelunky 2,PC,,62377,126
1217,126,PC,2020-10-15,07:00 PM,60,Lounge,Singleplayer,Controller,Spelunky 2,PC,,62377,126
1218,126,PC,2020-10-16,01:00 PM,15,Lounge,Singleplayer,Controller,Spelunky 2,PC,,62377,126
1219,126,PC,2020-10-16,04:00 PM,30,Lounge,Singleplayer,Controller,Spelunky 2,PC,,62377,126
1220,127,Switch,2020-10-16,05:00 PM,45,Lounge,Singleplayer,Controller,"Cook, Serve, Delicious 3",Nintendo Switch,,74598,127
1221,126,PC,2020-10-16,07:00 PM,30,Lounge,Singleplayer,Controller,Spelunky 2,PC,,62377,126
1222,127,Switch,2020-10-16,08:00 PM,45,Lounge,Singleplayer,Controller,"Cook, Serve, Delicious 3",Nintendo Switch,,74598,127
1223,126,PC,2020-10-17,08:00 AM,30,Lounge,Singleplayer,Controller,Spelunky 2,PC,,62377,126
1224,126,PC,2020-10-17,10:00 AM,15,Lounge,Singleplayer,Controller,Spelunky 2,PC,,62377,126
1225,126,PC,2020-10-17,01:00 PM,15,Lounge,Singleplayer,Controller,Spelunky 2,PC,,62377,126
1226,127,Switch,2020-10-17,02:00 PM,30,Lounge,Singleplayer,Controller,"Cook, Serve, Delicious 3",Nintendo Switch,,74598,127
1227,126,PC,2020-10-17,05:00 PM,30,Lounge,Singleplayer,Controller,Spelunky 2,PC,,62377,126
1228,126,PC,2020-10-17,09:00 PM,30,Lounge,Singleplayer,Controller,Spelunky 2,PC,,62377,126
1229,126,PC,2020-10-18,09:00 AM,15,Lounge,Singleplayer,Controller,Spelunky 2,PC,,62377,126
1230,48,PC,2020-10-18,06:00 PM,90,Lounge,Singleplayer,Controller,State of Decay 2,PC,,54215,48
1231,126,PC,2020-10-18,09:00 PM,30,Lounge,Singleplayer,Controller,Spelunky 2,PC,,62377,126
1232,126,PC,2020-10-19,04:00 PM,15,Lounge,Singleplayer,Controller,Spelunky 2,PC,,62377,126
1233,126,PC,2020-10-19,06:00 PM,15,Lounge,Singleplayer,Controller,Spelunky 2,PC,,62377,126
1234,126,PC,2020-10-20,12:00 PM,15,Lounge,Singleplayer,Controller,Spelunky 2,PC,,62377,126
1235,126,PC,2020-10-20,04:00 PM,15,Lounge,Singleplayer,Controller,Spelunky 2,PC,,62377,126
1236,126,PC,2020-10-20,08:00 PM,30,Lounge,Singleplayer,Controller,Spelunky 2,PC,,62377,126
1237,126,PC,2020-10-20,09:00 PM,30,Lounge,Singleplayer,Controller,Spelunky 2,PC,,62377,126
1238,126,PC,2020-10-21,12:00 PM,30,Lounge,Singleplayer,Controller,Spelunky 2,PC,,62377,126
1239,126,PC,2020-10-21,07:00 PM,30,Lounge,Singleplayer,Controller,Spelunky 2,PC,,62377,126
1240,125,Switch,2020-10-21,09:00 PM,45,Lounge,Singleplayer,Controller,Hades,Nintendo Switch,,71297,125
1241,126,PC,2020-10-21,05:00 PM,45,Lounge,Singleplayer,Controller,Spelunky 2,PC,,62377,126
1242,125,Switch,2020-10-21,09:00 PM,60,Lounge,Singleplayer,Controller,Hades,Nintendo Switch,,71297,125
1243,126,PC,2020-10-23,07:00 AM,30,Lounge,Singleplayer,Controller,Spelunky 2,PC,,62377,126
1244,124,PC,2020-10-23,09:00 AM,90,Lounge,Online Multiplayer,Keyboard & Mouse,Golf with your Friends,PC,,52572,124
1245,126,PC,2020-10-23,11:00 AM,15,Lounge,Singleplayer,Controller,Spelunky 2,PC,,62377,126
1246,125,Switch,2020-10-23,01:00 PM,45,Lounge,Singleplayer,Controller,Hades,Nintendo Switch,,71297,125
1247,126,PC,2020-10-23,02:00 PM,30,Lounge,Singleplayer,Controller,Spelunky 2,PC,,62377,126
1248,126,PC,2020-10-24,07:00 AM,30,Lounge,Singleplayer,Controller,Spelunky 2,PC,,62377,126
1249,126,PC,2020-10-24,10:00 AM,15,Lounge,Singleplayer,Controller,Spelunky 2,PC,,62377,126
1250,125,Switch,2020-10-24,11:00 AM,60,Lounge,Singleplayer,Controller,Hades,Nintendo Switch,,71297,125
1251,126,PC,2020-10-24,07:00 PM,45,Lounge,Singleplayer,Controller,Spelunky 2,PC,,62377,126
1252,126,PC,2020-10-25,07:00 AM,15,Lounge,Singleplayer,Controller,Spelunky 2,PC,,62377,126
1253,126,PC,2020-10-25,10:00 AM,30,Lounge,Singleplayer,Controller,Spelunky 2,PC,,62377,126
1254,125,Switch,2020-10-25,11:00 AM,60,Lounge,Singleplayer,Controller,Hades,Nintendo Switch,,71297,125
1255,126,PC,2020-10-25,12:00 PM,45,Lounge,Singleplayer,Controller,Spelunky 2,PC,,62377,126
1256,126,PC,2020-10-26,09:00 PM,30,Lounge,Singleplayer,Controller,Spelunky 2,PC,,62377,126
1257,126,PC,2020-10-27,05:00 PM,15,Lounge,Singleplayer,Controller,Spelunky 2,PC,,62377,126
1258,126,PC,2020-10-27,06:00 PM,30,Lounge,Singleplayer,Controller,Spelunky 2,PC,,62377,126
1259,126,PC,2020-10-28,05:00 PM,15,Lounge,Singleplayer,Controller,Spelunky 2,PC,,62377,126
1260,128,PC,2020-10-28,06:00 PM,45,Freddies Place,Online Multiplayer,Controller,Minecraft: Dungeons,PC,,70421,128
1261,128,PC,2020-10-28,09:00 PM,90,Freddies Place,Online Multiplayer,Controller,Minecraft: Dungeons,PC,,70421,128
1262,82,PS4,2020-10-29,07:00 PM,60,Conor and Nats Place,Local Multiplayer,Controller,FIFA 19,PS4,,68608,82
1263,82,PS4,2020-10-29,09:00 PM,30,Conor and Nats Place,Local Multiplayer,Controller,FIFA 19,PS4,,68608,82
1264,126,PC,2020-10-30,07:00 AM,15,Lounge,Singleplayer,Controller,Spelunky 2,PC,,62377,126
1265,125,Switch,2020-10-31,08:00 AM,60,Lounge,Singleplayer,Controller,Hades,Nintendo Switch,,71297,125
1266,126,PC,2020-10-31,09:00 AM,30,Lounge,Singleplayer,Controller,Spelunky 2,PC,,62377,126
1267,126,PC,2020-10-31,01:00 PM,45,Lounge,Singleplayer,Controller,Spelunky 2,PC,,62377,126
1268,126,PC,2020-10-31,05:00 PM,15,Lounge,Singleplayer,Controller,Spelunky 2,PC,,62377,126
1269,126,PC,2020-10-31,09:00 PM,60,Lounge,Singleplayer,Controller,Spelunky 2,PC,,62377,126
1270,126,PC,2020-11-01,07:00 AM,45,Lounge,Singleplayer,Controller,Spelunky 2,PC,,62377,126
1271,126,PC,2020-11-01,11:00 AM,30,Lounge,Singleplayer,Controller,Spelunky 2,PC,,62377,126
1272,126,PC,2020-11-01,07:00 PM,75,Lounge,Singleplayer,Controller,Spelunky 2,PC,,62377,126
1273,126,PC,2020-11-02,05:00 PM,15,Lounge,Singleplayer,Controller,Spelunky 2,PC,,62377,126
1274,44,Oculus,2020-11-02,06:00 PM,15,Lounge,Singleplayer,Oculus Touch,Beat Saber,Oculus Rift,,65652,44
1275,129,PC,2020-11-02,08:00 PM,60,Lounge,Singleplayer,Controller,Star Wars: Squadrons,Oculus Rift,,78973,129
1276,126,PC,2020-11-03,07:00 AM,45,Lounge,Singleplayer,Controller,Spelunky 2,PC,,62377,126
1277,44,Oculus,2020-11-03,10:00 AM,30,Lounge,Singleplayer,Oculus Touch,Beat Saber,Oculus Rift,,65652,44
1278,126,PC,2020-11-04,05:00 PM,15,Lounge,Singleplayer,Controller,Spelunky 2,PC,,62377,126
1279,126,PC,2020-11-04,09:00 PM,30,Lounge,Singleplayer,Controller,Spelunky 2,PC,,62377,126
1280,126,PC,2020-11-05,05:00 PM,15,Lounge,Singleplayer,Controller,Spelunky 2,PC,,62377,126
1281,126,PC,2020-11-05,09:00 PM,30,Lounge,Singleplayer,Controller,Spelunky 2,PC,,62377,126
1282,126,PC,2020-11-06,05:00 PM,15,Lounge,Singleplayer,Controller,Spelunky 2,PC,,62377,126
1283,126,PC,2020-11-06,08:00 PM,45,Lounge,Singleplayer,Controller,Spelunky 2,PC,,62377,126
1284,126,PC,2020-11-07,09:00 AM,30,Lounge,Singleplayer,Controller,Spelunky 2,PC,,62377,126
1285,126,PC,2020-11-07,02:00 PM,15,Lounge,Singleplayer,Controller,Spelunky 2,PC,,62377,126
1286,126,PC,2020-11-07,09:00 PM,15,Lounge,Singleplayer,Controller,Spelunky 2,PC,,62377,126
1287,126,PC,2020-11-08,07:00 AM,30,Lounge,Singleplayer,Controller,Spelunky 2,PC,,62377,126
1288,82,PS4,2020-11-08,02:00 PM,75,Conor and Nats Place,Local Multiplayer,Controller,FIFA 19,PS4,,68608,82
1289,126,PC,2020-11-08,07:00 PM,15,Lounge,Singleplayer,Controller,Spelunky 2,PC,,62377,126
1290,126,PC,2020-11-09,06:00 PM,60,Lounge,Singleplayer,Controller,Spelunky 2,PC,,62377,126
1291,129,Oculus,2020-11-09,08:00 PM,15,Lounge,Singleplayer,Controller,Star Wars: Squadrons,Oculus Rift,,78973,129
1292,126,PC,2020-11-09,10:00 PM,15,Lounge,Singleplayer,Controller,Spelunky 2,PC,,62377,126
1293,126,PC,2020-11-10,04:00 PM,15,Lounge,Singleplayer,Controller,Spelunky 2,PC,,62377,126
1294,126,PC,2020-11-10,09:00 PM,30,Lounge,Singleplayer,Controller,Spelunky 2,PC,,62377,126
1295,126,PC,2020-11-11,09:00 PM,30,Lounge,Singleplayer,Controller,Spelunky 2,PC,,62377,126
1296,126,PC,2020-11-12,05:00 PM,15,Lounge,Singleplayer,Controller,Spelunky 2,PC,,62377,126
1297,86,Oculus,2020-11-12,05:00 PM,30,Lounge,Singleplayer,Controller,Tetris Effect,PC,,68836,86
1298,126,PC,2020-11-13,05:00 PM,15,Lounge,Singleplayer,Controller,Spelunky 2,PC,,62377,126
1299,126,PC,2020-11-13,09:00 PM,15,Lounge,Singleplayer,Controller,Spelunky 2,PC,,62377,126
1300,126,PC,2020-11-14,10:00 AM,30,Lounge,Singleplayer,Controller,Spelunky 2,PC,,62377,126
1301,126,PC,2020-11-14,12:00 PM,30,Lounge,Singleplayer,Controller,Spelunky 2,PC,,62377,126
1302,126,PC,2020-11-17,09:00 PM,15,Lounge,Singleplayer,Controller,Spelunky 2,PC,,62377,126
1303,126,PC,2020-11-18,05:00 PM,30,Lounge,Online Multiplayer,Controller,Spelunky 2,PC,,62377,126
1304,126,PC,2020-11-18,09:00 PM,30,Lounge,Singleplayer,Controller,Spelunky 2,PC,,62377,126
1305,126,PC,2020-11-19,09:00 PM,30,Lounge,Singleplayer,Controller,Spelunky 2,PC,,62377,126
1306,126,PC,2020-11-20,01:00 PM,30,Lounge,Singleplayer,Controller,Spelunky 2,PC,,62377,126
1307,126,PC,2020-11-21,07:00 AM,15,Lounge,Singleplayer,Controller,Spelunky 2,PC,,62377,126
1308,126,PC,2020-11-21,01:00 PM,15,Lounge,Singleplayer,Controller,Spelunky 2,PC,,62377,126
1309,126,PC,2020-11-21,03:00 PM,45,Lounge,Singleplayer,Controller,Spelunky 2,PC,,62377,126
1310,44,Oculus,2020-11-21,05:00 PM,60,Lounge,Singleplayer,Oculus Touch,Beat Saber,Oculus Rift,,65652,44
1311,126,PC,2020-11-21,07:00 PM,30,Lounge,Singleplayer,Controller,Spelunky 2,PC,,62377,126
1312,126,PC,2020-11-21,09:00 PM,15,Lounge,Singleplayer,Controller,Spelunky 2,PC,,62377,126
1313,126,PC,2020-11-22,07:00 AM,30,Lounge,Singleplayer,Controller,Spelunky 2,PC,,62377,126
1314,126,PC,2020-11-22,10:00 AM,45,Lounge,Singleplayer,Controller,Spelunky 2,PC,,62377,126
1315,126,PC,2020-11-22,04:00 PM,30,Lounge,Singleplayer,Controller,Spelunky 2,PC,,62377,126
1316,44,Oculus,2020-11-22,05:00 PM,45,Lounge,Singleplayer,Oculus Touch,Beat Saber,Oculus Rift,,65652,44
1317,126,PC,2020-11-23,05:00 PM,30,Lounge,Singleplayer,Controller,Spelunky 2,PC,,62377,126
1318,126,PC,2020-11-23,08:00 PM,30,Lounge,Singleplayer,Controller,Spelunky 2,PC,,62377,126
1319,126,PC,2020-11-24,12:00 PM,15,Lounge,Singleplayer,Controller,Spelunky 2,PC,,62377,126
1320,126,PC,2020-11-25,05:00 PM,60,Lounge,Singleplayer,Controller,Spelunky 2,PC,,62377,126
1321,126,PC,2020-11-26,04:00 PM,15,Lounge,Singleplayer,Controller,Spelunky 2,PC,,62377,126
1322,126,PC,2020-11-26,09:00 PM,45,Lounge,Singleplayer,Controller,Spelunky 2,PC,,62377,126
1323,126,PC,2020-11-27,12:00 PM,15,Lounge,Singleplayer,Controller,Spelunky 2,PC,,62377,126
1324,126,PC,2020-11-27,05:00 PM,15,Lounge,Singleplayer,Controller,Spelunky 2,PC,,62377,126
1325,126,PC,2020-11-27,10:00 PM,60,Lounge,Singleplayer,Controller,Spelunky 2,PC,,62377,126
1326,126,PC,2020-11-28,07:00 AM,45,Lounge,Singleplayer,Controller,Spelunky 2,PC,,62377,126
1327,126,PC,2020-11-30,12:00 PM,15,Lounge,Singleplayer,Controller,Spelunky 2,PC,,62377,126
1328,126,PC,2020-11-30,05:00 PM,30,Lounge,Singleplayer,Controller,Spelunky 2,PC,,62377,126
1329,126,PC,2020-12-01,12:00 PM,15,Lounge,Singleplayer,Controller,Spelunky 2,PC,,62377,126
1330,126,PC,2020-12-01,05:00 PM,60,Lounge,Singleplayer,Controller,Spelunky 2,PC,,62377,126
1331,130,PC,2020-12-01,09:00 PM,45,Lounge,Singleplayer,Keyboard & Mouse,Doom Eternal,PC,,68917,130
1332,126,PC,2020-12-03,12:00 PM,15,Lounge,Singleplayer,Controller,Spelunky 2,PC,,62377,126
1333,130,PC,2020-12-03,09:00 PM,75,Lounge,Singleplayer,Keyboard & Mouse,Doom Eternal,PC,,68917,130
1334,126,PC,2020-12-04,12:00 PM,30,Lounge,Singleplayer,Controller,Spelunky 2,PC,,62377,126
1335,126,PC,2020-12-05,07:00 AM,30,Lounge,Singleplayer,Controller,Spelunky 2,PC,,62377,126
1336,126,PC,2020-12-05,09:00 AM,15,Lounge,Singleplayer,Controller,Spelunky 2,PC,,62377,126
1337,126,PC,2020-12-05,04:00 PM,30,Lounge,Singleplayer,Controller,Spelunky 2,PC,,62377,126
1338,126,PC,2020-12-06,07:00 AM,30,Lounge,Singleplayer,Controller,Spelunky 2,PC,,62377,126
1339,130,PC,2020-12-06,10:00 AM,90,Lounge,Singleplayer,Keyboard & Mouse,Doom Eternal,PC,,68917,130
1340,126,PC,2020-12-06,07:00 PM,45,Lounge,Singleplayer,Controller,Spelunky 2,PC,,62377,126
1341,126,PC,2020-12-07,06:00 PM,45,Lounge,Singleplayer,Controller,Spelunky 2,PC,,62377,126
1342,130,PC,2020-12-07,09:00 PM,60,Lounge,Singleplayer,Keyboard & Mouse,Doom Eternal,PC,,68917,130
1343,126,PC,2020-12-08,12:00 PM,15,Lounge,Singleplayer,Controller,Spelunky 2,PC,,62377,126
1344,126,PC,2020-12-08,09:00 PM,30,Lounge,Singleplayer,Controller,Spelunky 2,PC,,62377,126
1345,126,PC,2020-12-10,06:00 PM,45,Lounge,Singleplayer,Controller,Spelunky 2,PC,,62377,126
1346,126,PC,2020-12-11,04:00 PM,15,Lounge,Singleplayer,Controller,Spelunky 2,PC,,62377,126
1347,126,PC,2020-12-11,05:00 PM,30,Lounge,Singleplayer,Controller,Spelunky 2,PC,,62377,126
1348,82,PS4,2020-12-11,08:00 PM,75,Lounge,Local Multiplayer,Controller,FIFA 19,PS4,,68608,82
1349,126,PC,2020-12-12,02:00 PM,30,Lounge,Singleplayer,Controller,Spelunky 2,PC,,62377,126
1350,131,Oculus,2020-12-12,04:00 PM,60,Lounge,Singleplayer,Oculus Touch,Moss,Oculus Rift,,59927,131
1351,126,PC,2020-12-12,05:00 PM,15,Lounge,Singleplayer,Controller,Spelunky 2,PC,,62377,126
1352,126,PC,2020-12-12,08:00 PM,15,Lounge,Singleplayer,Controller,Spelunky 2,PC,,62377,126
1353,126,PC,2020-12-13,07:00 AM,15,Lounge,Singleplayer,Controller,Spelunky 2,PC,,62377,126
1354,126,PC,2020-12-13,01:00 PM,30,Lounge,Singleplayer,Controller,Spelunky 2,PC,,62377,126
1355,126,PC,2020-12-14,12:00 PM,15,Lounge,Singleplayer,Controller,Spelunky 2,PC,,62377,126
1356,126,PC,2020-12-14,09:00 PM,15,Lounge,Singleplayer,Controller,Spelunky 2,PC,,62377,126
1357,126,PC,2020-12-15,12:00 PM,15,Lounge,Singleplayer,Controller,Spelunky 2,PC,,62377,126
1358,126,PC,2020-12-15,04:00 PM,30,Lounge,Singleplayer,Controller,Spelunky 2,PC,,62377,126
1359,126,PC,2020-12-16,04:00 PM,75,Lounge,Online Multiplayer,Controller,Spelunky 2,PC,,62377,126
1360,126,PC,2020-12-17,09:00 PM,30,Lounge,Singleplayer,Controller,Spelunky 2,PC,,62377,126
1361,126,PC,2020-12-19,07:00 AM,45,Lounge,Singleplayer,Controller,Spelunky 2,PC,,62377,126
1362,126,PC,2020-12-20,07:00 AM,15,Lounge,Singleplayer,Controller,Spelunky 2,PC,,62377,126
1363,126,PC,2020-12-20,09:00 AM,15,Lounge,Singleplayer,Controller,Spelunky 2,PC,,62377,126
1364,126,PC,2020-12-20,11:00 AM,15,Lounge,Singleplayer,Controller,Spelunky 2,PC,,62377,126
1365,126,PC,2020-12-20,06:00 PM,90,Lounge,Online Multiplayer,Controller,Spelunky 2,PC,,62377,126
1366,126,PC,2020-12-21,06:00 PM,120,Lounge,Online Multiplayer,Controller,Spelunky 2,PC,,62377,126
1367,126,PC,2020-12-22,09:00 PM,30,Lounge,Singleplayer,Controller,Spelunky 2,PC,,62377,126
1368,126,PC,2020-12-23,07:00 AM,15,Lounge,Singleplayer,Controller,Spelunky 2,PC,,62377,126
1369,126,PC,2020-12-23,06:00 PM,60,Lounge,Online Multiplayer,Controller,Spelunky 2,PC,,62377,126
1370,126,PC,2020-12-24,07:00 AM,15,Lounge,Singleplayer,Controller,Spelunky 2,PC,,62377,126
1371,126,PC,2020-12-24,01:00 PM,30,Lounge,Singleplayer,Controller,Spelunky 2,PC,,62377,126
1372,126,PC,2020-12-25,10:00 AM,30,Lounge,Singleplayer,Controller,Spelunky 2,PC,,62377,126
1373,126,PC,2020-12-26,08:00 AM,30,Lounge,Singleplayer,Controller,Spelunky 2,PC,,62377,126
1374,126,PC,2020-12-26,02:00 PM,30,Lounge,Singleplayer,Controller,Spelunky 2,PC,,62377,126
1375,126,PC,2020-12-26,05:00 PM,45,Lounge,Singleplayer,Controller,Spelunky 2,PC,,62377,126
1376,130,PC,2020-12-27,09:00 AM,60,Lounge,Singleplayer,Keyboard & Mouse,Doom Eternal,PC,,68917,130
1377,132,Oculus,2020-12-27,02:00 PM,60,Lounge,Singleplayer,Oculus Touch,Half Life: Alyx,Oculus Rift,,76068,132
1378,126,PC,2020-12-27,08:00 PM,60,Lounge,Singleplayer,Controller,Spelunky 2,PC,,62377,126
1379,126,PC,2020-12-29,09:00 AM,30,Lounge,Singleplayer,Controller,Spelunky 2,PC,,62377,126
1380,126,PC,2020-12-29,02:00 PM,15,Lounge,Singleplayer,Controller,Spelunky 2,PC,,62377,126
1381,130,PC,2020-12-29,03:00 PM,45,Lounge,Singleplayer,Keyboard & Mouse,Doom Eternal,PC,,68917,130
1382,126,PC,2020-12-29,04:00 PM,60,Lounge,Online Multiplayer,Controller,Spelunky 2,PC,,62377,126
1383,126,PC,2020-12-30,08:00 AM,15,Lounge,Singleplayer,Controller,Spelunky 2,PC,,62377,126
1384,130,PC,2020-12-30,02:00 PM,45,Lounge,Singleplayer,Keyboard & Mouse,Doom Eternal,PC,,68917,130
1385,126,PC,2020-12-30,05:00 PM,90,Lounge,Online Multiplayer,Controller,Spelunky 2,PC,,62377,126
1386,126,PC,2020-12-31,08:00 AM,30,Lounge,Singleplayer,Controller,Spelunky 2,PC,,62377,126
1387,130,PC,2020-12-31,10:00 AM,45,Lounge,Singleplayer,Keyboard & Mouse,Doom Eternal,PC,,68917,130
1388,126,PC,2020-12-31,11:00 AM,30,Lounge,Singleplayer,Controller,Spelunky 2,PC,,62377,126
1389,82,PS4,2020-12-31,09:00 PM,45,Conor and Nats Place,Local Multiplayer,Controller,FIFA 19,PS4,,68608,82
1390,126,PC,2021-01-01,07:00 AM,45,Lounge,Singleplayer,Controller,Spelunky 2,PC,,62377,126
1391,130,PC,2021-01-01,11:00 AM,90,Lounge,Singleplayer,Keyboard & Mouse,Doom Eternal,PC,,68917,130
1392,126,PC,2021-01-01,02:00 PM,60,Lounge,Online Multiplayer,Controller,Spelunky 2,PC,,62377,126
1393,126,PC,2021-01-01,09:00 PM,30,Lounge,Singleplayer,Controller,Spelunky 2,PC,,62377,126
1394,126,PC,2021-01-02,07:00 AM,30,Lounge,Singleplayer,Controller,Spelunky 2,PC,,62377,126
1395,126,PC,2021-01-02,06:00 PM,90,Lounge,Online Multiplayer,Controller,Spelunky 2,PC,,62377,126
1396,130,PC,2021-01-03,09:00 AM,30,Lounge,Singleplayer,Keyboard & Mouse,Doom Eternal,PC,,68917,130
1397,126,PC,2021-01-03,10:00 AM,45,Lounge,Singleplayer,Controller,Spelunky 2,PC,,62377,126
1398,126,PC,2021-01-03,02:00 PM,30,Lounge,Singleplayer,Controller,Spelunky 2,PC,,62377,126
1399,130,PC,2021-01-03,05:00 PM,30,Lounge,Singleplayer,Keyboard & Mouse,Doom Eternal,PC,,68917,130
1400,126,PC,2021-01-03,06:00 PM,60,Lounge,Online Multiplayer,Controller,Spelunky 2,PC,,62377,126
1401,132,Oculus,2021-01-03,08:00 PM,60,Lounge,Singleplayer,Oculus Touch,Half Life: Alyx,Oculus Rift,,76068,132
1402,126,PC,2021-01-04,07:00 AM,60,Lounge,Singleplayer,Controller,Spelunky 2,PC,,62377,126
1403,130,PC,2021-01-04,11:00 AM,120,Lounge,Singleplayer,Keyboard & Mouse,Doom Eternal,PC,,68917,130
1404,133,PC,2021-01-04,05:00 PM,30,Lounge,Singleplayer,Keyboard & Mouse,Umurangi Generation,PC,,78541,133
1405,126,PC,2021-01-04,06:00 PM,60,Lounge,Online Multiplayer,Controller,Spelunky 2,PC,,62377,126
1406,132,Oculus,2021-01-04,08:00 PM,60,Lounge,Singleplayer,Oculus Touch,Half Life: Alyx,Oculus Rift,,76068,132
1407,133,PC,2021-01-05,07:00 AM,30,Lounge,Singleplayer,Keyboard & Mouse,Umurangi Generation,PC,,78541,133
1408,126,PC,2021-01-05,09:00 AM,45,Lounge,Singleplayer,Controller,Spelunky 2,PC,,62377,126
1409,126,PC,2021-01-05,11:00 AM,30,Lounge,Singleplayer,Controller,Spelunky 2,PC,,62377,126
1410,126,PC,2021-01-06,12:00 PM,15,Lounge,Singleplayer,Controller,Spelunky 2,PC,,62377,126
1411,126,PC,2021-01-09,03:00 PM,15,Lounge,Singleplayer,Controller,Spelunky 2,PC,,62377,126
1412,126,PC,2021-01-09,05:00 PM,30,Lounge,Singleplayer,Controller,Spelunky 2,PC,,62377,126
1413,126,PC,2021-01-09,06:00 PM,60,Lounge,Singleplayer,Controller,Spelunky 2,PC,,62377,126
1414,126,PC,2021-01-10,08:00 AM,45,Lounge,Singleplayer,Controller,Spelunky 2,PC,,62377,126
1415,126,PC,2021-01-11,08:00 PM,75,Lounge,Online Multiplayer,Controller,Spelunky 2,PC,,62377,126
1416,126,PC,2021-01-12,09:00 PM,60,Lounge,Singleplayer,Controller,Spelunky 2,PC,,62377,126
1417,126,PC,2021-01-13,06:00 PM,60,Lounge,Online Multiplayer,Controller,Spelunky 2,PC,,62377,126
1418,126,PC,2021-01-14,12:00 PM,15,Lounge,Singleplayer,Controller,Spelunky 2,PC,,62377,126
1419,126,PC,2021-01-15,07:00 AM,15,Lounge,Singleplayer,Controller,Spelunky 2,PC,,62377,126
1420,126,PC,2021-01-15,12:00 PM,45,Lounge,Singleplayer,Controller,Spelunky 2,PC,,62377,126
1421,126,PC,2021-01-16,06:00 AM,30,Lounge,Singleplayer,Controller,Spelunky 2,PC,,62377,126
1422,126,PC,2021-01-16,07:00 AM,30,Lounge,Singleplayer,Controller,Spelunky 2,PC,,62377,126
1423,126,PC,2021-01-16,06:00 PM,45,Lounge,Singleplayer,Controller,Spelunky 2,PC,,62377,126
1424,126,PC,2021-01-17,07:00 AM,45,Lounge,Singleplayer,Controller,Spelunky 2,PC,,62377,126
1425,126,PC,2021-01-17,09:00 AM,30,Lounge,Singleplayer,Controller,Spelunky 2,PC,,62377,126
1426,126,PC,2021-01-17,01:00 PM,60,Lounge,Singleplayer,Controller,Spelunky 2,PC,,62377,126
1427,132,Oculus,2021-01-17,08:00 PM,75,Lounge,Singleplayer,Oculus Touch,Half Life: Alyx,Oculus Rift,,76068,132
1428,126,PC,2021-01-18,12:00 PM,15,Lounge,Singleplayer,Controller,Spelunky 2,PC,,62377,126
1429,126,PC,2021-01-19,07:00 AM,30,Lounge,Singleplayer,Controller,Spelunky 2,PC,,62377,126
1430,125,Switch,2021-01-20,04:00 PM,60,Lounge,Singleplayer,Controller,Hades,Nintendo Switch,,71297,125
1431,126,PC,2021-01-20,05:00 PM,30,Lounge,Singleplayer,Controller,Spelunky 2,PC,,62377,126
1432,132,Oculus,2021-01-20,08:00 PM,75,Lounge,Singleplayer,Oculus Touch,Half Life: Alyx,Oculus Rift,,76068,132
1433,126,PC,2021-01-21,07:00 AM,30,Lounge,Singleplayer,Controller,Spelunky 2,PC,,62377,126
1434,125,Switch,2021-01-21,12:00 PM,30,Lounge,Singleplayer,Controller,Hades,Nintendo Switch,,71297,125
1435,126,PC,2021-01-22,11:00 AM,60,Lounge,Singleplayer,Controller,Spelunky 2,PC,,62377,126
1436,125,Switch,2021-01-22,12:00 PM,60,Lounge,Singleplayer,Controller,Hades,Nintendo Switch,,71297,125
1437,126,PC,2021-01-22,06:00 PM,75,Lounge,Online Multiplayer,Controller,Spelunky 2,PC,,62377,126
1438,126,PC,2021-01-23,07:00 AM,60,Lounge,Singleplayer,Controller,Spelunky 2,PC,,62377,126
1439,134,PC,2021-01-23,08:00 AM,30,Lounge,Singleplayer,Controller,Control,PC,,68937,134
1440,126,PC,2021-01-24,07:00 AM,45,Lounge,Singleplayer,Controller,Spelunky 2,PC,,62377,126
1441,126,PC,2021-01-24,08:00 AM,60,Lounge,Singleplayer,Controller,Spelunky 2,PC,,62377,126
1442,126,PC,2021-01-24,12:00 PM,45,Lounge,Singleplayer,Controller,Spelunky 2,PC,,62377,126
1443,125,Switch,2021-01-24,01:00 PM,45,Lounge,Singleplayer,Controller,Hades,Nintendo Switch,,71297,125
1444,126,PC,2021-01-24,03:00 PM,45,Lounge,Singleplayer,Controller,Spelunky 2,PC,,62377,126
1445,126,PC,2021-01-24,05:00 PM,45,Lounge,Singleplayer,Controller,Spelunky 2,PC,,62377,126
1446,126,PC,2021-01-24,06:00 PM,60,Lounge,Online Multiplayer,Controller,Spelunky 2,PC,,62377,126
1447,134,PC,2021-01-24,09:00 PM,30,Lounge,Singleplayer,Controller,Control,PC,,68937,134
1448,125,Switch,2021-01-26,08:00 AM,60,Lounge,Singleplayer,Controller,Hades,Nintendo Switch,,71297,125
1449,126,PC,2021-01-26,07:00 PM,60,Lounge,Singleplayer,Controller,Spelunky 2,PC,,62377,126
1450,126,PC,2021-01-27,12:00 PM,45,Lounge,Singleplayer,Controller,Spelunky 2,PC,,62377,126
1451,126,PC,2021-01-27,03:00 PM,15,Lounge,Singleplayer,Controller,Spelunky 2,PC,,62377,126
1452,82,PS4,2021-01-27,05:00 PM,45,Lounge,Local Multiplayer,Controller,FIFA 19,PS4,,68608,82
1453,126,PC,2021-01-27,08:00 PM,60,Lounge,Singleplayer,Controller,Spelunky 2,PC,,62377,126
1454,125,Switch,2021-01-28,12:00 PM,60,Lounge,Singleplayer,Controller,Hades,Nintendo Switch,,71297,125
1455,125,Switch,2021-01-29,07:00 AM,45,Lounge,Singleplayer,Controller,Hades,Nintendo Switch,,71297,125
1456,125,Switch,2021-01-29,01:00 PM,60,Lounge,Singleplayer,Controller,Hades,Nintendo Switch,,71297,125
1457,132,Oculus,2021-01-30,06:00 PM,90,Lounge,Singleplayer,Oculus Touch,Half Life: Alyx,Oculus Rift,,76068,132
1458,126,PC,2021-01-30,09:00 PM,30,Lounge,Singleplayer,Controller,Spelunky 2,PC,,62377,126
1459,126,PC,2021-01-31,11:00 AM,30,Lounge,Singleplayer,Controller,Spelunky 2,PC,,62377,126
1460,82,PS4,2021-01-31,02:00 PM,45,Lounge,Local Multiplayer,Controller,FIFA 19,PS4,,68608,82
1461,135,PS4,2021-01-31,03:00 PM,30,Lounge,Local Multiplayer,Controller,FIFA 21,PS4,,79149,135
1462,126,PC,2021-01-31,06:00 PM,60,Lounge,Online Multiplayer,Controller,Spelunky 2,PC,,62377,126
1463,133,PC,2021-02-01,09:00 PM,15,Lounge,Singleplayer,Keyboard & Mouse,Umurangi Generation,PC,,78541,133
1464,125,Switch,2021-02-03,12:00 PM,45,Lounge,Singleplayer,Controller,Hades,Nintendo Switch,,71297,125
1465,125,Switch,2021-02-03,05:00 PM,60,Lounge,Singleplayer,Controller,Hades,Nintendo Switch,,71297,125
1466,126,PC,2021-02-03,06:00 PM,60,Lounge,Online Multiplayer,Controller,Spelunky 2,PC,,62377,126
1467,133,PC,2021-02-03,09:00 PM,30,Lounge,Singleplayer,Keyboard & Mouse,Umurangi Generation,PC,,78541,133
1468,125,Switch,2021-02-04,12:00 PM,45,Lounge,Singleplayer,Controller,Hades,Nintendo Switch,,71297,125
1469,125,Switch,2021-02-05,12:00 PM,45,Lounge,Singleplayer,Controller,Hades,Nintendo Switch,,71297,125
1470,136,PC,2021-02-06,07:00 AM,30,Lounge,Singleplayer,Controller,Falconeer,PC,,76961,136
1471,137,PC,2021-02-06,08:00 AM,30,Lounge,Singleplayer,Keyboard & Mouse,Donut County,PC,,47388,137
1472,125,Switch,2021-02-06,02:00 PM,45,Lounge,Singleplayer,Controller,Hades,Nintendo Switch,,71297,125
1473,126,PC,2021-02-06,03:00 PM,30,Lounge,Online Multiplayer,Controller,Spelunky 2,PC,,62377,126
1474,126,PC,2021-02-06,08:00 PM,30,Lounge,Singleplayer,Controller,Spelunky 2,PC,,62377,126
1475,125,Switch,2021-02-07,08:00 AM,45,Lounge,Singleplayer,Controller,Hades,Nintendo Switch,,71297,125
1476,126,PC,2021-02-07,09:00 AM,30,Lounge,Singleplayer,Controller,Spelunky 2,PC,,62377,126
1477,126,PC,2021-02-07,07:00 PM,45,Lounge,Online Multiplayer,Controller,Spelunky 2,PC,,62377,126
1478,125,Switch,2021-02-08,12:00 PM,45,Lounge,Singleplayer,Controller,Hades,Nintendo Switch,,71297,125
1479,126,PC,2021-02-08,08:00 PM,45,Lounge,Online Multiplayer,Controller,Spelunky 2,PC,,62377,126
1480,125,Switch,2021-02-09,12:00 PM,45,Lounge,Singleplayer,Controller,Hades,Nintendo Switch,,71297,125
1481,126,PC,2021-02-10,06:00 PM,60,Lounge,Online Multiplayer,Controller,Spelunky 2,PC,,62377,126
1482,126,PC,2021-02-13,07:00 AM,30,Lounge,Singleplayer,Controller,Spelunky 2,PC,,62377,126
1483,39,PC,2021-02-13,04:00 PM,75,Lounge,Online Multiplayer,Controller,Sea of Thieves,PC,,49966,39
1484,126,PC,2021-02-14,01:00 PM,45,Lounge,Singleplayer,Controller,Spelunky 2,PC,,62377,126
1485,126,PC,2021-02-14,03:00 PM,30,Lounge,Singleplayer,Controller,Spelunky 2,PC,,62377,126
1486,126,PC,2021-02-16,06:00 PM,60,Lounge,Online Multiplayer,Controller,Spelunky 2,PC,,62377,126
1487,138,PC,2021-02-17,07:00 PM,75,Lounge,Singleplayer,Controller,Monster Train,PC,,76957,138
1488,138,PC,2021-02-18,01:00 PM,45,Lounge,Singleplayer,Controller,Monster Train,PC,,76957,138
1489,138,PC,2021-02-18,05:00 PM,45,Lounge,Singleplayer,Controller,Monster Train,PC,,76957,138
1490,138,PC,2021-02-19,12:00 PM,45,Lounge,Singleplayer,Controller,Monster Train,PC,,76957,138
1491,138,PC,2021-02-20,08:00 AM,60,Lounge,Singleplayer,Controller,Monster Train,PC,,76957,138
1492,126,PC,2021-02-20,03:00 PM,45,Lounge,Singleplayer,Controller,Spelunky 2,PC,,62377,126
1493,126,PC,2021-02-21,04:00 PM,60,Lounge,Singleplayer,Controller,Spelunky 2,PC,,62377,126
1494,132,Oculus,2021-02-21,08:00 PM,120,Lounge,Singleplayer,Oculus Touch,Half Life: Alyx,Oculus Rift,,76068,132
1495,126,PC,2021-02-22,07:00 PM,45,Lounge,Online Multiplayer,Controller,Spelunky 2,PC,,62377,126
1496,138,PC,2021-02-23,06:00 PM,45,Lounge,Singleplayer,Controller,Monster Train,PC,,76957,138
1497,126,PC,2021-02-24,05:00 PM,15,Lounge,Singleplayer,Controller,Spelunky 2,PC,,62377,126
1498,126,PC,2021-02-25,04:00 PM,30,Lounge,Singleplayer,Controller,Spelunky 2,PC,,62377,126
1499,126,PC,2021-02-26,04:00 PM,30,Lounge,Singleplayer,Controller,Spelunky 2,PC,,62377,126
1500,126,PC,2021-02-27,07:00 AM,45,Lounge,Singleplayer,Controller,Spelunky 2,PC,,62377,126
1501,126,PC,2021-02-27,02:00 PM,45,Lounge,Singleplayer,Controller,Spelunky 2,PC,,62377,126
1502,126,PC,2021-02-28,05:00 PM,45,Lounge,Singleplayer,Controller,Spelunky 2,PC,,62377,126
1503,126,PC,2021-03-01,08:00 PM,30,Lounge,Singleplayer,Controller,Spelunky 2,PC,,62377,126
1504,126,PC,2021-03-02,06:00 PM,45,Lounge,Online Multiplayer,Controller,Spelunky 2,PC,,62377,126
1505,126,PC,2021-03-04,09:00 PM,45,Lounge,Singleplayer,Controller,Spelunky 2,PC,,62377,126
1506,126,PC,2021-03-05,04:00 PM,30,Lounge,Singleplayer,Controller,Spelunky 2,PC,,62377,126
1507,137,PC,2021-03-07,08:00 AM,60,Lounge,Singleplayer,Keyboard & Mouse,Donut County,PC,,47388,137
1508,126,PC,2021-03-07,09:00 AM,30,Lounge,Singleplayer,Controller,Spelunky 2,PC,,62377,126
1509,126,PC,2021-03-08,07:00 AM,45,Lounge,Singleplayer,Controller,Spelunky 2,PC,,62377,126
1510,126,PC,2021-03-08,08:00 PM,30,Lounge,Singleplayer,Controller,Spelunky 2,PC,,62377,126
1511,139,PC,2021-03-08,08:00 PM,30,Lounge,Singleplayer,Controller,Loop Hero,PC,,81738,139
1512,126,PC,2021-03-13,08:00 AM,45,Lounge,Singleplayer,Controller,Spelunky 2,PC,,62377,126
1513,126,PC,2021-03-18,11:00 AM,30,Lounge,Singleplayer,Controller,Spelunky 2,PC,,62377,126
1514,126,PC,2021-03-21,10:00 AM,15,Lounge,Singleplayer,Controller,Spelunky 2,PC,,62377,126
1515,126,PC,2021-03-21,08:00 PM,15,Lounge,Singleplayer,Controller,Spelunky 2,PC,,62377,126
1516,126,PC,2021-03-24,06:00 PM,30,Lounge,Singleplayer,Controller,Spelunky 2,PC,,62377,126
1517,82,PS4,2021-04-12,06:00 PM,45,Conor and Nats Place,Local Multiplayer,Controller,FIFA 19,PS4,,68608,82
1518,126,PC,2021-04-15,06:00 PM,60,Lounge,Online Multiplayer,Controller,Spelunky 2,PC,,62377,126
1519,126,PC,2021-04-17,10:00 AM,30,Lounge,Singleplayer,Controller,Spelunky 2,PC,,62377,126
1520,126,PC,2021-04-18,10:00 AM,30,Lounge,Singleplayer,Controller,Spelunky 2,PC,,62377,126
1521,126,PC,2021-04-19,06:00 PM,30,Lounge,Singleplayer,Controller,Spelunky 2,PC,,62377,126
1522,126,PC,2021-04-24,09:00 PM,45,Lounge,Singleplayer,Controller,Spelunky 2,PC,,62377,126
1523,126,PC,2021-04-24,03:00 PM,45,Lounge,Online Multiplayer,Controller,Spelunky 2,PC,,62377,126
1524,126,PC,2021-04-25,09:00 AM,45,Lounge,Singleplayer,Controller,Spelunky 2,PC,,62377,126
1525,126,PC,2021-04-25,06:00 PM,45,Lounge,Online Multiplayer,Controller,Spelunky 2,PC,,62377,126
1526,126,PC,2021-05-01,09:00 AM,30,Lounge,Singleplayer,Controller,Spelunky 2,PC,,62377,126
1527,126,PC,2021-05-07,08:00 PM,60,Lounge,Online Multiplayer,Controller,Spelunky 2,PC,,62377,126
1528,126,PC,2021-05-08,02:00 PM,30,Lounge,Online Multiplayer,Controller,Spelunky 2,PC,,62377,126
1529,140,PC,2021-05-08,03:00 PM,90,Lounge,Online Multiplayer,Keyboard & Mouse,Super Animal Royale,PC,,70232,140
1530,126,PC,2021-05-09,05:00 PM,30,Lounge,Online Multiplayer,Controller,Spelunky 2,PC,,62377,126
1531,140,PC,2021-05-09,06:00 PM,90,Lounge,Online Multiplayer,Keyboard & Mouse,Super Animal Royale,PC,,70232,140
1532,126,PC,2021-05-17,08:00 PM,45,Lounge,Singleplayer,Controller,Spelunky 2,PC,,62377,126
1533,126,PC,2021-05-22,09:00 AM,15,Lounge,Singleplayer,Controller,Spelunky 2,PC,,62377,126
1534,141,PC,2021-05-22,06:00 PM,60,Lounge,Singleplayer,Controller,Celeste,PC,,53678,141
1535,141,PC,2021-05-23,07:00 AM,60,Lounge,Singleplayer,Controller,Celeste,PC,,53678,141
1536,141,PC,2021-05-23,01:00 PM,45,Lounge,Singleplayer,Controller,Celeste,PC,,53678,141
1537,126,PC,2021-05-23,07:00 PM,15,Lounge,Singleplayer,Controller,Spelunky 2,PC,,62377,126
1538,141,PC,2021-05-27,04:00 PM,75,Lounge,Singleplayer,Controller,Celeste,PC,,53678,141
1539,141,PC,2021-05-28,04:00 PM,60,Lounge,Singleplayer,Controller,Celeste,PC,,53678,141
1540,39,PC,2021-05-29,09:00 AM,180,Lounge,Online Multiplayer,Controller,Sea of Thieves,PC,,49966,39
1541,141,PC,2021-05-29,02:00 PM,60,Lounge,Singleplayer,Controller,Celeste,PC,,53678,141
1542,126,PC,2021-05-29,05:00 PM,60,Lounge,Online Multiplayer,Controller,Spelunky 2,PC,,62377,126
1543,141,PC,2021-05-30,09:00 AM,45,Lounge,Singleplayer,Controller,Celeste,PC,,53678,141
1544,141,PC,2021-05-30,01:00 PM,45,Lounge,Singleplayer,Controller,Celeste,PC,,53678,141
1545,126,PC,2021-05-30,06:00 PM,60,Lounge,Online Multiplayer,Controller,Spelunky 2,PC,,62377,126
1546,126,PC,2021-05-31,04:00 PM,30,Lounge,Online Multiplayer,Controller,Spelunky 2,PC,,62377,126
1547,141,PC,2021-05-31,05:00 PM,45,Lounge,Singleplayer,Controller,Celeste,PC,,53678,141
1548,126,PC,2021-05-31,07:00 PM,45,Lounge,Online Multiplayer,Controller,Spelunky 2,PC,,62377,126
1549,141,PC,2021-06-01,12:00 PM,30,Lounge,Singleplayer,Controller,Celeste,PC,,53678,141
1550,141,PC,2021-06-01,04:00 PM,60,Lounge,Singleplayer,Controller,Celeste,PC,,53678,141
1551,141,PC,2021-06-01,09:00 PM,60,Lounge,Singleplayer,Controller,Celeste,PC,,53678,141
1552,141,PC,2021-06-02,12:00 PM,45,Lounge,Singleplayer,Controller,Celeste,PC,,53678,141
1553,141,PC,2021-06-02,07:00 PM,45,Lounge,Singleplayer,Controller,Celeste,PC,,53678,141
1554,141,PC,2021-06-03,01:00 PM,30,Lounge,Singleplayer,Controller,Celeste,PC,,53678,141
1555,141,PC,2021-06-03,04:00 PM,15,Lounge,Singleplayer,Controller,Celeste,PC,,53678,141
1556,141,PC,2021-06-03,08:00 PM,45,Lounge,Singleplayer,Controller,Celeste,PC,,53678,141
1557,141,PC,2021-06-04,12:00 PM,30,Lounge,Singleplayer,Controller,Celeste,PC,,53678,141
1558,141,PC,2021-06-04,04:00 PM,45,Lounge,Singleplayer,Controller,Celeste,PC,,53678,141
1559,141,PC,2021-06-04,06:00 PM,15,Lounge,Singleplayer,Controller,Celeste,PC,,53678,141
1560,141,PC,2021-06-05,08:00 AM,30,Lounge,Singleplayer,Controller,Celeste,PC,,53678,141
1561,141,PC,2021-06-05,08:00 PM,45,Lounge,Singleplayer,Controller,Celeste,PC,,53678,141
1562,141,PC,2021-06-06,08:00 AM,45,Lounge,Singleplayer,Controller,Celeste,PC,,53678,141
1563,141,PC,2021-06-06,11:00 AM,45,Lounge,Singleplayer,Controller,Celeste,PC,,53678,141
1564,39,PC,2021-06-06,02:00 PM,180,Lounge,Online Multiplayer,Controller,Sea of Thieves,PC,,49966,39
1565,141,PC,2021-06-06,09:00 PM,45,Lounge,Singleplayer,Controller,Celeste,PC,,53678,141
1566,142,PC,2021-06-07,05:00 PM,120,Lounge,Online Multiplayer,Controller,It Takes Two,PC,,79147,142
1567,142,PC,2021-06-08,06:00 PM,45,Lounge,Online Multiplayer,Controller,It Takes Two,PC,,79147,142
1568,143,Switch,2021-06-08,09:00 PM,30,Bed,Singleplayer,Controller,Super Metroid,Nintendo Switch,,8292,143
1569,141,PC,2021-06-09,04:00 PM,45,Lounge,Singleplayer,Controller,Celeste,PC,,53678,141
1570,142,PC,2021-06-09,06:00 PM,45,Lounge,Online Multiplayer,Controller,It Takes Two,PC,,79147,142
1571,141,PC,2021-06-09,09:00 PM,30,Lounge,Singleplayer,Controller,Celeste,PC,,53678,141
1572,141,PC,2021-06-10,12:00 PM,30,Lounge,Singleplayer,Controller,Celeste,PC,,53678,141
1573,142,PC,2021-06-10,07:00 PM,60,Lounge,Online Multiplayer,Controller,It Takes Two,PC,,79147,142
1574,141,PC,2021-06-10,09:00 PM,15,Lounge,Singleplayer,Controller,Celeste,PC,,53678,141
1575,142,PC,2021-06-12,03:00 PM,45,Lounge,Online Multiplayer,Controller,It Takes Two,PC,,79147,142
1576,144,PC,2021-06-12,04:00 PM,75,Lounge,Singleplayer,Controller,Slime Rancher,PC,,52163,144
1577,144,PC,2021-06-13,06:00 AM,60,Lounge,Singleplayer,Controller,Slime Rancher,PC,,52163,144
1578,144,PC,2021-06-14,09:00 AM,45,Lounge,Singleplayer,Controller,Slime Rancher,PC,,52163,144
1579,144,PC,2021-06-14,04:00 PM,60,Lounge,Singleplayer,Controller,Slime Rancher,PC,,52163,144
1580,142,PC,2021-06-14,05:00 PM,45,Lounge,Online Multiplayer,Controller,It Takes Two,PC,,79147,142
1581,144,PC,2021-06-15,07:00 PM,60,Lounge,Singleplayer,Controller,Slime Rancher,PC,,52163,144
1582,145,PC,2021-06-16,08:00 PM,60,Lounge,Singleplayer,Controller,Haven,PC,,72225,145
1583,142,PC,2021-06-17,06:00 PM,45,Lounge,Online Multiplayer,Controller,It Takes Two,PC,,79147,142
1584,145,PC,2021-06-17,08:00 PM,60,Lounge,Singleplayer,Controller,Haven,PC,,72225,145
1585,142,PC,2021-06-24,06:00 PM,60,Lounge,Online Multiplayer,Controller,It Takes Two,PC,,79147,142
1586,142,PC,2021-06-26,01:00 PM,75,Lounge,Online Multiplayer,Controller,It Takes Two,PC,,79147,142
1587,142,PC,2021-06-27,04:00 PM,45,Lounge,Online Multiplayer,Controller,It Takes Two,PC,,79147,142
1588,29,Xbox,2021-07-10,09:00 PM,90,Simone & Kyles,Local Multiplayer,Controller,Overcooked,Xbox,,53284,29
1589,126,PC,2021-07-11,01:00 PM,60,Lounge,Online Multiplayer,Controller,Spelunky 2,PC,,62377,126
1590,146,PC,2021-07-16,07:00 PM,45,Lounge,Singleplayer,Controller,Griftlands,PC,,59913,146
1591,146,PC,2021-07-17,11:00 AM,45,Lounge,Singleplayer,Controller,Griftlands,PC,,59913,146
1592,146,PC,2021-07-17,05:00 PM,45,Lounge,Singleplayer,Controller,Griftlands,PC,,59913,146
1593,106,PC,2021-07-17,10:00 PM,75,Lounge,Online Multiplayer,Controller,Rocket League,PC,,34407,106
1594,146,PC,2021-07-18,10:00 AM,75,Lounge,Singleplayer,Controller,Griftlands,PC,,59913,146
1595,146,PC,2021-07-18,05:00 PM,60,Lounge,Singleplayer,Controller,Griftlands,PC,,59913,146
1596,146,PC,2021-07-19,06:00 PM,30,Lounge,Singleplayer,Controller,Griftlands,PC,,59913,146
1597,146,PC,2021-07-21,07:00 PM,60,Lounge,Singleplayer,Controller,Griftlands,PC,,59913,146
1598,126,PC,2021-07-22,06:00 PM,60,Lounge,Online Multiplayer,Controller,Spelunky 2,PC,,62377,126
1599,146,PC,2021-07-23,08:00 PM,60,Lounge,Singleplayer,Controller,Griftlands,PC,,59913,146
1600,146,PC,2021-07-24,09:00 AM,45,Lounge,Singleplayer,Controller,Griftlands,PC,,59913,146
1601,106,PC,2021-07-24,07:00 PM,75,Lounge,Online Multiplayer,Controller,Rocket League,PC,,34407,106
1602,106,PC,2021-07-25,01:00 PM,90,Lounge,Online Multiplayer,Controller,Rocket League,PC,,34407,106
1603,147,Oculus,2021-07-31,02:00 PM,45,Lounge,Singleplayer,Oculus Touch,Ragnarock,Oculus Rift,,83460,147
1604,44,Oculus,2021-07-31,02:00 PM,15,Lounge,Singleplayer,Oculus Touch,Beat Saber,Oculus Rift,,65652,44
1605,106,PC,2021-08-07,04:00 PM,90,Lounge,Online Multiplayer,Controller,Rocket League,PC,,34407,106
1606,148,PC,2021-08-08,08:00 AM,30,Lounge,Singleplayer,Controller,Descenders,PC,,61964,148
1607,39,PC,2021-08-08,01:00 PM,120,Lounge,Online Multiplayer,Controller,Sea of Thieves,PC,,49966,39
1608,106,PC,2021-08-08,04:00 PM,90,Lounge,Online Multiplayer,Controller,Rocket League,PC,,34407,106
1609,149,Switch,2021-08-13,07:00 PM,45,Lounge,Singleplayer,Controller,Trigger Witch,PS4,,82548,149
1610,126,PC,2021-08-13,08:00 PM,75,Lounge,Online Multiplayer,Controller,Spelunky 2,PC,,62377,126
1611,149,Switch,2021-08-14,07:00 AM,30,Lounge,Singleplayer,Controller,Trigger Witch,PS4,,82548,149
1612,149,Switch,2021-08-14,12:00 PM,30,Lounge,Singleplayer,Controller,Trigger Witch,PS4,,82548,149
1613,149,Switch,2021-08-14,04:00 PM,75,Lounge,Singleplayer,Controller,Trigger Witch,PS4,,82548,149
1614,126,PC,2021-08-14,08:00 PM,75,Lounge,Singleplayer,Controller,Spelunky 2,PC,,62377,126
1615,149,Switch,2021-08-15,10:00 AM,45,Lounge,Singleplayer,Controller,Trigger Witch,PS4,,82548,149
1616,39,PC,2021-08-15,01:00 PM,165,Lounge,Online Multiplayer,Controller,Sea of Thieves,PC,,49966,39
1617,106,PC,2021-08-15,04:00 PM,60,Lounge,Online Multiplayer,Controller,Rocket League,PC,,34407,106
1618,149,Switch,2021-08-16,07:00 AM,30,Lounge,Singleplayer,Controller,Trigger Witch,PS4,,82548,149
1619,149,Switch,2021-08-16,12:00 PM,30,Lounge,Singleplayer,Controller,Trigger Witch,PS4,,82548,149
1620,149,Switch,2021-08-16,08:00 PM,60,Lounge,Singleplayer,Controller,Trigger Witch,PS4,,82548,149
1621,106,PC,2021-08-17,06:00 PM,45,Lounge,Online Multiplayer,Controller,Rocket League,PC,,34407,106
1622,106,PC,2021-08-18,08:00 PM,75,Lounge,Online Multiplayer,Controller,Rocket League,PC,,34407,106
1623,73,Switch,2021-08-19,06:00 PM,30,Lounge,Singleplayer,Controller,Spyro: Reignited Trilogy,Nintendo Switch,,67871,73
1624,106,PC,2021-08-20,08:00 PM,150,Lounge,Online Multiplayer,Controller,Rocket League,PC,,34407,106
1625,73,Switch,2021-08-21,09:00 AM,30,Lounge,Singleplayer,Controller,Spyro: Reignited Trilogy,Nintendo Switch,,67871,73
1626,86,PC,2021-08-21,01:00 PM,30,Lounge,Singleplayer,Controller,Tetris Effect,PC,,68836,86
1627,73,Switch,2021-08-21,06:00 PM,45,Lounge,Singleplayer,Controller,Spyro: Reignited Trilogy,Nintendo Switch,,67871,73
1628,73,Switch,2021-08-22,07:00 AM,60,Lounge,Singleplayer,Controller,Spyro: Reignited Trilogy,Nintendo Switch,,67871,73
1629,106,PC,2021-08-22,02:00 PM,75,Lounge,Online Multiplayer,Controller,Rocket League,PC,,34407,106
1630,150,PC,2021-08-22,05:00 PM,30,Lounge,Singleplayer,Controller,Risk of Rain 2,PC,,69787,150
1631,150,PC,2021-08-22,06:00 PM,90,Lounge,Online Multiplayer,Controller,Risk of Rain 2,PC,,69787,150
1632,150,PC,2021-08-23,12:00 PM,30,Lounge,Singleplayer,Controller,Risk of Rain 2,PC,,69787,150
1633,150,PC,2021-08-23,05:00 PM,120,Lounge,Online Multiplayer,Controller,Risk of Rain 2,PC,,69787,150
1634,150,PC,2021-08-24,12:00 PM,45,Lounge,Singleplayer,Controller,Risk of Rain 2,PC,,69787,150
1635,150,PC,2021-08-24,06:00 PM,30,Lounge,Singleplayer,Controller,Risk of Rain 2,PC,,69787,150
1636,106,PC,2021-08-24,07:00 PM,30,Lounge,Online Multiplayer,Controller,Rocket League,PC,,34407,106
1637,150,PC,2021-08-25,12:00 PM,30,Lounge,Singleplayer,Controller,Risk of Rain 2,PC,,69787,150
1638,126,PC,2021-08-25,04:00 PM,15,Lounge,Singleplayer,Controller,Spelunky 2,PC,,62377,126
1639,150,PC,2021-08-25,05:00 PM,120,Lounge,Online Multiplayer,Controller,Risk of Rain 2,PC,,69787,150
1640,151,PC,2021-08-27,09:00 AM,90,Lounge,Singleplayer,Controller,Psychonauts 2,PC,,52263,151
1641,126,PC,2021-08-27,05:00 PM,15,Lounge,Online Multiplayer,Controller,Spelunky 2,PC,,62377,126
1642,150,PC,2021-08-27,06:00 PM,90,Lounge,Online Multiplayer,Controller,Risk of Rain 2,PC,,69787,150
1643,106,PC,2021-08-27,08:00 PM,120,Lounge,Online Multiplayer,Controller,Rocket League,PC,,34407,106
1644,150,PC,2021-08-28,10:00 AM,60,Lounge,Singleplayer,Controller,Risk of Rain 2,PC,,69787,150
1645,150,PC,2021-08-28,03:00 PM,75,Lounge,Online Multiplayer,Controller,Risk of Rain 2,PC,,69787,150
1646,151,PC,2021-08-28,04:00 PM,45,Lounge,Singleplayer,Controller,Psychonauts 2,PC,,52263,151
1647,106,PC,2021-08-28,05:00 PM,75,Lounge,Online Multiplayer,Controller,Rocket League,PC,,34407,106
1648,150,PC,2021-08-29,09:00 PM,60,Lounge,Singleplayer,Controller,Risk of Rain 2,PC,,69787,150
1649,151,PC,2021-08-29,08:00 AM,45,Lounge,Singleplayer,Controller,Psychonauts 2,PC,,52263,151
1650,150,PC,2021-08-29,09:00 AM,60,Lounge,Singleplayer,Controller,Risk of Rain 2,PC,,69787,150
1651,39,PC,2021-08-29,02:00 PM,120,Lounge,Online Multiplayer,Controller,Sea of Thieves,PC,,49966,39
1652,126,PC,2021-08-29,06:00 PM,75,Lounge,Singleplayer,Controller,Spelunky 2,PC,,62377,126
1653,151,PC,2021-08-30,08:00 PM,45,Lounge,Singleplayer,Controller,Psychonauts 2,PC,,52263,151
1654,106,PC,2021-08-30,09:00 PM,75,Lounge,Online Multiplayer,Controller,Rocket League,PC,,34407,106
1655,150,PC,2021-08-31,05:00 PM,60,Lounge,Singleplayer,Controller,Risk of Rain 2,PC,,69787,150
1656,151,PC,2021-08-31,08:00 PM,60,Lounge,Singleplayer,Controller,Psychonauts 2,PC,,52263,151
1657,126,PC,2021-09-01,05:00 PM,15,Lounge,Singleplayer,Controller,Spelunky 2,PC,,62377,126
1658,150,PC,2021-09-01,05:00 PM,60,Lounge,Online Multiplayer,Controller,Risk of Rain 2,PC,,69787,150
1659,151,PC,2021-09-01,08:00 PM,45,Lounge,Singleplayer,Controller,Psychonauts 2,PC,,52263,151
1660,150,PC,2021-09-02,12:00 PM,60,Lounge,Singleplayer,Controller,Risk of Rain 2,PC,,69787,150
1661,151,PC,2021-09-02,08:00 PM,60,Lounge,Singleplayer,Controller,Psychonauts 2,PC,,52263,151
1662,126,PC,2021-09-03,05:00 PM,30,Lounge,Online Multiplayer,Controller,Spelunky 2,PC,,62377,126
1663,126,PC,2021-09-03,06:00 PM,60,Lounge,Online Multiplayer,Controller,Spelunky 2,PC,,62377,126
1664,106,PC,2021-09-03,08:00 PM,120,Lounge,Online Multiplayer,Controller,Rocket League,PC,,34407,106
1665,150,PC,2021-09-04,09:00 AM,60,Lounge,Singleplayer,Controller,Risk of Rain 2,PC,,69787,150
1666,151,PC,2021-09-04,02:00 PM,60,Lounge,Singleplayer,Controller,Psychonauts 2,PC,,52263,151
1667,150,PC,2021-09-04,05:00 PM,45,Lounge,Online Multiplayer,Controller,Risk of Rain 2,PC,,69787,150
1668,126,PC,2021-09-04,06:00 PM,30,Lounge,Online Multiplayer,Controller,Spelunky 2,PC,,62377,126
1669,150,PC,2021-09-05,10:00 AM,60,Lounge,Online Multiplayer,Controller,Risk of Rain 2,PC,,69787,150
1670,151,PC,2021-09-05,03:00 PM,45,Lounge,Singleplayer,Controller,Psychonauts 2,PC,,52263,151
1671,150,PC,2021-09-05,05:00 PM,90,Lounge,Online Multiplayer,Controller,Risk of Rain 2,PC,,69787,150
1672,150,PC,2021-09-07,05:00 PM,60,Lounge,Online Multiplayer,Controller,Risk of Rain 2,PC,,69787,150
1673,150,PC,2021-09-08,05:00 PM,75,Lounge,Singleplayer,Controller,Risk of Rain 2,PC,,69787,150
1674,151,PC,2021-09-08,08:00 PM,60,Lounge,Singleplayer,Controller,Psychonauts 2,PC,,52263,151
1675,151,PC,2021-09-09,08:00 PM,45,Lounge,Singleplayer,Controller,Psychonauts 2,PC,,52263,151
1676,106,PC,2021-09-10,04:00 PM,120,Lounge,Online Multiplayer,Controller,Rocket League,PC,,34407,106
1677,150,PC,2021-09-10,07:00 PM,120,Lounge,Online Multiplayer,Controller,Risk of Rain 2,PC,,69787,150
1678,39,PC,2021-09-11,01:00 PM,120,Lounge,Online Multiplayer,Controller,Sea of Thieves,PC,,49966,39
1679,150,PC,2021-09-11,06:00 PM,90,Lounge,Online Multiplayer,Controller,Risk of Rain 2,PC,,69787,150
1680,151,PC,2021-09-12,10:00 AM,45,Lounge,Singleplayer,Controller,Psychonauts 2,PC,,52263,151
1681,55,Oculus,2021-09-12,01:00 PM,60,Lounge,Singleplayer,Controller,No Mans Sky,PC,,44656,55
1682,150,PC,2021-09-12,04:00 PM,60,Lounge,Singleplayer,Controller,Risk of Rain 2,PC,,69787,150
1683,150,PC,2021-09-12,05:00 PM,60,Lounge,Online Multiplayer,Controller,Risk of Rain 2,PC,,69787,150
1684,126,PC,2021-09-12,06:00 PM,30,Lounge,Online Multiplayer,Controller,Spelunky 2,PC,,62377,126
1685,150,PC,2021-09-14,05:00 PM,60,Lounge,Singleplayer,Controller,Risk of Rain 2,PC,,69787,150
1686,151,PC,2021-09-14,08:00 PM,45,Lounge,Singleplayer,Controller,Psychonauts 2,PC,,52263,151
1687,150,PC,2021-09-15,05:00 PM,90,Lounge,Online Multiplayer,Controller,Risk of Rain 2,PC,,69787,150
1688,150,PC,2021-09-16,05:00 PM,90,Lounge,Online Multiplayer,Controller,Risk of Rain 2,PC,,69787,150
1689,150,PC,2021-09-17,04:00 PM,75,Lounge,Online Multiplayer,Controller,Risk of Rain 2,PC,,69787,150
1690,151,PC,2021-09-18,07:00 AM,60,Lounge,Singleplayer,Controller,Psychonauts 2,PC,,52263,151
1691,39,PC,2021-09-18,02:00 PM,180,Lounge,Online Multiplayer,Controller,Sea of Thieves,PC,,49966,39
1692,150,PC,2021-09-18,06:00 PM,120,Lounge,Online Multiplayer,Controller,Risk of Rain 2,PC,,69787,150
1693,151,PC,2021-09-19,07:00 AM,60,Lounge,Singleplayer,Controller,Psychonauts 2,PC,,52263,151
1694,150,PC,2021-09-19,09:00 AM,60,Lounge,Singleplayer,Controller,Risk of Rain 2,PC,,69787,150
1695,150,PC,2021-09-19,07:00 PM,90,Lounge,Online Multiplayer,Controller,Risk of Rain 2,PC,,69787,150
1696,150,PC,2021-09-20,06:00 PM,90,Lounge,Online Multiplayer,Controller,Risk of Rain 2,PC,,69787,150
1697,150,PC,2021-09-21,06:00 PM,90,Lounge,Online Multiplayer,Controller,Risk of Rain 2,PC,,69787,150
1698,150,PC,2021-09-23,06:00 PM,120,Lounge,Online Multiplayer,Controller,Risk of Rain 2,PC,,69787,150
1699,151,PC,2021-09-24,08:00 AM,60,Lounge,Singleplayer,Controller,Psychonauts 2,PC,,52263,151
1700,150,PC,2021-09-24,09:00 AM,105,Lounge,Singleplayer,Controller,Risk of Rain 2,PC,,69787,150
1701,106,PC,2021-09-24,01:00 PM,120,Lounge,Online Multiplayer,Controller,Rocket League,PC,,34407,106
1702,150,PC,2021-09-24,08:00 AM,120,Lounge,Online Multiplayer,Controller,Risk of Rain 2,PC,,69787,150
1703,151,PC,2021-09-25,08:00 AM,60,Lounge,Singleplayer,Controller,Psychonauts 2,PC,,52263,151
1704,150,PC,2021-09-25,11:00 AM,75,Lounge,Singleplayer,Controller,Risk of Rain 2,PC,,69787,150
1705,106,PC,2021-09-25,12:00 PM,60,Lounge,Online Multiplayer,Controller,Rocket League,PC,,34407,106
1706,150,PC,2021-09-25,07:00 PM,90,Lounge,Online Multiplayer,Controller,Risk of Rain 2,PC,,69787,150
1707,150,PC,2021-09-26,11:00 AM,60,Lounge,Singleplayer,Controller,Risk of Rain 2,PC,,69787,150
1708,106,PC,2021-09-26,05:00 PM,90,Lounge,Online Multiplayer,Controller,Rocket League,PC,,34407,106
1709,150,PC,2021-09-28,06:00 PM,90,Lounge,Online Multiplayer,Controller,Risk of Rain 2,PC,,69787,150
1710,150,PC,2021-09-29,05:00 PM,75,Lounge,Online Multiplayer,Controller,Risk of Rain 2,PC,,69787,150
1711,152,PC,2021-09-30,08:00 PM,60,Lounge,Singleplayer,Controller,Sable,PC,,68926,152
1712,150,PC,2021-10-01,05:00 PM,150,Lounge,Online Multiplayer,Controller,Risk of Rain 2,PC,,69787,150
1713,150,PC,2021-10-02,08:00 AM,90,Lounge,Singleplayer,Controller,Risk of Rain 2,PC,,69787,150
1714,150,PC,2021-10-02,01:00 PM,90,Lounge,Online Multiplayer,Controller,Risk of Rain 2,PC,,69787,150
1715,150,PC,2021-10-03,08:00 AM,75,Lounge,Singleplayer,Controller,Risk of Rain 2,PC,,69787,150
1716,150,PC,2021-10-03,03:00 PM,45,Lounge,Singleplayer,Controller,Risk of Rain 2,PC,,69787,150
1717,150,PC,2021-10-03,06:00 PM,75,Lounge,Online Multiplayer,Controller,Risk of Rain 2,PC,,69787,150
1718,150,PC,2021-10-05,05:00 PM,30,Lounge,Singleplayer,Controller,Risk of Rain 2,PC,,69787,150
1719,150,PC,2021-10-05,07:00 PM,120,Lounge,Online Multiplayer,Controller,Risk of Rain 2,PC,,69787,150
1720,150,PC,2021-10-07,06:00 PM,60,Lounge,Online Multiplayer,Controller,Risk of Rain 2,PC,,69787,150
1721,150,PC,2021-10-07,09:00 PM,60,Lounge,Singleplayer,Controller,Risk of Rain 2,PC,,69787,150
1722,150,PC,2021-10-08,12:00 PM,30,Lounge,Singleplayer,Controller,Risk of Rain 2,PC,,69787,150
1723,150,PC,2021-10-08,05:00 PM,75,Lounge,Singleplayer,Controller,Risk of Rain 2,PC,,69787,150
1724,150,PC,2021-10-09,07:00 AM,180,Lounge,Singleplayer,Controller,Risk of Rain 2,PC,,69787,150
1725,150,PC,2021-10-10,01:00 PM,45,Lounge,Singleplayer,Controller,Risk of Rain 2,PC,,69787,150
1726,150,PC,2021-10-10,04:00 PM,45,Lounge,Singleplayer,Controller,Risk of Rain 2,PC,,69787,150
1727,150,PC,2021-10-10,08:00 PM,60,Lounge,Singleplayer,Controller,Risk of Rain 2,PC,,69787,150
1728,150,PC,2021-10-11,05:00 PM,45,Lounge,Singleplayer,Controller,Risk of Rain 2,PC,,69787,150
1729,150,PC,2021-10-11,07:00 PM,45,Lounge,Online Multiplayer,Controller,Risk of Rain 2,PC,,69787,150
1730,150,PC,2021-10-12,05:00 PM,45,Lounge,Singleplayer,Controller,Risk of Rain 2,PC,,69787,150
1731,150,PC,2021-10-12,08:00 PM,75,Lounge,Singleplayer,Controller,Risk of Rain 2,PC,,69787,150
1732,150,PC,2021-10-13,05:00 PM,90,Lounge,Online Multiplayer,Controller,Risk of Rain 2,PC,,69787,150
1733,150,PC,2021-10-14,06:00 PM,30,Lounge,Singleplayer,Controller,Risk of Rain 2,PC,,69787,150
1734,150,PC,2021-10-15,05:00 PM,90,Lounge,Singleplayer,Controller,Risk of Rain 2,PC,,69787,150
1735,150,PC,2021-10-16,07:00 AM,60,Lounge,Singleplayer,Controller,Risk of Rain 2,PC,,69787,150
1736,153,PC,2021-10-16,10:00 AM,60,Lounge,Online Multiplayer,Controller,Risk of Rain,PC,,42529,153
1737,150,PC,2021-10-16,01:00 PM,60,Lounge,Online Multiplayer,Controller,Risk of Rain 2,PC,,69787,150
1738,154,PC,2021-10-18,08:00 AM,30,Lounge,Singleplayer,Keyboard & Mouse,Noita,PC,,68227,154
1739,150,PC,2021-10-19,04:00 PM,30,Lounge,Singleplayer,Controller,Risk of Rain 2,PC,,69787,150
1740,150,PC,2021-10-19,05:00 PM,75,Lounge,Online Multiplayer,Controller,Risk of Rain 2,PC,,69787,150
1741,150,PC,2021-10-20,06:00 PM,90,Lounge,Online Multiplayer,Controller,Risk of Rain 2,PC,,69787,150
1742,150,PC,2021-10-21,07:00 PM,45,Lounge,Singleplayer,Controller,Risk of Rain 2,PC,,69787,150
1743,150,PC,2021-10-23,07:00 AM,75,Lounge,Singleplayer,Controller,Risk of Rain 2,PC,,69787,150
1744,150,PC,2021-10-23,10:00 AM,60,Lounge,Singleplayer,Controller,Risk of Rain 2,PC,,69787,150
1745,150,PC,2021-10-23,05:00 PM,90,Lounge,Online Multiplayer,Controller,Risk of Rain 2,PC,,69787,150
1746,150,PC,2021-10-24,08:00 AM,75,Lounge,Singleplayer,Controller,Risk of Rain 2,PC,,69787,150
1747,150,PC,2021-10-25,06:00 PM,75,Lounge,Online Multiplayer,Controller,Risk of Rain 2,PC,,69787,150
1748,150,PC,2021-10-26,06:00 PM,60,Lounge,Singleplayer,Controller,Risk of Rain 2,PC,,69787,150
1749,150,PC,2021-10-28,05:00 PM,60,Lounge,Online Multiplayer,Controller,Risk of Rain 2,PC,,69787,150
1750,150,PC,2021-10-29,04:00 PM,75,Lounge,Singleplayer,Controller,Risk of Rain 2,PC,,69787,150
1751,150,PC,2021-10-31,06:00 PM,90,Lounge,Online Multiplayer,Controller,Risk of Rain 2,PC,,69787,150
1752,150,PC,2021-11-01,05:00 PM,120,Lounge,Online Multiplayer,Controller,Risk of Rain 2,PC,,69787,150
1753,150,PC,2021-11-02,07:00 AM,60,Lounge,Singleplayer,Controller,Risk of Rain 2,PC,,69787,150
1754,82,PS4,2021-11-05,06:00 PM,45,Lounge,Online Multiplayer,Controller,FIFA 19,PS4,,68608,82
1755,150,PC,2021-11-06,07:00 AM,120,Lounge,Singleplayer,Controller,Risk of Rain 2,PC,,69787,150
1756,150,PC,2021-11-07,01:00 PM,60,Lounge,Online Multiplayer,Controller,Risk of Rain 2,PC,,69787,150
1757,150,PC,2021-11-07,06:00 PM,120,Lounge,Online Multiplayer,Controller,Risk of Rain 2,PC,,69787,150
1758,150,PC,2021-11-08,06:00 PM,60,Lounge,Singleplayer,Controller,Risk of Rain 2,PC,,69787,150
1759,155,PC,2021-11-09,06:00 PM,60,Lounge,Singleplayer,Controller,Forza Horizon 5,PC,,82985,155
1760,155,PC,2021-11-09,08:00 PM,45,Lounge,Singleplayer,Controller,Forza Horizon 5,PC,,82985,155
1761,155,PC,2021-11-10,04:00 PM,45,Lounge,Singleplayer,Controller,Forza Horizon 5,PC,,82985,155
1762,155,PC,2021-11-11,04:00 PM,30,Lounge,Singleplayer,Controller,Forza Horizon 5,PC,,82985,155
1763,155,PC,2021-11-12,08:00 PM,60,Lounge,Singleplayer,Controller,Forza Horizon 5,PC,,82985,155
1764,155,PC,2021-11-13,09:00 AM,60,Lounge,Singleplayer,Controller,Forza Horizon 5,PC,,82985,155
1765,155,PC,2021-11-13,08:00 PM,30,Lounge,Singleplayer,Controller,Forza Horizon 5,PC,,82985,155
1766,155,PC,2021-11-14,10:00 AM,60,Lounge,Singleplayer,Controller,Forza Horizon 5,PC,,82985,155
1767,155,PC,2021-11-15,06:00 PM,135,Lounge,Online Multiplayer,Controller,Forza Horizon 5,PC,,82985,155
1768,155,PC,2021-11-16,05:00 PM,90,Lounge,Singleplayer,Controller,Forza Horizon 5,PC,,82985,155
1769,155,PC,2021-11-16,06:00 PM,60,Lounge,Online Multiplayer,Controller,Forza Horizon 5,PC,,82985,155
1770,155,PC,2021-11-18,04:00 PM,60,Lounge,Singleplayer,Controller,Forza Horizon 5,PC,,82985,155
1771,150,PC,2021-11-19,06:00 PM,60,Lounge,Online Multiplayer,Controller,Risk of Rain 2,PC,,69787,150
1772,155,PC,2021-11-19,07:00 PM,90,Lounge,Online Multiplayer,Controller,Forza Horizon 5,PC,,82985,155
1773,155,PC,2021-11-20,07:00 AM,45,Lounge,Singleplayer,Controller,Forza Horizon 5,PC,,82985,155
1774,150,PC,2021-11-21,07:00 PM,120,Lounge,Online Multiplayer,Controller,Risk of Rain 2,PC,,69787,150
1775,155,PC,2021-11-22,05:00 PM,30,Lounge,Singleplayer,Controller,Forza Horizon 5,PC,,82985,155
1776,156,PC,2021-11-22,06:00 PM,120,Lounge,Online Multiplayer,Keyboard & Mouse,Halo Infinite,PC,,68906,156
1777,155,PC,2021-11-23,05:00 PM,75,Lounge,Singleplayer,Controller,Forza Horizon 5,PC,,82985,155
1778,156,PC,2021-11-23,06:00 PM,120,Lounge,Online Multiplayer,Keyboard & Mouse,Halo Infinite,PC,,68906,156
1779,155,PC,2021-11-24,05:00 PM,45,Lounge,Singleplayer,Controller,Forza Horizon 5,PC,,82985,155
1780,150,PC,2021-11-24,06:00 PM,45,Lounge,Online Multiplayer,Controller,Risk of Rain 2,PC,,69787,150
1781,156,PC,2021-11-24,07:00 PM,60,Lounge,Online Multiplayer,Keyboard & Mouse,Halo Infinite,PC,,68906,156
1782,150,PC,2021-11-25,06:00 PM,45,Lounge,Online Multiplayer,Controller,Risk of Rain 2,PC,,69787,150
1783,156,PC,2021-11-25,07:00 PM,90,Lounge,Online Multiplayer,Keyboard & Mouse,Halo Infinite,PC,,68906,156
1784,155,PC,2021-11-26,05:00 PM,60,Lounge,Singleplayer,Controller,Forza Horizon 5,PC,,82985,155
1785,156,PC,2021-11-26,07:00 PM,120,Lounge,Online Multiplayer,Keyboard & Mouse,Halo Infinite,PC,,68906,156
1786,155,PC,2021-11-27,08:00 AM,75,Lounge,Singleplayer,Controller,Forza Horizon 5,PC,,82985,155
1787,150,PC,2021-11-28,08:00 AM,60,Lounge,Singleplayer,Controller,Risk of Rain 2,PC,,69787,150
1788,155,PC,2021-11-29,05:00 PM,45,Lounge,Singleplayer,Controller,Forza Horizon 5,PC,,82985,155
1789,150,PC,2021-11-29,06:00 PM,60,Lounge,Online Multiplayer,Controller,Risk of Rain 2,PC,,69787,150
1790,150,PC,2021-12-01,05:00 PM,60,Lounge,Online Multiplayer,Controller,Risk of Rain 2,PC,,69787,150
1791,150,PC,2021-12-03,05:00 PM,90,Lounge,Online Multiplayer,Controller,Risk of Rain 2,PC,,69787,150
1792,155,PC,2021-12-04,01:00 PM,60,Lounge,Singleplayer,Controller,Forza Horizon 5,PC,,82985,155
1793,150,PC,2021-12-04,04:00 PM,45,Lounge,Singleplayer,Controller,Risk of Rain 2,PC,,69787,150
1794,150,PC,2021-12-05,07:00 AM,45,Lounge,Singleplayer,Controller,Risk of Rain 2,PC,,69787,150
1795,150,PC,2021-12-05,10:00 AM,45,Lounge,Singleplayer,Controller,Risk of Rain 2,PC,,69787,150
1796,155,PC,2021-12-05,01:00 PM,60,Lounge,Singleplayer,Controller,Forza Horizon 5,PC,,82985,155
1797,150,PC,2021-12-06,05:00 PM,60,Lounge,Online Multiplayer,Controller,Risk of Rain 2,PC,,69787,150
1798,150,PC,2021-12-06,07:00 PM,90,Lounge,Online Multiplayer,Controller,Risk of Rain 2,PC,,69787,150
1799,150,PC,2021-12-07,05:00 PM,45,Lounge,Online Multiplayer,Controller,Risk of Rain 2,PC,,69787,150
1800,150,PC,2021-12-07,07:00 PM,120,Lounge,Online Multiplayer,Controller,Risk of Rain 2,PC,,69787,150
1801,150,PC,2021-12-08,05:00 PM,45,Lounge,Singleplayer,Controller,Risk of Rain 2,PC,,69787,150
1802,156,PC,2021-12-08,06:00 PM,75,Lounge,Online Multiplayer,Keyboard & Mouse,Halo Infinite,PC,,68906,156
1803,150,PC,2021-12-11,07:00 AM,30,Lounge,Singleplayer,Controller,Risk of Rain 2,PC,,69787,150
1804,150,PC,2021-12-11,10:00 AM,60,Lounge,Singleplayer,Controller,Risk of Rain 2,PC,,69787,150
1805,126,PC,2021-12-11,06:00 PM,30,Lounge,Online Multiplayer,Controller,Spelunky 2,PC,,62377,126
1806,150,PC,2021-12-11,07:00 PM,120,Lounge,Online Multiplayer,Controller,Risk of Rain 2,PC,,69787,150
1807,150,PC,2021-12-12,10:00 AM,15,Lounge,Online Multiplayer,Controller,Risk of Rain 2,PC,,69787,150
1808,126,PC,2021-12-16,05:00 PM,30,Lounge,Singleplayer,Controller,Spelunky 2,PC,,62377,126
1809,150,PC,2021-12-16,06:00 PM,75,Lounge,Online Multiplayer,Controller,Risk of Rain 2,PC,,69787,150
1810,150,PC,2021-12-21,06:00 PM,90,Lounge,Online Multiplayer,Controller,Risk of Rain 2,PC,,69787,150
1811,150,PC,2021-12-22,05:00 PM,30,Lounge,Online Multiplayer,Controller,Risk of Rain 2,PC,,69787,150
1812,78,PC,2021-12-22,06:00 PM,90,Lounge,Online Multiplayer,Keyboard & Mouse,Minecraft,PC,,30475,78
1813,150,PC,2021-12-23,05:00 PM,60,Lounge,Singleplayer,Controller,Risk of Rain 2,PC,,69787,150
1814,78,PC,2021-12-23,06:00 PM,90,Lounge,Online Multiplayer,Keyboard & Mouse,Minecraft,PC,,30475,78
1815,150,PC,2021-12-26,08:00 AM,105,Lounge,Singleplayer,Controller,Risk of Rain 2,PC,,69787,150
1816,78,PC,2021-12-26,12:00 PM,120,Lounge,Online Multiplayer,Keyboard & Mouse,Minecraft,PC,,30475,78
1817,78,PC,2021-12-26,05:00 PM,60,Lounge,Online Multiplayer,Keyboard & Mouse,Minecraft,PC,,30475,78
1818,78,PC,2021-12-26,07:00 PM,120,Lounge,Online Multiplayer,Keyboard & Mouse,Minecraft,PC,,30475,78
1819,78,PC,2021-12-27,08:00 AM,120,Lounge,Online Multiplayer,Keyboard & Mouse,Minecraft,PC,,30475,78
1820,78,PC,2021-12-27,02:00 PM,90,Lounge,Online Multiplayer,Keyboard & Mouse,Minecraft,PC,,30475,78
1821,106,PC,2021-12-27,04:00 PM,90,Lounge,Online Multiplayer,Controller,Rocket League,PC,,34407,106
1822,78,PC,2021-12-27,06:00 PM,150,Lounge,Online Multiplayer,Keyboard & Mouse,Minecraft,PC,,30475,78
1823,78,PC,2021-12-28,09:00 AM,120,Lounge,Singleplayer,Keyboard & Mouse,Minecraft,PC,,30475,78
1824,78,PC,2021-12-28,02:00 PM,90,Lounge,Singleplayer,Keyboard & Mouse,Minecraft,PC,,30475,78
1825,78,PC,2021-12-28,06:00 PM,75,Lounge,Singleplayer,Keyboard & Mouse,Minecraft,PC,,30475,78
1826,78,PC,2021-12-29,07:00 AM,30,Lounge,Singleplayer,Keyboard & Mouse,Minecraft,PC,,30475,78
1827,78,PC,2021-12-29,04:00 PM,60,Lounge,Online Multiplayer,Keyboard & Mouse,Minecraft,PC,,30475,78
1828,78,PC,2021-12-29,08:00 PM,60,Lounge,Online Multiplayer,Keyboard & Mouse,Minecraft,PC,,30475,78
1829,78,PC,2021-12-30,09:00 AM,90,Lounge,Online Multiplayer,Keyboard & Mouse,Minecraft,PC,,30475,78
1830,78,PC,2021-12-30,04:00 PM,180,Lounge,Online Multiplayer,Keyboard & Mouse,Minecraft,PC,,30475,78
1831,78,PC,2021-12-30,08:00 PM,30,Lounge,Singleplayer,Keyboard & Mouse,Minecraft,PC,,30475,78
1832,78,PC,2021-12-31,07:00 AM,30,Lounge,Singleplayer,Keyboard & Mouse,Minecraft,PC,,30475,78
1833,78,PC,2021-12-31,10:00 AM,30,Lounge,Singleplayer,Keyboard & Mouse,Minecraft,PC,,30475,78
1834,156,PC,2021-12-31,12:00 PM,60,Lounge,Online Multiplayer,Keyboard & Mouse,Halo Infinite,PC,,68906,156
1835,78,PC,2021-12-31,03:00 PM,30,Lounge,Singleplayer,Keyboard & Mouse,Minecraft,PC,,30475,78
1836,156,PC,2022-01-01,11:00 AM,45,Lounge,Singleplayer,Keyboard & Mouse,Halo Infinite,PC,,68906,156
1837,156,PC,2022-01-02,10:00 AM,45,Lounge,Singleplayer,Keyboard & Mouse,Halo Infinite,PC,,68906,156
1838,157,PC,2022-01-02,07:00 PM,30,Lounge,Online Multiplayer,Controller,Samurai Gunn 2,PC,,70513,157
1839,78,PC,2022-01-02,08:00 PM,90,Lounge,Online Multiplayer,Keyboard & Mouse,Minecraft,PC,,30475,78
1840,156,PC,2022-01-03,03:00 PM,60,Lounge,Singleplayer,Keyboard & Mouse,Halo Infinite,PC,,68906,156
1841,78,PC,2022-01-03,06:00 PM,60,Lounge,Online Multiplayer,Keyboard & Mouse,Minecraft,PC,,30475,78
1842,78,PC,2022-01-04,08:00 AM,60,Lounge,Singleplayer,Keyboard & Mouse,Minecraft,PC,,30475,78
1843,78,PC,2022-01-04,12:00 PM,45,Lounge,Singleplayer,Keyboard & Mouse,Minecraft,PC,,30475,78
1844,78,PC,2022-01-04,04:00 PM,30,Lounge,Singleplayer,Keyboard & Mouse,Minecraft,PC,,30475,78
1845,156,PC,2022-01-04,09:00 PM,45,Lounge,Singleplayer,Keyboard & Mouse,Halo Infinite,PC,,68906,156
1846,78,PC,2022-01-05,10:00 AM,75,Lounge,Singleplayer,Keyboard & Mouse,Minecraft,PC,,30475,78
1847,156,PC,2022-01-05,08:00 PM,45,Lounge,Singleplayer,Keyboard & Mouse,Halo Infinite,PC,,68906,156
1848,156,PC,2022-01-06,09:00 PM,90,Lounge,Online Multiplayer,Keyboard & Mouse,Halo Infinite,PC,,68906,156
1849,156,PC,2022-01-07,01:00 PM,60,Lounge,Singleplayer,Keyboard & Mouse,Halo Infinite,PC,,68906,156
1850,106,PC,2022-01-07,06:00 PM,90,Lounge,Online Multiplayer,Controller,Rocket League,PC,,34407,106
1851,156,PC,2022-01-07,09:00 PM,75,Lounge,Online Multiplayer,Keyboard & Mouse,Halo Infinite,PC,,68906,156
1852,156,PC,2022-01-08,09:00 AM,30,Lounge,Online Multiplayer,Keyboard & Mouse,Halo Infinite,PC,,68906,156
1853,156,PC,2022-01-08,11:00 AM,45,Lounge,Online Multiplayer,Keyboard & Mouse,Halo Infinite,PC,,68906,156
1854,156,PC,2022-01-08,12:00 PM,30,Lounge,Online Multiplayer,Keyboard & Mouse,Halo Infinite,PC,,68906,156
1855,156,PC,2022-01-08,06:00 PM,90,Lounge,Online Multiplayer,Keyboard & Mouse,Halo Infinite,PC,,68906,156
1856,78,PC,2022-01-08,07:00 PM,60,Lounge,Online Multiplayer,Keyboard & Mouse,Minecraft,PC,,30475,78
1857,156,PC,2022-01-08,09:00 PM,90,Lounge,Online Multiplayer,Keyboard & Mouse,Halo Infinite,PC,,68906,156
1858,156,PC,2022-01-09,11:00 AM,30,Lounge,Online Multiplayer,Keyboard & Mouse,Halo Infinite,PC,,68906,156
1859,156,PC,2022-01-09,07:00 PM,90,Lounge,Online Multiplayer,Keyboard & Mouse,Halo Infinite,PC,,68906,156
1860,156,PC,2022-01-10,10:00 AM,60,Lounge,Online Multiplayer,Keyboard & Mouse,Halo Infinite,PC,,68906,156
1861,156,PC,2022-01-10,01:00 PM,90,Lounge,Online Multiplayer,Keyboard & Mouse,Halo Infinite,PC,,68906,156
1862,156,PC,2022-01-10,04:00 PM,75,Lounge,Online Multiplayer,Keyboard & Mouse,Halo Infinite,PC,,68906,156
1863,78,PC,2022-01-10,07:00 PM,60,Lounge,Online Multiplayer,Keyboard & Mouse,Minecraft,PC,,30475,78
1864,156,PC,2022-01-13,05:00 PM,45,Lounge,Online Multiplayer,Keyboard & Mouse,Halo Infinite,PC,,68906,156
1865,78,PC,2022-01-13,09:00 PM,30,Lounge,Online Multiplayer,Keyboard & Mouse,Minecraft,PC,,30475,78
1866,78,PC,2022-01-14,07:00 PM,90,Lounge,Online Multiplayer,Keyboard & Mouse,Minecraft,PC,,30475,78
1867,106,PC,2022-01-14,08:00 PM,90,Lounge,Online Multiplayer,Controller,Rocket League,PC,,34407,106
1868,78,PC,2022-01-15,09:00 AM,90,Lounge,Online Multiplayer,Keyboard & Mouse,Minecraft,PC,,30475,78
1869,78,PC,2022-01-15,11:00 AM,30,Lounge,Online Multiplayer,Keyboard & Mouse,Minecraft,PC,,30475,78
1870,78,PC,2022-01-15,05:00 PM,60,Lounge,Online Multiplayer,Keyboard & Mouse,Minecraft,PC,,30475,78
1871,156,PC,2022-01-15,09:00 PM,60,Lounge,Online Multiplayer,Keyboard & Mouse,Halo Infinite,PC,,68906,156
1872,78,PC,2022-01-15,10:00 PM,30,Lounge,Online Multiplayer,Keyboard & Mouse,Minecraft,PC,,30475,78
1873,156,PC,2022-01-16,08:00 AM,60,Lounge,Singleplayer,Keyboard & Mouse,Halo Infinite,PC,,68906,156
1874,78,PC,2022-01-16,09:00 AM,30,Lounge,Online Multiplayer,Keyboard & Mouse,Minecraft,PC,,30475,78
1875,78,PC,2022-01-17,07:00 PM,90,Lounge,Online Multiplayer,Keyboard & Mouse,Minecraft,PC,,30475,78
1876,78,PC,2022-01-18,05:00 PM,30,Lounge,Online Multiplayer,Keyboard & Mouse,Minecraft,PC,,30475,78
1877,78,PC,2022-01-19,05:00 PM,75,Lounge,Online Multiplayer,Keyboard & Mouse,Minecraft,PC,,30475,78
1878,78,PC,2022-01-23,05:00 PM,30,Lounge,Singleplayer,Keyboard & Mouse,Minecraft,PC,,30475,78
1879,158,PC,2022-01-23,06:00 PM,45,Lounge,Online Multiplayer,Controller,Windjammers 2,PC,,69916,158
1880,78,PC,2022-01-23,08:00 PM,60,Lounge,Online Multiplayer,Keyboard & Mouse,Minecraft,PC,,30475,78
1881,78,PC,2022-01-24,05:00 PM,30,Lounge,Online Multiplayer,Keyboard & Mouse,Minecraft,PC,,30475,78
1882,158,PC,2022-01-24,06:00 PM,30,Lounge,Online Multiplayer,Controller,Windjammers 2,PC,,69916,158
1883,159,PC,2022-01-24,08:00 PM,60,Lounge,Singleplayer,Controller,Nobody Saves the World,PC,,82149,159
1884,158,PC,2022-01-25,05:00 PM,15,Lounge,Online Multiplayer,Controller,Windjammers 2,PC,,69916,158
1885,159,PC,2022-01-25,06:00 PM,30,Lounge,Online Multiplayer,Controller,Nobody Saves the World,PC,,82149,159
1886,78,PC,2022-01-25,07:00 PM,90,Lounge,Online Multiplayer,Keyboard & Mouse,Minecraft,PC,,30475,78
1887,78,PC,2022-01-26,07:00 AM,30,Lounge,Online Multiplayer,Keyboard & Mouse,Minecraft,PC,,30475,78
1888,78,PC,2022-01-26,06:00 PM,30,Lounge,Online Multiplayer,Keyboard & Mouse,Minecraft,PC,,30475,78
1889,78,PC,2022-01-27,05:00 PM,45,Lounge,Online Multiplayer,Keyboard & Mouse,Minecraft,PC,,30475,78
1890,157,PC,2022-01-27,06:00 PM,30,Lounge,Online Multiplayer,Controller,Samurai Gunn 2,PC,,70513,157
1891,78,PC,2022-01-27,08:00 PM,30,Lounge,Online Multiplayer,Keyboard & Mouse,Minecraft,PC,,30475,78
1892,159,PC,2022-01-27,09:00 PM,60,Lounge,Singleplayer,Controller,Nobody Saves the World,PC,,82149,159
1893,78,PC,2022-01-28,07:00 AM,30,Lounge,Online Multiplayer,Keyboard & Mouse,Minecraft,PC,,30475,78
1894,78,PC,2022-01-28,12:00 PM,15,Lounge,Online Multiplayer,Keyboard & Mouse,Minecraft,PC,,30475,78
1895,78,PC,2022-01-28,03:00 PM,30,Lounge,Online Multiplayer,Keyboard & Mouse,Minecraft,PC,,30475,78
1896,78,PC,2022-01-29,12:00 PM,30,Lounge,Online Multiplayer,Keyboard & Mouse,Minecraft,PC,,30475,78
1897,78,PC,2022-01-29,03:00 PM,60,Lounge,Online Multiplayer,Keyboard & Mouse,Minecraft,PC,,30475,78
1898,159,PC,2022-01-29,10:00 PM,60,Lounge,Singleplayer,Controller,Nobody Saves the World,PC,,82149,159
1899,159,PC,2022-01-30,08:00 AM,60,Lounge,Singleplayer,Controller,Nobody Saves the World,PC,,82149,159
1900,156,PC,2022-01-30,01:00 PM,120,Lounge,Online Multiplayer,Keyboard & Mouse,Halo Infinite,PC,,68906,156
1901,78,PC,2022-01-30,04:00 PM,30,Lounge,Online Multiplayer,Keyboard & Mouse,Minecraft,PC,,30475,78
1902,159,PC,2022-01-30,06:00 PM,30,Lounge,Singleplayer,Controller,Nobody Saves the World,PC,,82149,159
1903,158,PC,2022-01-31,05:00 PM,30,Lounge,Online Multiplayer,Controller,Windjammers 2,PC,,69916,158
1904,159,PC,2022-01-31,06:00 PM,45,Lounge,Singleplayer,Controller,Nobody Saves the World,PC,,82149,159
1905,78,PC,2022-02-02,06:00 PM,30,Lounge,Online Multiplayer,Keyboard & Mouse,Minecraft,PC,,30475,78
1906,158,PC,2022-02-02,06:00 PM,30,Lounge,Online Multiplayer,Controller,Windjammers 2,PC,,69916,158
1907,159,PC,2022-02-02,08:00 PM,45,Lounge,Singleplayer,Controller,Nobody Saves the World,PC,,82149,159
1908,78,PC,2022-02-03,05:00 PM,30,Lounge,Online Multiplayer,Keyboard & Mouse,Minecraft,PC,,30475,78
1909,158,PC,2022-02-03,06:00 PM,30,Lounge,Online Multiplayer,Controller,Windjammers 2,PC,,69916,158
1910,159,PC,2022-02-03,08:00 PM,45,Lounge,Singleplayer,Controller,Nobody Saves the World,PC,,82149,159
1911,78,PC,2022-02-04,04:00 PM,30,Lounge,Online Multiplayer,Keyboard & Mouse,Minecraft,PC,,30475,78
1912,159,PC,2022-02-05,07:00 AM,60,Lounge,Singleplayer,Controller,Nobody Saves the World,PC,,82149,159
1913,78,PC,2022-02-05,12:00 PM,45,Lounge,Online Multiplayer,Keyboard & Mouse,Minecraft,PC,,30475,78
1914,159,PC,2022-02-05,02:00 PM,60,Lounge,Singleplayer,Controller,Nobody Saves the World,PC,,82149,159
1915,159,PC,2022-02-06,07:00 AM,60,Lounge,Singleplayer,Controller,Nobody Saves the World,PC,,82149,159
1916,78,PC,2022-02-06,01:00 PM,60,Lounge,Online Multiplayer,Keyboard & Mouse,Minecraft,PC,,30475,78
1917,159,PC,2022-02-06,05:00 PM,60,Lounge,Singleplayer,Controller,Nobody Saves the World,PC,,82149,159
1918,78,PC,2022-02-06,08:00 PM,30,Lounge,Online Multiplayer,Keyboard & Mouse,Minecraft,PC,,30475,78
1919,159,PC,2022-02-06,09:00 PM,30,Lounge,Singleplayer,Controller,Nobody Saves the World,PC,,82149,159
1920,126,PC,2022-02-07,06:00 PM,60,Lounge,Online Multiplayer,Controller,Spelunky 2,PC,,62377,126
1921,159,PC,2022-02-07,08:00 PM,60,Lounge,Singleplayer,Controller,Nobody Saves the World,PC,,82149,159
1922,78,PC,2022-02-08,06:00 PM,75,Lounge,Online Multiplayer,Keyboard & Mouse,Minecraft,PC,,30475,78
1923,159,PC,2022-02-09,09:00 PM,45,Lounge,Singleplayer,Controller,Nobody Saves the World,PC,,82149,159
1924,156,PC,2022-02-09,06:00 PM,90,Lounge,Online Multiplayer,Keyboard & Mouse,Halo Infinite,PC,,68906,156
1925,159,PC,2022-02-10,09:00 PM,60,Lounge,Singleplayer,Controller,Nobody Saves the World,PC,,82149,159
1926,78,PC,2022-02-10,06:00 PM,60,Lounge,Online Multiplayer,Keyboard & Mouse,Minecraft,PC,,30475,78
1927,159,PC,2022-02-10,09:00 PM,30,Lounge,Singleplayer,Controller,Nobody Saves the World,PC,,82149,159
1928,78,PC,2022-02-11,09:00 PM,45,Lounge,Singleplayer,Keyboard & Mouse,Minecraft,PC,,30475,78
1929,78,PC,2022-02-12,08:00 AM,45,Lounge,Singleplayer,Keyboard & Mouse,Minecraft,PC,,30475,78
1930,78,PC,2022-02-12,12:00 PM,45,Lounge,Singleplayer,Keyboard & Mouse,Minecraft,PC,,30475,78
1931,78,PC,2022-02-12,04:00 PM,90,Lounge,Online Multiplayer,Keyboard & Mouse,Minecraft,PC,,30475,78
1932,78,PC,2022-02-12,10:00 PM,60,Lounge,Online Multiplayer,Keyboard & Mouse,Minecraft,PC,,30475,78
1933,156,PC,2022-02-13,03:00 PM,90,Lounge,Online Multiplayer,Keyboard & Mouse,Halo Infinite,PC,,68906,156
1934,78,PC,2022-02-13,05:00 PM,30,Lounge,Online Multiplayer,Keyboard & Mouse,Minecraft,PC,,30475,78
1935,158,PC,2022-02-13,06:00 PM,30,Lounge,Online Multiplayer,Controller,Windjammers 2,PC,,69916,158
1936,160,PC,2022-02-13,09:00 PM,45,Lounge,Singleplayer,Controller,The Artful Escape,PC,,59900,160
1937,160,PC,2022-02-14,09:00 PM,60,Lounge,Singleplayer,Controller,The Artful Escape,PC,,59900,160
1938,158,PC,2022-02-17,07:00 PM,30,Lounge,Online Multiplayer,Controller,Windjammers 2,PC,,69916,158
1939,157,PC,2022-02-17,07:00 PM,30,Lounge,Online Multiplayer,Controller,Samurai Gunn 2,PC,,70513,157
1940,160,PC,2022-02-18,09:00 PM,60,Lounge,Singleplayer,Controller,The Artful Escape,PC,,59900,160
1941,156,PC,2022-02-20,01:00 PM,60,Lounge,Online Multiplayer,Keyboard & Mouse,Halo Infinite,PC,,68906,156
1942,160,PC,2022-02-22,08:00 PM,60,Lounge,Singleplayer,Controller,The Artful Escape,PC,,59900,160
1943,156,PC,2022-02-23,05:00 PM,120,Lounge,Online Multiplayer,Keyboard & Mouse,Halo Infinite,PC,,68906,156
1944,126,PC,2022-02-23,07:00 PM,45,Lounge,Online Multiplayer,Controller,Spelunky 2,PC,,62377,126
1945,156,PC,2022-02-24,09:00 PM,90,Lounge,Online Multiplayer,Keyboard & Mouse,Halo Infinite,PC,,68906,156
1946,156,PC,2022-02-24,06:00 PM,90,Lounge,Online Multiplayer,Keyboard & Mouse,Halo Infinite,PC,,68906,156
1947,156,PC,2022-02-25,04:00 PM,90,Lounge,Online Multiplayer,Keyboard & Mouse,Halo Infinite,PC,,68906,156
1948,156,PC,2022-02-25,08:00 PM,120,Lounge,Online Multiplayer,Keyboard & Mouse,Halo Infinite,PC,,68906,156
1949,156,PC,2022-02-26,08:00 AM,90,Lounge,Online Multiplayer,Keyboard & Mouse,Halo Infinite,PC,,68906,156
1950,156,PC,2022-02-26,03:00 PM,120,Lounge,Online Multiplayer,Keyboard & Mouse,Halo Infinite,PC,,68906,156
1951,161,Switch,2022-02-27,09:00 PM,60,Lounge,Singleplayer,Controller,Pokemon: Legends Arceus,Nintendo Switch,,81915,161
1952,161,Switch,2022-02-28,08:00 PM,60,Lounge,Singleplayer,Controller,Pokemon: Legends Arceus,Nintendo Switch,,81915,161
1953,150,PC,2022-03-04,08:00 PM,90,Jordans,Online Multiplayer,Controller,Risk of Rain 2,PC,,69787,150
1954,67,Switch,2022-03-05,08:00 PM,90,Regan & Amys,Local Multiplayer,Controller,Super Mario Party,Nintendo Switch,,68947,67
1955,161,Switch,2022-03-06,09:00 AM,60,Mum & Dads,Singleplayer,Controller,Pokemon: Legends Arceus,Nintendo Switch,,81915,161
1956,150,PC,2022-03-06,04:00 PM,30,Jordans,Online Multiplayer,Controller,Risk of Rain 2,PC,,69787,150
1957,161,Switch,2022-03-06,09:00 PM,30,Mum & Dads,Singleplayer,Controller,Pokemon: Legends Arceus,Nintendo Switch,,81915,161
1958,161,Switch,2022-03-07,05:00 PM,60,Mum & Dads,Singleplayer,Controller,Pokemon: Legends Arceus,Nintendo Switch,,81915,161
1959,150,PC,2022-03-07,08:00 PM,60,Mum & Dads,Online Multiplayer,Controller,Risk of Rain 2,PC,,69787,150
1960,161,Switch,2022-03-08,04:00 PM,60,Mum & Dads,Singleplayer,Controller,Pokemon: Legends Arceus,Nintendo Switch,,81915,161
1961,150,PC,2022-03-08,09:00 PM,60,Mum & Dads,Online Multiplayer,Controller,Risk of Rain 2,PC,,69787,150
1962,161,Switch,2022-03-09,04:00 PM,45,Mum & Dads,Singleplayer,Controller,Pokemon: Legends Arceus,Nintendo Switch,,81915,161
1963,161,Switch,2022-03-10,04:00 PM,60,Mum & Dads,Singleplayer,Controller,Pokemon: Legends Arceus,Nintendo Switch,,81915,161
1964,79,PC,2022-03-11,09:00 PM,60,Jordans,Online Multiplayer,Controller,Super Smash Bros. Ultimate,Nintendo Switch,,66900,79
1965,161,Switch,2022-03-12,08:00 AM,30,Mum & Dads,Singleplayer,Controller,Pokemon: Legends Arceus,Nintendo Switch,,81915,161
1966,161,Switch,2022-03-12,11:00 AM,45,Mum & Dads,Singleplayer,Controller,Pokemon: Legends Arceus,Nintendo Switch,,81915,161
1967,82,PS4,2022-03-13,03:00 PM,45,Conor & Nats,Local Multiplayer,Controller,FIFA 19,PS4,,68608,82
1968,161,Switch,2022-03-13,09:00 PM,30,Mum & Dads,Singleplayer,Controller,Pokemon: Legends Arceus,Nintendo Switch,,81915,161
1969,161,Switch,2022-03-14,08:00 AM,90,Mum & Dads,Singleplayer,Controller,Pokemon: Legends Arceus,Nintendo Switch,,81915,161
1970,161,Switch,2022-03-14,03:00 PM,60,Mum & Dads,Singleplayer,Controller,Pokemon: Legends Arceus,Nintendo Switch,,81915,161
1971,82,PS4,2022-03-14,06:00 PM,75,Conor & Nats,Local Multiplayer,Controller,FIFA 19,PS4,,68608,82
1972,161,Switch,2022-03-15,05:00 PM,60,Mum & Dads,Singleplayer,Controller,Pokemon: Legends Arceus,Nintendo Switch,,81915,161
1973,161,Switch,2022-03-16,09:00 PM,30,Mum & Dads,Singleplayer,Controller,Pokemon: Legends Arceus,Nintendo Switch,,81915,161
1974,161,Switch,2022-03-17,08:00 AM,90,Mum & Dads,Singleplayer,Controller,Pokemon: Legends Arceus,Nintendo Switch,,81915,161
1975,161,Switch,2022-03-18,11:00 AM,30,Plane,Singleplayer,Controller,Pokemon: Legends Arceus,Nintendo Switch,,81915,161
1976,161,Switch,2022-03-18,04:00 PM,60,Lounge,Singleplayer,Controller,Pokemon: Legends Arceus,Nintendo Switch,,81915,161
1977,161,Switch,2022-03-19,07:00 AM,60,Lounge,Singleplayer,Controller,Pokemon: Legends Arceus,Nintendo Switch,,81915,161
1978,161,Switch,2022-03-19,01:00 PM,60,Lounge,Singleplayer,Controller,Pokemon: Legends Arceus,Nintendo Switch,,81915,161
1979,150,PC,2022-03-19,03:00 PM,60,Lounge,Online Multiplayer,Controller,Risk of Rain 2,PC,,69787,150
1980,161,Switch,2022-03-19,05:00 PM,60,Lounge,Singleplayer,Controller,Pokemon: Legends Arceus,Nintendo Switch,,81915,161
1981,9,Switch,2022-03-19,06:00 PM,60,Lounge,Online Multiplayer,Controller,Mario Kart 8,Nintendo Switch,,42929,9
1982,161,Switch,2022-03-20,06:00 AM,60,Lounge,Singleplayer,Controller,Pokemon: Legends Arceus,Nintendo Switch,,81915,161
1983,161,Switch,2022-03-20,09:00 AM,60,Lounge,Singleplayer,Controller,Pokemon: Legends Arceus,Nintendo Switch,,81915,161
1984,150,PC,2022-03-20,11:00 AM,30,Lounge,Online Multiplayer,Controller,Risk of Rain 2,PC,,69787,150
1985,150,PC,2022-03-20,05:00 PM,45,Lounge,Online Multiplayer,Controller,Risk of Rain 2,PC,,69787,150
1986,161,Switch,2022-03-21,05:00 PM,30,Lounge,Singleplayer,Controller,Pokemon: Legends Arceus,Nintendo Switch,,81915,161
1987,150,PC,2022-03-21,08:00 PM,45,Lounge,Online Multiplayer,Controller,Risk of Rain 2,PC,,69787,150
1988,150,PC,2022-03-24,06:00 PM,90,Lounge,Online Multiplayer,Controller,Risk of Rain 2,PC,,69787,150
1989,161,Switch,2022-03-24,08:00 PM,60,Lounge,Singleplayer,Controller,Pokemon: Legends Arceus,Nintendo Switch,,81915,161
1990,150,PC,2022-03-25,07:00 AM,45,Lounge,Online Multiplayer,Controller,Risk of Rain 2,PC,,69787,150
1991,161,Switch,2022-03-26,03:00 PM,45,Lounge,Singleplayer,Controller,Pokemon: Legends Arceus,Nintendo Switch,,81915,161
1992,150,PC,2022-03-26,04:00 PM,60,Lounge,Online Multiplayer,Controller,Risk of Rain 2,PC,,69787,150
1993,150,PC,2022-03-26,08:00 PM,75,Lounge,Online Multiplayer,Controller,Risk of Rain 2,PC,,69787,150
1994,161,Switch,2022-03-27,07:00 AM,60,Lounge,Singleplayer,Controller,Pokemon: Legends Arceus,Nintendo Switch,,81915,161
1995,150,PC,2022-03-27,01:00 PM,45,Lounge,Online Multiplayer,Controller,Risk of Rain 2,PC,,69787,150
1996,150,PC,2022-03-27,08:00 PM,60,Lounge,Online Multiplayer,Controller,Risk of Rain 2,PC,,69787,150
1997,161,Switch,2022-03-28,05:00 PM,15,Lounge,Singleplayer,Controller,Pokemon: Legends Arceus,Nintendo Switch,,81915,161
1998,150,PC,2022-03-28,06:00 PM,60,Lounge,Online Multiplayer,Controller,Risk of Rain 2,PC,,69787,150
1999,162,PS4,2022-03-30,04:00 PM,60,Lounge,Singleplayer,Controller,Bloodborne,PS4,,46569,162
2000,162,PS4,2022-03-31,09:00 PM,60,Lounge,Singleplayer,Controller,Bloodborne,PS4,,46569,162
2001,150,PC,2022-03-31,06:00 PM,90,Lounge,Online Multiplayer,Controller,Risk of Rain 2,PC,,69787,150
2002,162,PS4,2022-03-31,09:00 PM,75,Lounge,Singleplayer,Controller,Bloodborne,PS4,,46569,162
2003,162,PS4,2022-04-01,12:00 PM,45,Lounge,Singleplayer,Controller,Bloodborne,PS4,,46569,162
2004,162,PS4,2022-04-01,04:00 PM,60,Lounge,Singleplayer,Controller,Bloodborne,PS4,,46569,162
2005,150,PC,2022-04-01,05:00 PM,60,Lounge,Online Multiplayer,Controller,Risk of Rain 2,PC,,69787,150
2006,162,PS4,2022-04-01,09:00 PM,45,Lounge,Singleplayer,Controller,Bloodborne,PS4,,46569,162
2007,162,PS4,2022-04-02,12:00 PM,60,Lounge,Singleplayer,Controller,Bloodborne,PS4,,46569,162
2008,162,PS4,2022-04-03,08:00 AM,60,Lounge,Singleplayer,Controller,Bloodborne,PS4,,46569,162
2009,126,PC,2022-04-03,06:00 PM,60,Lounge,Online Multiplayer,Controller,Spelunky 2,PC,,62377,126
2010,162,PS4,2022-04-03,09:00 PM,60,Lounge,Singleplayer,Controller,Bloodborne,PS4,,46569,162
2011,162,PS4,2022-04-04,08:00 PM,90,Lounge,Singleplayer,Controller,Bloodborne,PS4,,46569,162
2012,162,PS4,2022-04-05,05:00 PM,15,Lounge,Singleplayer,Controller,Bloodborne,PS4,,46569,162
2013,162,PS4,2022-04-05,09:00 PM,45,Lounge,Singleplayer,Controller,Bloodborne,PS4,,46569,162
2014,162,PS4,2022-04-06,09:00 PM,45,Lounge,Singleplayer,Controller,Bloodborne,PS4,,46569,162
2015,162,PS4,2022-04-07,06:00 PM,120,Lounge,Online Multiplayer,Controller,Bloodborne,PS4,,46569,162
2016,162,PS4,2022-04-07,09:00 PM,75,Lounge,Singleplayer,Controller,Bloodborne,PS4,,46569,162
2017,150,PC,2022-04-08,09:00 PM,120,Lounge,Online Multiplayer,Controller,Risk of Rain 2,PC,,69787,150
2018,162,PS4,2022-04-09,09:00 PM,60,Lounge,Singleplayer,Controller,Bloodborne,PS4,,46569,162
2019,156,PC,2022-04-10,08:00 AM,60,Lounge,Online Multiplayer,Keyboard & Mouse,Halo Infinite,PC,,68906,156
2020,162,PS4,2022-04-10,09:00 PM,60,Lounge,Singleplayer,Controller,Bloodborne,PS4,,46569,162
2021,162,PS4,2022-04-12,09:00 PM,30,Lounge,Singleplayer,Controller,Bloodborne,PS4,,46569,162
2022,150,PC,2022-04-15,06:00 PM,120,Lounge,Online Multiplayer,Controller,Risk of Rain 2,PC,,69787,150
2023,162,PS4,2022-04-19,02:00 PM,60,Lounge,Singleplayer,Controller,Bloodborne,PS4,,46569,162
2024,150,PC,2022-04-19,06:00 PM,90,Lounge,Online Multiplayer,Controller,Risk of Rain 2,PC,,69787,150
2025,162,PS4,2022-04-19,09:00 PM,30,Lounge,Singleplayer,Controller,Bloodborne,PS4,,46569,162
2026,162,PS4,2022-04-20,05:00 PM,90,Lounge,Online Multiplayer,Controller,Bloodborne,PS4,,46569,162
2027,162,PS4,2022-04-20,08:00 PM,60,Lounge,Singleplayer,Controller,Bloodborne,PS4,,46569,162
2028,162,PS4,2022-04-21,05:00 PM,75,Lounge,Singleplayer,Controller,Bloodborne,PS4,,46569,162
2029,126,PC,2022-04-21,06:00 PM,45,Lounge,Singleplayer,Controller,Spelunky 2,PC,,62377,126
2030,162,PS4,2022-04-21,09:00 PM,60,Lounge,Singleplayer,Controller,Bloodborne,PS4,,46569,162
2031,162,PS4,2022-04-22,04:00 PM,120,Lounge,Singleplayer,Controller,Bloodborne,PS4,,46569,162
2032,162,PS4,2022-04-22,09:00 PM,30,Lounge,Singleplayer,Controller,Bloodborne,PS4,,46569,162
2033,162,PS4,2022-04-23,01:00 PM,60,Lounge,Singleplayer,Controller,Bloodborne,PS4,,46569,162
2034,162,PS4,2022-04-24,08:00 AM,60,Lounge,Singleplayer,Controller,Bloodborne,PS4,,46569,162
2035,162,PS4,2022-04-24,02:00 PM,45,Lounge,Singleplayer,Controller,Bloodborne,PS4,,46569,162
2036,162,PS4,2022-04-24,04:00 PM,30,Lounge,Singleplayer,Controller,Bloodborne,PS4,,46569,162
2037,162,PS4,2022-04-24,06:00 PM,150,Lounge,Online Multiplayer,Controller,Bloodborne,PS4,,46569,162
2038,162,PS4,2022-04-25,09:00 AM,120,Lounge,Online Multiplayer,Controller,Bloodborne,PS4,,46569,162
2039,156,PC,2022-04-25,01:00 PM,90,Lounge,Online Multiplayer,Keyboard & Mouse,Halo Infinite,PC,,68906,156
2040,162,PS4,2022-04-25,04:00 PM,30,Lounge,Singleplayer,Controller,Bloodborne,PS4,,46569,162
2041,126,PC,2022-04-25,05:00 PM,30,Lounge,Online Multiplayer,Controller,Spelunky 2,PC,,62377,126
2042,157,PC,2022-04-25,07:00 PM,30,Lounge,Online Multiplayer,Controller,Samurai Gunn 2,PC,,70513,157
2043,157,PC,2022-04-25,07:00 PM,30,Lounge,Online Multiplayer,Controller,Samurai Gunn 2,PC,,70513,157
2044,126,PC,2022-04-28,06:00 PM,60,Lounge,Online Multiplayer,Controller,Spelunky 2,PC,,62377,126
2045,163,PS4,2022-04-30,08:00 AM,60,Lounge,Singleplayer,Controller,God of War,PS4,,54229,163
2046,163,PS4,2022-04-30,05:00 PM,45,Lounge,Singleplayer,Controller,God of War,PS4,,54229,163
2047,126,PC,2022-04-30,06:00 PM,45,Lounge,Online Multiplayer,Controller,Spelunky 2,PC,,62377,126
2048,163,PS4,2022-05-01,09:00 AM,60,Lounge,Singleplayer,Controller,God of War,PS4,,54229,163
2049,163,PS4,2022-05-02,04:00 PM,60,Lounge,Singleplayer,Controller,God of War,PS4,,54229,163
2050,126,PC,2022-05-03,06:00 PM,60,Lounge,Online Multiplayer,Controller,Spelunky 2,PC,,62377,126
2051,163,PS4,2022-05-03,08:00 PM,60,Lounge,Singleplayer,Controller,God of War,PS4,,54229,163
2052,163,PS4,2022-05-05,05:00 PM,30,Lounge,Singleplayer,Controller,God of War,PS4,,54229,163
2053,126,PC,2022-05-05,06:00 PM,60,Lounge,Online Multiplayer,Controller,Spelunky 2,PC,,62377,126
2054,163,PS4,2022-05-05,08:00 PM,60,Lounge,Singleplayer,Controller,God of War,PS4,,54229,163
2055,163,PS4,2022-05-07,09:00 PM,75,Lounge,Singleplayer,Controller,God of War,PS4,,54229,163
2056,156,PC,2022-05-07,01:00 PM,90,Lounge,Online Multiplayer,Keyboard & Mouse,Halo Infinite,PC,,68906,156
2057,126,PC,2022-05-07,07:00 PM,60,Lounge,Online Multiplayer,Controller,Spelunky 2,PC,,62377,126
2058,163,PS4,2022-05-07,09:00 PM,45,Lounge,Singleplayer,Controller,God of War,PS4,,54229,163
2059,163,PS4,2022-05-08,09:00 AM,60,Lounge,Singleplayer,Controller,God of War,PS4,,54229,163
2060,163,PS4,2022-05-08,08:00 PM,60,Lounge,Singleplayer,Controller,God of War,PS4,,54229,163
2061,126,PC,2022-05-10,05:00 PM,60,Lounge,Online Multiplayer,Controller,Spelunky 2,PC,,62377,126
2062,163,PS4,2022-05-10,09:00 PM,60,Lounge,Singleplayer,Controller,God of War,PS4,,54229,163
2063,126,PC,2022-05-11,05:00 PM,45,Lounge,Online Multiplayer,Controller,Spelunky 2,PC,,62377,126
2064,163,PS4,2022-05-11,09:00 PM,60,Lounge,Singleplayer,Controller,God of War,PS4,,54229,163
2065,163,PS4,2022-05-13,04:00 PM,60,Lounge,Singleplayer,Controller,God of War,PS4,,54229,163
2066,163,PS4,2022-05-14,07:00 AM,60,Lounge,Singleplayer,Controller,God of War,PS4,,54229,163
2067,164,PS4,2022-05-14,01:00 AM,30,Lounge,Singleplayer,Controller,FIFA 22,PS4,,83332,164
2068,163,PS4,2022-05-14,02:00 PM,60,Lounge,Singleplayer,Controller,God of War,PS4,,54229,163
2069,163,PS4,2022-05-15,08:00 AM,60,Lounge,Singleplayer,Controller,God of War,PS4,,54229,163
2070,163,PS4,2022-05-15,04:00 PM,45,Lounge,Singleplayer,Controller,God of War,PS4,,54229,163
2071,164,PS4,2022-05-15,08:00 PM,60,Lounge,Singleplayer,Controller,FIFA 22,PS4,,83332,164
2072,126,PC,2022-05-19,06:00 PM,90,Lounge,Online Multiplayer,Controller,Spelunky 2,PC,,62377,126
2073,163,PS4,2022-05-20,09:00 PM,75,Lounge,Singleplayer,Controller,God of War,PS4,,54229,163
2074,163,PS4,2022-05-21,07:00 AM,30,Lounge,Singleplayer,Controller,God of War,PS4,,54229,163
2075,156,PC,2022-05-22,03:00 PM,90,Lounge,Online Multiplayer,Keyboard & Mouse,Halo Infinite,PC,,68906,156
2076,126,PC,2022-05-22,06:00 PM,90,Lounge,Online Multiplayer,Controller,Spelunky 2,PC,,62377,126
2077,163,PS4,2022-05-23,08:00 AM,60,Lounge,Singleplayer,Controller,God of War,PS4,,54229,163
2078,163,PS4,2022-05-24,09:00 PM,60,Lounge,Singleplayer,Controller,God of War,PS4,,54229,163
2079,126,PC,2022-05-25,06:00 PM,60,Lounge,Online Multiplayer,Controller,Spelunky 2,PC,,62377,126
2080,163,PS4,2022-05-25,07:00 PM,60,Lounge,Singleplayer,Controller,God of War,PS4,,54229,163
2081,9,Switch,2022-05-26,06:00 PM,60,Lounge,Online Multiplayer,Controller,Mario Kart 8,Nintendo Switch,,42929,9
2082,126,PC,2022-05-26,07:00 PM,45,Lounge,Online Multiplayer,Controller,Spelunky 2,PC,,62377,126
2083,163,PS4,2022-05-26,09:00 PM,60,Lounge,Singleplayer,Controller,God of War,PS4,,54229,163
2084,163,PS4,2022-05-28,07:00 AM,60,Lounge,Singleplayer,Controller,God of War,PS4,,54229,163
2085,163,PS4,2022-05-28,03:00 PM,60,Lounge,Singleplayer,Controller,God of War,PS4,,54229,163
2086,156,PC,2022-05-29,11:00 AM,60,Lounge,Online Multiplayer,Keyboard & Mouse,Halo Infinite,PC,,68906,156
2087,163,PS4,2022-05-29,05:00 PM,60,Lounge,Singleplayer,Controller,God of War,PS4,,54229,163
2088,164,PS4,2022-06-01,05:00 PM,30,Lounge,Singleplayer,Controller,FIFA 22,PS4,,83332,164
2089,126,PC,2022-06-01,08:00 PM,45,Lounge,Online Multiplayer,Controller,Spelunky 2,PC,,62377,126
2090,164,PS4,2022-06-02,09:00 PM,15,Lounge,Singleplayer,Controller,FIFA 22,PS4,,83332,164
2091,164,PS4,2022-06-03,09:00 PM,45,Lounge,Singleplayer,Controller,FIFA 22,PS4,,83332,164
2092,164,PS4,2022-06-04,08:00 AM,45,Lounge,Singleplayer,Controller,FIFA 22,PS4,,83332,164
2093,156,PC,2022-06-04,01:00 PM,135,Lounge,Online Multiplayer,Keyboard & Mouse,Halo Infinite,PC,,68906,156
2094,164,PS4,2022-06-05,07:00 AM,30,Lounge,Singleplayer,Controller,FIFA 22,PS4,,83332,164
2095,164,PS4,2022-06-05,10:00 AM,30,Lounge,Singleplayer,Controller,FIFA 22,PS4,,83332,164
2096,106,PC,2022-06-05,01:00 PM,60,Lounge,Online Multiplayer,Controller,Rocket League,PC,,34407,106
2097,164,PS4,2022-06-05,06:00 PM,30,Lounge,Singleplayer,Controller,FIFA 22,PS4,,83332,164
2098,164,PS4,2022-06-06,05:00 PM,30,Lounge,Singleplayer,Controller,FIFA 22,PS4,,83332,164
2099,164,PS4,2022-06-06,08:00 PM,30,Lounge,Singleplayer,Controller,FIFA 22,PS4,,83332,164
2100,164,PS4,2022-06-07,05:00 PM,30,Lounge,Singleplayer,Controller,FIFA 22,PS4,,83332,164
2101,126,PC,2022-06-07,07:00 PM,60,Lounge,Online Multiplayer,Controller,Spelunky 2,PC,,62377,126
2102,164,PS4,2022-06-07,09:00 PM,30,Lounge,Singleplayer,Controller,FIFA 22,PS4,,83332,164
2103,156,PC,2022-06-08,05:00 PM,75,Lounge,Online Multiplayer,Keyboard & Mouse,Halo Infinite,PC,,68906,156
2104,164,PS4,2022-06-08,09:00 PM,45,Lounge,Singleplayer,Controller,FIFA 22,PS4,,83332,164
2105,164,PS4,2022-06-09,04:00 PM,45,Lounge,Singleplayer,Controller,FIFA 22,PS4,,83332,164
2106,126,PC,2022-06-09,07:00 PM,60,Lounge,Online Multiplayer,Controller,Spelunky 2,PC,,62377,126
2107,164,PS4,2022-06-09,09:00 PM,30,Lounge,Singleplayer,Controller,FIFA 22,PS4,,83332,164
2108,164,PS4,2022-06-12,08:00 AM,45,Lounge,Singleplayer,Controller,FIFA 22,PS4,,83332,164
2109,164,PS4,2022-06-12,07:00 PM,15,Lounge,Singleplayer,Controller,FIFA 22,PS4,,83332,164
2110,156,PC,2022-06-12,08:00 PM,90,Lounge,Online Multiplayer,Keyboard & Mouse,Halo Infinite,PC,,68906,156
2111,164,PS4,2022-06-14,07:00 AM,15,Lounge,Singleplayer,Controller,FIFA 22,PS4,,83332,164
2112,164,PS4,2022-06-14,12:00 PM,30,Lounge,Singleplayer,Controller,FIFA 22,PS4,,83332,164
2113,164,PS4,2022-06-14,04:00 PM,30,Lounge,Singleplayer,Controller,FIFA 22,PS4,,83332,164
2114,126,PC,2022-06-14,06:00 PM,60,Lounge,Online Multiplayer,Controller,Spelunky 2,PC,,62377,126
2115,156,PC,2022-06-15,05:00 PM,75,Lounge,Online Multiplayer,Keyboard & Mouse,Halo Infinite,PC,,68906,156
2116,164,PS4,2022-06-16,12:00 PM,30,Lounge,Singleplayer,Controller,FIFA 22,PS4,,83332,164
2117,164,PS4,2022-06-16,04:00 PM,30,Lounge,Singleplayer,Controller,FIFA 22,PS4,,83332,164
2118,150,PC,2022-06-16,06:00 PM,120,Lounge,Online Multiplayer,Controller,Risk of Rain 2,PC,,69787,150
2119,164,PS4,2022-06-18,08:00 AM,30,Lounge,Singleplayer,Controller,FIFA 22,PS4,,83332,164
2120,164,PS4,2022-06-18,02:00 PM,30,Lounge,Singleplayer,Controller,FIFA 22,PS4,,83332,164
2121,164,PS4,2022-06-18,09:00 PM,30,Lounge,Singleplayer,Controller,FIFA 22,PS4,,83332,164
2122,165,PC,2022-06-19,01:00 PM,30,Lounge,Online Multiplayer,Controller,Teenage Mutant Ninja Turtles,PC,,62237,165
2123,166,PC,2022-06-19,01:00 PM,45,Lounge,Online Multiplayer,Controller,Dragons Crown,PS4,,35594,166
2124,156,PC,2022-06-19,02:00 PM,75,Lounge,Online Multiplayer,Keyboard & Mouse,Halo Infinite,PC,,68906,156
2125,165,PC,2022-06-20,05:00 PM,60,Lounge,Online Multiplayer,Controller,Teenage Mutant Ninja Turtles,PC,,62237,165
2126,156,PC,2022-06-20,06:00 PM,60,Lounge,Online Multiplayer,Keyboard & Mouse,Halo Infinite,PC,,68906,156
2127,150,PC,2022-06-21,06:00 PM,60,Lounge,Online Multiplayer,Controller,Risk of Rain 2,PC,,69787,150
2128,165,PC,2022-06-21,07:00 PM,30,Lounge,Online Multiplayer,Controller,Teenage Mutant Ninja Turtles,PC,,62237,165
2129,126,PC,2022-06-22,05:00 PM,30,Lounge,Online Multiplayer,Controller,Spelunky 2,PC,,62377,126
2130,126,PC,2022-06-23,06:00 PM,30,Lounge,Online Multiplayer,Controller,Spelunky 2,PC,,62377,126
2131,150,PC,2022-06-23,07:00 PM,120,Lounge,Online Multiplayer,Controller,Risk of Rain 2,PC,,69787,150
2132,150,PC,2022-06-30,06:00 PM,120,Lounge,Online Multiplayer,Controller,Risk of Rain 2,PC,,69787,150
2133,167,PC,2022-07-01,05:00 PM,15,Lounge,Singleplayer,Keyboard & Mouse,House Flipper,PC,,60476,167
2134,167,PC,2022-07-02,05:00 PM,30,Lounge,Singleplayer,Keyboard & Mouse,House Flipper,PC,,60476,167
2135,167,PC,2022-07-03,11:00 AM,15,Lounge,Singleplayer,Keyboard & Mouse,House Flipper,PC,,60476,167
2136,126,PC,2022-07-03,07:00 PM,30,Lounge,Online Multiplayer,Controller,Spelunky 2,PC,,62377,126
2137,150,PC,2022-07-06,05:00 PM,60,Lounge,Online Multiplayer,Controller,Risk of Rain 2,PC,,69787,150
2138,166,PC,2022-07-14,05:00 PM,90,Lounge,Online Multiplayer,Controller,Dragons Crown,PS4,,35594,166
2139,150,PC,2022-07-17,06:00 PM,120,Lounge,Online Multiplayer,Controller,Risk of Rain 2,PC,,69787,150
2140,150,PC,2022-07-21,06:00 PM,60,Lounge,Online Multiplayer,Controller,Risk of Rain 2,PC,,69787,150
2141,168,PC,2022-07-21,09:00 PM,30,Lounge,Singleplayer,Controller,Crash Bandicoot 4: Its About Time,PS4,,79157,168
2142,168,PC,2022-07-22,04:00 PM,30,Lounge,Singleplayer,Controller,Crash Bandicoot 4: Its About Time,PS4,,79157,168
2143,150,PC,2022-07-22,06:00 PM,30,Lounge,Online Multiplayer,Controller,Risk of Rain 2,PC,,69787,150
2144,169,PC,2022-07-22,07:00 PM,45,Lounge,Singleplayer,Keyboard & Mouse,Crab Game,PC,,84221,169
2145,150,PC,2022-07-22,09:00 PM,75,Lounge,Online Multiplayer,Controller,Risk of Rain 2,PC,,69787,150
2146,150,PC,2022-07-23,05:00 PM,75,Lounge,Online Multiplayer,Controller,Risk of Rain 2,PC,,69787,150
2147,156,PC,2022-07-24,11:00 AM,90,Lounge,Online Multiplayer,Keyboard & Mouse,Halo Infinite,PC,,68906,156
2148,168,PC,2022-07-25,05:00 PM,30,Lounge,Singleplayer,Controller,Crash Bandicoot 4: Its About Time,PS4,,79157,168
2149,170,PS4,2022-07-28,04:00 PM,75,Lounge,Online Multiplayer,Controller,Multiversus,PS4,,84193,170
2150,150,PC,2022-07-28,07:00 PM,90,Lounge,Online Multiplayer,Controller,Risk of Rain 2,PC,,69787,150
2151,156,PC,2022-07-31,10:00 AM,90,Lounge,Online Multiplayer,Keyboard & Mouse,Halo Infinite,PC,,68906,156
2152,150,PC,2022-07-31,05:00 PM,75,Lounge,Online Multiplayer,Controller,Risk of Rain 2,PC,,69787,150
2153,150,PC,2022-08-05,04:00 PM,60,Hotel,Singleplayer,Controller,Risk of Rain 2,PC,,69787,150
2154,171,PC,2022-08-06,09:00 AM,30,Hotel,Singleplayer,Controller,Tony Hawks Pro Skater 1 & 2,PS4,,78420,171
2155,171,PC,2022-08-06,03:00 PM,15,Hotel,Singleplayer,Controller,Tony Hawks Pro Skater 1 & 2,PS4,,78420,171
2156,150,PC,2022-08-06,04:00 PM,60,Hotel,Singleplayer,Controller,Risk of Rain 2,PC,,69787,150
2157,171,PC,2022-08-07,09:00 AM,30,Hotel,Singleplayer,Controller,Tony Hawks Pro Skater 1 & 2,PS4,,78420,171
2158,156,PC,2022-08-14,12:00 PM,90,Lounge,Online Multiplayer,Keyboard & Mouse,Halo Infinite,PC,,68906,156
2159,171,PC,2022-08-14,06:00 PM,30,Lounge,Singleplayer,Controller,Tony Hawks Pro Skater 1 & 2,PS4,,78420,171
2160,172,PS4,2022-08-14,09:00 PM,60,Lounge,Singleplayer,Controller,Ghost of Tsushima,PS4,,62379,172
2161,172,PS4,2022-08-15,09:00 PM,60,Lounge,Singleplayer,Controller,Ghost of Tsushima,PS4,,62379,172
2162,172,PS4,2022-08-16,08:00 PM,75,Lounge,Singleplayer,Controller,Ghost of Tsushima,PS4,,62379,172
2163,172,PS4,2022-08-17,08:00 AM,75,Lounge,Singleplayer,Controller,Ghost of Tsushima,PS4,,62379,172
2164,172,PS4,2022-08-17,01:00 PM,60,Lounge,Singleplayer,Controller,Ghost of Tsushima,PS4,,62379,172
2165,172,PS4,2022-08-17,08:00 PM,60,Lounge,Singleplayer,Controller,Ghost of Tsushima,PS4,,62379,172
2166,172,PS4,2022-08-18,08:00 AM,60,Lounge,Singleplayer,Controller,Ghost of Tsushima,PS4,,62379,172
2167,172,PS4,2022-08-18,03:00 PM,60,Lounge,Singleplayer,Controller,Ghost of Tsushima,PS4,,62379,172
2168,150,PC,2022-08-18,06:00 PM,120,Lounge,Online Multiplayer,Controller,Risk of Rain 2,PC,,69787,150
2169,172,PS4,2022-08-19,12:00 PM,30,Lounge,Singleplayer,Controller,Ghost of Tsushima,PS4,,62379,172
2170,172,PS4,2022-08-22,09:00 PM,30,Lounge,Singleplayer,Controller,Ghost of Tsushima,PS4,,62379,172
2171,172,PS4,2022-08-24,10:00 AM,75,Lounge,Singleplayer,Controller,Ghost of Tsushima,PS4,,62379,172
2172,172,PS4,2022-08-24,04:00 PM,60,Lounge,Singleplayer,Controller,Ghost of Tsushima,PS4,,62379,172
2173,156,PC,2022-08-24,05:00 PM,90,Lounge,Online Multiplayer,Keyboard & Mouse,Halo Infinite,PC,,68906,156
2174,172,PS4,2022-08-25,06:00 PM,75,Lounge,Singleplayer,Controller,Ghost of Tsushima,PS4,,62379,172
2175,172,PS4,2022-08-26,05:00 PM,60,Lounge,Singleplayer,Controller,Ghost of Tsushima,PS4,,62379,172
2176,172,PS4,2022-08-27,07:00 AM,75,Lounge,Singleplayer,Controller,Ghost of Tsushima,PS4,,62379,172
2177,172,PS4,2022-08-27,01:00 PM,60,Lounge,Singleplayer,Controller,Ghost of Tsushima,PS4,,62379,172
2178,172,PS4,2022-08-27,07:00 PM,30,Lounge,Singleplayer,Controller,Ghost of Tsushima,PS4,,62379,172
2179,172,PS4,2022-08-28,07:00 AM,45,Lounge,Singleplayer,Controller,Ghost of Tsushima,PS4,,62379,172
2180,156,PC,2022-08-28,11:00 AM,90,Lounge,Online Multiplayer,Keyboard & Mouse,Halo Infinite,PC,,68906,156
2181,172,PS4,2022-08-28,03:00 PM,30,Lounge,Singleplayer,Controller,Ghost of Tsushima,PS4,,62379,172
2182,172,PS4,2022-08-28,08:00 PM,45,Lounge,Singleplayer,Controller,Ghost of Tsushima,PS4,,62379,172
2183,172,PS4,2022-08-29,05:00 PM,75,Lounge,Singleplayer,Controller,Ghost of Tsushima,PS4,,62379,172
2184,172,PS4,2022-08-30,09:00 PM,45,Lounge,Singleplayer,Controller,Ghost of Tsushima,PS4,,62379,172
2185,172,PS4,2022-09-02,04:00 PM,75,Lounge,Singleplayer,Controller,Ghost of Tsushima,PS4,,62379,172
2186,172,PS4,2022-09-02,09:00 PM,60,Lounge,Singleplayer,Controller,Ghost of Tsushima,PS4,,62379,172
2187,172,PS4,2022-09-03,08:00 AM,60,Lounge,Singleplayer,Controller,Ghost of Tsushima,PS4,,62379,172
2188,172,PS4,2022-09-03,03:00 PM,60,Lounge,Singleplayer,Controller,Ghost of Tsushima,PS4,,62379,172
2189,172,PS4,2022-09-04,09:00 AM,75,Lounge,Singleplayer,Controller,Ghost of Tsushima,PS4,,62379,172
2190,150,PC,2022-09-04,07:00 PM,90,Lounge,Online Multiplayer,Controller,Risk of Rain 2,PC,,69787,150
2191,172,PS4,2022-09-04,09:00 PM,30,Lounge,Singleplayer,Controller,Ghost of Tsushima,PS4,,62379,172
2192,172,PS4,2022-09-05,04:00 PM,60,Lounge,Singleplayer,Controller,Ghost of Tsushima,PS4,,62379,172
2193,172,PS4,2022-09-07,04:00 PM,60,Lounge,Singleplayer,Controller,Ghost of Tsushima,PS4,,62379,172
2194,150,PC,2022-09-09,06:00 PM,120,Lounge,Online Multiplayer,Controller,Risk of Rain 2,PC,,69787,150
2195,172,PS4,2022-09-10,08:00 AM,75,Lounge,Singleplayer,Controller,Ghost of Tsushima,PS4,,62379,172
2196,172,PS4,2022-09-10,04:00 PM,90,Lounge,Singleplayer,Controller,Ghost of Tsushima,PS4,,62379,172
2197,172,PS4,2022-09-11,08:00 AM,90,Lounge,Singleplayer,Controller,Ghost of Tsushima,PS4,,62379,172
2198,156,PC,2022-09-11,12:00 PM,75,Lounge,Online Multiplayer,Keyboard & Mouse,Halo Infinite,PC,,68906,156
2199,172,PS4,2022-09-12,06:00 PM,75,Lounge,Singleplayer,Controller,Ghost of Tsushima,PS4,,62379,172
2200,150,PC,2022-09-12,08:00 PM,90,Lounge,Online Multiplayer,Controller,Risk of Rain 2,PC,,69787,150
2201,150,PC,2022-09-13,07:00 PM,90,Lounge,Online Multiplayer,Controller,Risk of Rain 2,PC,,69787,150
2202,172,PS4,2022-09-13,09:00 PM,60,Lounge,Singleplayer,Controller,Ghost of Tsushima,PS4,,62379,172
2203,150,PC,2022-09-14,06:00 PM,60,Lounge,Online Multiplayer,Controller,Risk of Rain 2,PC,,69787,150
2204,172,PS4,2022-09-14,09:00 PM,75,Lounge,Singleplayer,Controller,Ghost of Tsushima,PS4,,62379,172
2205,172,PS4,2022-09-15,04:00 PM,75,Lounge,Singleplayer,Controller,Ghost of Tsushima,PS4,,62379,172
2206,172,PS4,2022-09-16,04:00 PM,60,Lounge,Singleplayer,Controller,Ghost of Tsushima,PS4,,62379,172
2207,150,PC,2022-09-16,06:00 PM,120,Lounge,Online Multiplayer,Controller,Risk of Rain 2,PC,,69787,150
2208,172,PS4,2022-09-17,07:00 AM,60,Lounge,Singleplayer,Controller,Ghost of Tsushima,PS4,,62379,172
2209,172,PS4,2022-09-17,03:00 PM,90,Lounge,Singleplayer,Controller,Ghost of Tsushima,PS4,,62379,172
2210,126,PC,2022-09-17,06:00 PM,30,Lounge,Online Multiplayer,Controller,Spelunky 2,PC,,62377,126
2211,62,PS4,2022-09-17,09:00 PM,30,Lounge,Online Multiplayer,Controller,Tricky Towers,PS4,,51691,62
2212,172,PS4,2022-09-18,08:00 AM,120,Lounge,Singleplayer,Controller,Ghost of Tsushima,PS4,,62379,172
2213,172,PS4,2022-09-18,02:00 PM,60,Lounge,Singleplayer,Controller,Ghost of Tsushima,PS4,,62379,172
2214,172,PS4,2022-09-18,09:00 PM,60,Lounge,Singleplayer,Controller,Ghost of Tsushima,PS4,,62379,172
2215,172,PS4,2022-09-21,05:00 PM,30,Lounge,Singleplayer,Controller,Ghost of Tsushima,PS4,,62379,172
2216,172,PS4,2022-09-22,07:00 AM,30,Lounge,Singleplayer,Controller,Ghost of Tsushima,PS4,,62379,172
2217,172,PS4,2022-09-22,03:00 PM,60,Lounge,Singleplayer,Controller,Ghost of Tsushima,PS4,,62379,172
2218,172,PS4,2022-09-23,08:00 AM,30,Lounge,Singleplayer,Controller,Ghost of Tsushima,PS4,,62379,172
2219,172,PS4,2022-09-23,11:00 AM,60,Lounge,Singleplayer,Controller,Ghost of Tsushima,PS4,,62379,172
2220,172,PS4,2022-09-23,04:00 PM,60,Lounge,Singleplayer,Controller,Ghost of Tsushima,PS4,,62379,172
2221,172,PS4,2022-09-24,07:00 AM,30,Lounge,Singleplayer,Controller,Ghost of Tsushima,PS4,,62379,172
2222,172,PS4,2022-09-24,08:00 PM,75,Lounge,Online Multiplayer,Controller,Ghost of Tsushima,PS4,,62379,172
2223,172,PS4,2022-09-25,09:00 AM,90,Lounge,Singleplayer,Controller,Ghost of Tsushima,PS4,,62379,172
2224,172,PS4,2022-09-25,06:00 PM,120,Lounge,Online Multiplayer,Controller,Ghost of Tsushima,PS4,,62379,172
2225,172,PS4,2022-09-26,04:00 PM,60,Lounge,Singleplayer,Controller,Ghost of Tsushima,PS4,,62379,172
2226,172,PS4,2022-09-28,04:00 PM,45,Lounge,Singleplayer,Controller,Ghost of Tsushima,PS4,,62379,172
2227,172,PS4,2022-09-29,09:00 PM,60,Lounge,Singleplayer,Controller,Ghost of Tsushima,PS4,,62379,172
2228,172,PS4,2022-09-30,07:00 PM,120,Lounge,Online Multiplayer,Controller,Ghost of Tsushima,PS4,,62379,172
2229,172,PS4,2022-10-01,08:00 AM,45,Lounge,Singleplayer,Controller,Ghost of Tsushima,PS4,,62379,172
2230,173,PS4,2022-10-02,08:00 PM,30,Lounge,Singleplayer,Controller,Chicory: A Colourful Tale,PS4,,74748,173
2231,173,PS4,2022-10-04,04:00 PM,30,Lounge,Singleplayer,Controller,Chicory: A Colourful Tale,PS4,,74748,173
2232,126,PC,2022-11-06,05:00 PM,30,Lounge,Online Multiplayer,Controller,Spelunky 2,PC,,62377,126
2233,150,PC,2022-11-06,06:00 PM,60,Lounge,Online Multiplayer,Controller,Risk of Rain 2,PC,,69787,150
2234,174,PS4,2022-11-10,09:00 PM,60,Lounge,Singleplayer,Controller,God of War: Ragnarok,PS4,,80643,174
2235,174,PS4,2022-11-11,11:00 AM,45,Lounge,Singleplayer,Controller,God of War: Ragnarok,PS4,,80643,174
2236,174,PS4,2022-11-12,06:00 AM,60,Lounge,Singleplayer,Controller,God of War: Ragnarok,PS4,,80643,174
2237,174,PS4,2022-11-12,04:00 PM,75,Lounge,Singleplayer,Controller,God of War: Ragnarok,PS4,,80643,174
2238,174,PS4,2022-11-13,07:00 AM,90,Lounge,Singleplayer,Controller,God of War: Ragnarok,PS4,,80643,174
2239,174,PS4,2022-11-13,05:00 PM,60,Lounge,Singleplayer,Controller,God of War: Ragnarok,PS4,,80643,174
2240,174,PS4,2022-11-14,04:00 PM,30,Lounge,Singleplayer,Controller,God of War: Ragnarok,PS4,,80643,174
2241,174,PS4,2022-11-15,04:00 PM,45,Lounge,Singleplayer,Controller,God of War: Ragnarok,PS4,,80643,174
2242,174,PS4,2022-11-17,06:00 PM,90,Lounge,Singleplayer,Controller,God of War: Ragnarok,PS4,,80643,174
2243,174,PS4,2022-11-18,04:00 PM,60,Lounge,Singleplayer,Controller,God of War: Ragnarok,PS4,,80643,174
2244,174,PS4,2022-11-20,08:00 AM,60,Lounge,Singleplayer,Controller,God of War: Ragnarok,PS4,,80643,174
2245,174,PS4,2022-11-20,08:00 PM,60,Lounge,Singleplayer,Controller,God of War: Ragnarok,PS4,,80643,174
2246,174,PS4,2022-11-21,09:00 PM,60,Lounge,Singleplayer,Controller,God of War: Ragnarok,PS4,,80643,174
2247,174,PS4,2022-11-22,05:00 PM,30,Lounge,Singleplayer,Controller,God of War: Ragnarok,PS4,,80643,174
2248,174,PS4,2022-11-22,10:00 PM,30,Lounge,Singleplayer,Controller,God of War: Ragnarok,PS4,,80643,174
2249,174,PS4,2022-11-24,04:00 PM,90,Lounge,Singleplayer,Controller,God of War: Ragnarok,PS4,,80643,174
2250,174,PS4,2022-11-24,08:00 PM,60,Lounge,Singleplayer,Controller,God of War: Ragnarok,PS4,,80643,174
2251,82,PS4,2022-11-27,04:00 PM,90,Conor & Nats,Local Multiplayer,Controller,FIFA 19,PS4,,68608,82
2252,82,PS4,2022-11-27,09:00 PM,30,Conor & Nats,Local Multiplayer,Controller,FIFA 19,PS4,,68608,82
2253,175,PS4,2022-11-28,02:00 PM,30,Jordans,Singleplayer,Controller,Rogue Legacy 2,PS4,,77804,175
2254,9,Switch,2022-11-28,03:00 PM,30,Jordans,Local Multiplayer,Controller,Mario Kart 8,Nintendo Switch,,42929,9
2255,174,PS4,2022-12-01,09:00 PM,45,Lounge,Singleplayer,Controller,God of War: Ragnarok,PS4,,80643,174
2256,174,PS4,2022-12-03,07:00 AM,45,Lounge,Singleplayer,Controller,God of War: Ragnarok,PS4,,80643,174
2257,174,PS4,2022-12-04,03:00 PM,30,Lounge,Singleplayer,Controller,God of War: Ragnarok,PS4,,80643,174
2258,174,PS4,2022-12-04,04:00 PM,75,Lounge,Singleplayer,Controller,God of War: Ragnarok,PS4,,80643,174
2259,174,PS4,2022-12-04,08:00 PM,60,Lounge,Singleplayer,Controller,God of War: Ragnarok,PS4,,80643,174
2260,174,PS4,2022-12-05,10:00 PM,30,Lounge,Singleplayer,Controller,God of War: Ragnarok,PS4,,80643,174
2261,174,PS4,2022-12-06,05:00 PM,30,Lounge,Singleplayer,Controller,God of War: Ragnarok,PS4,,80643,174
2262,126,PC,2022-12-06,06:00 PM,30,Lounge,Online Multiplayer,Controller,Spelunky 2,PC,,62377,126
2263,150,PC,2022-12-06,07:00 PM,60,Lounge,Online Multiplayer,Controller,Risk of Rain 2,PC,,69787,150
2264,174,PS4,2022-12-06,09:00 PM,60,Lounge,Singleplayer,Controller,God of War: Ragnarok,PS4,,80643,174
2265,174,PS4,2022-12-08,04:00 PM,75,Lounge,Singleplayer,Controller,God of War: Ragnarok,PS4,,80643,174
2266,126,PC,2022-12-08,06:00 PM,30,Lounge,Online Multiplayer,Controller,Spelunky 2,PC,,62377,126
2267,150,PC,2022-12-08,07:00 PM,45,Lounge,Online Multiplayer,Controller,Risk of Rain 2,PC,,69787,150
2268,174,PS4,2022-12-08,08:00 PM,60,Lounge,Singleplayer,Controller,God of War: Ragnarok,PS4,,80643,174
2269,174,PS4,2022-12-11,01:00 PM,75,Lounge,Singleplayer,Controller,God of War: Ragnarok,PS4,,80643,174
2270,174,PS4,2022-12-11,04:00 PM,60,Lounge,Singleplayer,Controller,God of War: Ragnarok,PS4,,80643,174
2271,174,PS4,2022-12-11,08:00 PM,60,Lounge,Singleplayer,Controller,God of War: Ragnarok,PS4,,80643,174
2272,174,PS4,2022-12-12,04:00 PM,45,Lounge,Singleplayer,Controller,God of War: Ragnarok,PS4,,80643,174
2273,174,PS4,2022-12-12,10:00 PM,30,Lounge,Singleplayer,Controller,God of War: Ragnarok,PS4,,80643,174
2274,174,PS4,2022-12-13,12:00 PM,30,Lounge,Singleplayer,Controller,God of War: Ragnarok,PS4,,80643,174
2275,174,PS4,2022-12-13,09:00 PM,45,Lounge,Singleplayer,Controller,God of War: Ragnarok,PS4,,80643,174
2276,174,PS4,2022-12-14,12:00 PM,45,Lounge,Singleplayer,Controller,God of War: Ragnarok,PS4,,80643,174
2277,174,PS4,2022-12-14,04:00 PM,30,Lounge,Singleplayer,Controller,God of War: Ragnarok,PS4,,80643,174
2278,174,PS4,2022-12-15,09:00 PM,60,Lounge,Singleplayer,Controller,God of War: Ragnarok,PS4,,80643,174
2279,174,PS4,2022-12-16,12:00 PM,45,Lounge,Singleplayer,Controller,God of War: Ragnarok,PS4,,80643,174
2280,174,PS4,2022-12-17,07:00 AM,60,Lounge,Singleplayer,Controller,God of War: Ragnarok,PS4,,80643,174
2281,174,PS4,2022-12-17,02:00 PM,90,Lounge,Singleplayer,Controller,God of War: Ragnarok,PS4,,80643,174
2282,174,PS4,2022-12-17,05:00 PM,45,Lounge,Singleplayer,Controller,God of War: Ragnarok,PS4,,80643,174
2283,174,PS4,2022-12-18,09:00 AM,90,Lounge,Singleplayer,Controller,God of War: Ragnarok,PS4,,80643,174
2284,174,PS4,2022-12-18,01:00 PM,60,Lounge,Singleplayer,Controller,God of War: Ragnarok,PS4,,80643,174
2285,174,PS4,2022-12-18,05:00 PM,75,Lounge,Singleplayer,Controller,God of War: Ragnarok,PS4,,80643,174
2286,126,PC,2022-12-18,07:00 PM,45,Lounge,Singleplayer,Controller,Spelunky 2,PC,,62377,126
2287,174,PS4,2022-12-19,04:00 PM,30,Lounge,Singleplayer,Controller,God of War: Ragnarok,PS4,,80643,174
2288,174,PS4,2022-12-19,09:00 PM,30,Lounge,Singleplayer,Controller,God of War: Ragnarok,PS4,,80643,174
2289,174,PS4,2022-12-20,09:00 PM,45,Lounge,Singleplayer,Controller,God of War: Ragnarok,PS4,,80643,174
2290,174,PS4,2022-12-21,07:00 AM,30,Lounge,Singleplayer,Controller,God of War: Ragnarok,PS4,,80643,174
2291,174,PS4,2022-12-21,04:00 PM,30,Lounge,Singleplayer,Controller,God of War: Ragnarok,PS4,,80643,174
2292,176,PS4,2022-12-21,09:00 PM,60,Lounge,Singleplayer,Controller,Elden Ring,PS4,,73745,176
2293,176,PS4,2022-12-22,04:00 PM,60,Lounge,Singleplayer,Controller,Elden Ring,PS4,,73745,176
2294,176,PS4,2022-12-22,08:00 PM,60,Lounge,Singleplayer,Controller,Elden Ring,PS4,,73745,176
2295,176,PS4,2022-12-23,04:00 PM,90,Lounge,Singleplayer,Controller,Elden Ring,PS4,,73745,176
2296,176,PS4,2022-12-24,10:00 AM,75,Lounge,Online Multiplayer,Controller,Elden Ring,PS4,,73745,176
2297,176,PS4,2022-12-25,10:00 AM,60,Lounge,Online Multiplayer,Controller,Elden Ring,PS4,,73745,176
2298,176,PS4,2022-12-26,09:00 AM,60,Lounge,Singleplayer,Controller,Elden Ring,PS4,,73745,176
2299,176,PS4,2022-12-26,10:00 AM,45,Lounge,Singleplayer,Controller,Elden Ring,PS4,,73745,176
2300,176,PS4,2022-12-26,07:00 PM,90,Lounge,Online Multiplayer,Controller,Elden Ring,PS4,,73745,176
2301,176,PS4,2022-12-27,08:00 AM,90,Lounge,Singleplayer,Controller,Elden Ring,PS4,,73745,176
2302,176,PS4,2022-12-27,03:00 PM,75,Lounge,Singleplayer,Controller,Elden Ring,PS4,,73745,176
2303,176,PS4,2022-12-27,07:00 PM,120,Lounge,Online Multiplayer,Controller,Elden Ring,PS4,,73745,176
2304,176,PS4,2022-12-28,08:00 AM,105,Lounge,Singleplayer,Controller,Elden Ring,PS4,,73745,176
2305,176,PS4,2022-12-28,02:00 PM,75,Lounge,Singleplayer,Controller,Elden Ring,PS4,,73745,176
2306,176,PS4,2022-12-29,07:00 AM,30,Lounge,Singleplayer,Controller,Elden Ring,PS4,,73745,176
2307,176,PS4,2022-12-30,07:00 AM,90,Lounge,Singleplayer,Controller,Elden Ring,PS4,,73745,176
2308,176,PS4,2022-12-30,10:00 AM,75,Lounge,Online Multiplayer,Controller,Elden Ring,PS4,,73745,176
2309,176,PS4,2022-12-30,03:00 PM,60,Lounge,Singleplayer,Controller,Elden Ring,PS4,,73745,176
2310,176,PS4,2022-12-30,07:00 PM,45,Lounge,Singleplayer,Controller,Elden Ring,PS4,,73745,176
2311,176,PS4,2022-12-31,08:00 AM,60,Lounge,Singleplayer,Controller,Elden Ring,PS4,,73745,176
2312,176,PS4,2022-12-31,04:00 PM,90,Lounge,Online Multiplayer,Controller,Elden Ring,PS4,,73745,176
2313,176,PS4,2022-12-31,06:00 PM,30,Lounge,Singleplayer,Controller,Elden Ring,PS4,,73745,176
2314,176,PS4,2023-01-01,07:00 PM,60,Lounge,Singleplayer,Controller,Elden Ring,PS4,,73745,176
2315,176,PS4,2023-01-02,08:00 AM,45,Lounge,Singleplayer,Controller,Elden Ring,PS4,,73745,176
2316,176,PS4,2023-01-02,03:00 PM,60,Lounge,Singleplayer,Controller,Elden Ring,PS4,,73745,176
2317,176,PS4,2023-01-03,08:00 AM,45,Lounge,Singleplayer,Controller,Elden Ring,PS4,,73745,176
2318,176,PS4,2023-01-03,01:00 PM,45,Lounge,Singleplayer,Controller,Elden Ring,PS4,,73745,176
2319,176,PS4,2023-01-04,08:00 AM,45,Lounge,Singleplayer,Controller,Elden Ring,PS4,,73745,176
2320,176,PS4,2023-01-04,03:00 PM,75,Lounge,Singleplayer,Controller,Elden Ring,PS4,,73745,176
2321,176,PS4,2023-01-05,07:00 AM,60,Lounge,Singleplayer,Controller,Elden Ring,PS4,,73745,176
2322,176,PS4,2023-01-08,05:00 PM,60,Lounge,Singleplayer,Controller,Elden Ring,PS4,,73745,176
2323,176,PS4,2023-01-08,09:00 PM,60,Lounge,Singleplayer,Controller,Elden Ring,PS4,,73745,176
2324,176,PS4,2023-01-09,08:00 AM,90,Lounge,Singleplayer,Controller,Elden Ring,PS4,,73745,176
2325,176,PS4,2023-01-09,01:00 PM,90,Lounge,Singleplayer,Controller,Elden Ring,PS4,,73745,176
2326,176,PS4,2023-01-09,05:00 PM,30,Lounge,Online Multiplayer,Controller,Elden Ring,PS4,,73745,176
2327,176,PS4,2023-01-09,09:00 PM,60,Lounge,Singleplayer,Controller,Elden Ring,PS4,,73745,176
2328,176,PS4,2023-01-10,08:00 AM,75,Lounge,Singleplayer,Controller,Elden Ring,PS4,,73745,176
2329,176,PS4,2023-01-10,10:00 AM,60,Lounge,Singleplayer,Controller,Elden Ring,PS4,,73745,176
2330,176,PS4,2023-01-10,03:00 PM,90,Lounge,Singleplayer,Controller,Elden Ring,PS4,,73745,176
2331,176,PS4,2023-01-10,09:00 PM,45,Lounge,Singleplayer,Controller,Elden Ring,PS4,,73745,176
2332,176,PS4,2023-01-11,04:00 PM,60,Lounge,Singleplayer,Controller,Elden Ring,PS4,,73745,176
2333,176,PS4,2023-01-12,05:00 PM,120,Lounge,Online Multiplayer,Controller,Elden Ring,PS4,,73745,176
2334,176,PS4,2023-01-13,04:00 PM,90,Lounge,Singleplayer,Controller,Elden Ring,PS4,,73745,176
2335,176,PS4,2023-01-14,07:00 AM,75,Lounge,Singleplayer,Controller,Elden Ring,PS4,,73745,176
2336,176,PS4,2023-01-14,09:00 AM,30,Lounge,Singleplayer,Controller,Elden Ring,PS4,,73745,176
2337,176,PS4,2023-01-14,08:00 PM,150,Lounge,Online Multiplayer,Controller,Elden Ring,PS4,,73745,176
2338,176,PS4,2023-01-15,08:00 AM,90,Lounge,Singleplayer,Controller,Elden Ring,PS4,,73745,176
2339,176,PS4,2023-01-15,01:00 PM,60,Lounge,Singleplayer,Controller,Elden Ring,PS4,,73745,176
2340,176,PS4,2023-01-15,05:00 PM,45,Lounge,Singleplayer,Controller,Elden Ring,PS4,,73745,176
2341,176,PS4,2023-01-15,06:00 PM,90,Lounge,Online Multiplayer,Controller,Elden Ring,PS4,,73745,176
2342,176,PS4,2023-01-16,04:00 PM,60,Lounge,Singleplayer,Controller,Elden Ring,PS4,,73745,176
2343,176,PS4,2023-01-17,04:00 PM,60,Lounge,Singleplayer,Controller,Elden Ring,PS4,,73745,176
2344,176,PS4,2023-01-17,05:00 PM,90,Lounge,Online Multiplayer,Controller,Elden Ring,PS4,,73745,176
2345,176,PS4,2023-01-17,09:00 PM,60,Lounge,Singleplayer,Controller,Elden Ring,PS4,,73745,176
2346,176,PS4,2023-01-18,04:00 PM,45,Lounge,Singleplayer,Controller,Elden Ring,PS4,,73745,176
2347,176,PS4,2023-01-19,12:00 PM,45,Lounge,Singleplayer,Controller,Elden Ring,PS4,,73745,176
2348,176,PS4,2023-01-19,04:00 PM,45,Lounge,Singleplayer,Controller,Elden Ring,PS4,,73745,176
2349,176,PS4,2023-01-19,09:00 PM,60,Lounge,Singleplayer,Controller,Elden Ring,PS4,,73745,176
2350,176,PS4,2023-01-20,04:00 PM,105,Lounge,Singleplayer,Controller,Elden Ring,PS4,,73745,176
2351,176,PS4,2023-01-20,09:00 PM,90,Lounge,Singleplayer,Controller,Elden Ring,PS4,,73745,176
2352,176,PS4,2023-01-21,07:00 AM,60,Lounge,Singleplayer,Controller,Elden Ring,PS4,,73745,176
2353,176,PS4,2023-01-21,10:00 AM,45,Lounge,Singleplayer,Controller,Elden Ring,PS4,,73745,176
2354,176,PS4,2023-01-22,07:00 AM,60,Lounge,Singleplayer,Controller,Elden Ring,PS4,,73745,176
2355,176,PS4,2023-01-22,11:00 AM,45,Lounge,Singleplayer,Controller,Elden Ring,PS4,,73745,176
2356,176,PS4,2023-01-22,06:00 PM,90,Lounge,Online Multiplayer,Controller,Elden Ring,PS4,,73745,176
2357,176,PS4,2023-01-23,04:00 PM,60,Lounge,Singleplayer,Controller,Elden Ring,PS4,,73745,176
2358,176,PS4,2023-01-24,04:00 PM,75,Lounge,Singleplayer,Controller,Elden Ring,PS4,,73745,176
2359,176,PS4,2023-01-25,05:00 PM,45,Lounge,Singleplayer,Controller,Elden Ring,PS4,,73745,176
2360,176,PS4,2023-01-25,04:00 PM,75,Lounge,Singleplayer,Controller,Elden Ring,PS4,,73745,176
2361,176,PS4,2023-02-01,04:00 PM,30,Lounge,Singleplayer,Controller,Elden Ring,PS4,,73745,176
2362,176,PS4,2023-02-02,12:00 PM,30,Lounge,Singleplayer,Controller,Elden Ring,PS4,,73745,176
2363,176,PS4,2023-02-02,04:00 PM,45,Lounge,Singleplayer,Controller,Elden Ring,PS4,,73745,176
2364,176,PS4,2023-02-02,08:00 PM,60,Lounge,Online Multiplayer,Controller,Elden Ring,PS4,,73745,176
2365,176,PS4,2023-02-03,04:00 PM,60,Lounge,Singleplayer,Controller,Elden Ring,PS4,,73745,176
2366,176,PS4,2023-02-03,08:00 PM,150,Lounge,Online Multiplayer,Controller,Elden Ring,PS4,,73745,176
2367,176,PS4,2023-02-04,07:00 AM,60,Lounge,Singleplayer,Controller,Elden Ring,PS4,,73745,176
2368,176,PS4,2023-02-04,09:00 AM,60,Lounge,Singleplayer,Controller,Elden Ring,PS4,,73745,176
2369,176,PS4,2023-02-04,01:00 PM,75,Lounge,Singleplayer,Controller,Elden Ring,PS4,,73745,176
2370,176,PS4,2023-02-04,04:00 PM,60,Lounge,Singleplayer,Controller,Elden Ring,PS4,,73745,176
2371,176,PS4,2023-02-04,07:00 PM,30,Lounge,Singleplayer,Controller,Elden Ring,PS4,,73745,176
2372,176,PS4,2023-02-05,07:00 AM,60,Lounge,Singleplayer,Controller,Elden Ring,PS4,,73745,176
2373,176,PS4,2023-02-05,05:00 PM,60,Lounge,Singleplayer,Controller,Elden Ring,PS4,,73745,176
2374,176,PS4,2023-02-05,08:00 PM,120,Lounge,Online Multiplayer,Controller,Elden Ring,PS4,,73745,176
2375,176,PS4,2023-02-06,04:00 PM,60,Lounge,Singleplayer,Controller,Elden Ring,PS4,,73745,176
2376,176,PS4,2023-02-07,04:00 PM,75,Lounge,Singleplayer,Controller,Elden Ring,PS4,,73745,176
2377,176,PS4,2023-02-08,04:00 PM,60,Lounge,Singleplayer,Controller,Elden Ring,PS4,,73745,176
2378,176,PS4,2023-02-09,04:00 PM,30,Lounge,Singleplayer,Controller,Elden Ring,PS4,,73745,176
2379,176,PS4,2023-02-09,06:00 PM,60,Lounge,Online Multiplayer,Controller,Elden Ring,PS4,,73745,176
2380,176,PS4,2023-02-09,09:00 PM,45,Lounge,Singleplayer,Controller,Elden Ring,PS4,,73745,176
2381,176,PS4,2023-02-12,07:00 PM,60,Lounge,Online Multiplayer,Controller,Elden Ring,PS4,,73745,176
2382,126,PC,2023-02-19,08:00 PM,45,Lounge,Online Multiplayer,Controller,Spelunky 2,PC,,62377,126
2383,177,PC,2023-02-23,07:00 PM,60,Lounge,Online Multiplayer,Keyboard & Mouse,Mushroom Wars 2,PC,,54789,177
2384,178,PS4,2023-02-24,04:00 PM,60,Lounge,Singleplayer,Controller,The Last of Us,PS4,,36989,178
2385,178,PS4,2023-02-24,08:00 PM,30,Lounge,Singleplayer,Controller,The Last of Us,PS4,,36989,178
2386,126,PC,2023-02-24,08:00 PM,30,Lounge,Online Multiplayer,Controller,Spelunky 2,PC,,62377,126
2387,177,PC,2023-02-24,09:00 PM,60,Lounge,Online Multiplayer,Keyboard & Mouse,Mushroom Wars 2,PC,,54789,177
2388,178,PS4,2023-02-26,09:00 PM,30,Lounge,Singleplayer,Controller,The Last of Us,PS4,,36989,178
2389,178,PS4,2023-02-27,05:00 PM,60,Lounge,Singleplayer,Controller,The Last of Us,PS4,,36989,178
2390,178,PS4,2023-02-28,04:00 PM,60,Lounge,Singleplayer,Controller,The Last of Us,PS4,,36989,178
2391,178,PS4,2023-03-05,07:00 PM,60,Lounge,Singleplayer,Controller,The Last of Us,PS4,,36989,178
2392,178,PS4,2023-03-06,04:00 PM,60,Lounge,Singleplayer,Controller,The Last of Us,PS4,,36989,178
2393,178,PS4,2023-03-07,05:00 PM,60,Lounge,Singleplayer,Controller,The Last of Us,PS4,,36989,178
2394,178,PS4,2023-03-08,05:00 PM,60,Lounge,Singleplayer,Controller,The Last of Us,PS4,,36989,178
2395,178,PS4,2023-03-09,05:00 PM,45,Lounge,Singleplayer,Controller,The Last of Us,PS4,,36989,178
2396,178,PS4,2023-03-09,07:00 PM,90,Lounge,Singleplayer,Controller,The Last of Us,PS4,,36989,178
2397,178,PS4,2023-03-16,09:00 PM,45,Lounge,Singleplayer,Controller,The Last of Us,PS4,,36989,178
2398,178,PS4,2023-03-17,04:00 PM,45,Lounge,Singleplayer,Controller,The Last of Us,PS4,,36989,178
2399,178,PS4,2023-03-17,09:00 PM,60,Lounge,Singleplayer,Controller,The Last of Us,PS4,,36989,178
2400,179,PS4,2023-03-18,08:00 AM,60,Lounge,Singleplayer,Controller,The Last of Us: Left Behind,PS4,,50432,179
2401,179,PS4,2023-03-19,04:00 PM,60,Lounge,Singleplayer,Controller,The Last of Us: Left Behind,PS4,,50432,179
2402,126,PC,2023-03-21,06:00 PM,30,Lounge,Online Multiplayer,Controller,Spelunky 2,PC,,62377,126
2403,180,PS4,2023-03-26,09:00 AM,60,Lounge,Singleplayer,Controller,The Forgotten City,PS4,,68971,180
2404,126,PC,2023-03-27,05:00 PM,30,Lounge,Online Multiplayer,Controller,Spelunky 2,PC,,62377,126
2405,180,PS4,2023-03-28,05:00 PM,75,Lounge,Singleplayer,Controller,The Forgotten City,PS4,,68971,180
2406,180,PS4,2023-03-29,04:00 PM,60,Lounge,Singleplayer,Controller,The Forgotten City,PS4,,68971,180
2407,181,PC,2023-04-03,12:00 PM,30,Lounge,Online Multiplayer,Controller,F1 22,PC,,85973,181
2408,181,PC,2023-04-03,04:00 PM,45,Lounge,Online Multiplayer,Controller,F1 22,PC,,85973,181
2409,181,PC,2023-04-04,05:00 PM,30,Lounge,Online Multiplayer,Controller,F1 22,PC,,85973,181
2410,181,PC,2023-04-05,04:00 PM,45,Lounge,Online Multiplayer,Controller,F1 22,PC,,85973,181
2411,181,PC,2023-04-07,10:00 AM,30,Lounge,Online Multiplayer,Controller,F1 22,PC,,85973,181
2412,180,PS4,2023-04-08,10:00 AM,60,Lounge,Singleplayer,Controller,The Forgotten City,PS4,,68971,180
2413,180,PS4,2023-04-10,08:00 AM,60,Lounge,Singleplayer,Controller,The Forgotten City,PS4,,68971,180
2414,181,PC,2023-04-10,10:00 AM,30,Lounge,Online Multiplayer,Controller,F1 22,PC,,85973,181
2415,180,PS4,2023-04-10,03:00 PM,60,Lounge,Singleplayer,Controller,The Forgotten City,PS4,,68971,180
2416,181,PC,2023-04-11,04:00 PM,45,Lounge,Online Multiplayer,Controller,F1 22,PC,,85973,181
2417,181,PC,2023-04-13,04:00 PM,45,Lounge,Online Multiplayer,Controller,F1 22,PC,,85973,181
2418,181,PC,2023-04-14,04:00 PM,45,Lounge,Online Multiplayer,Controller,F1 22,PC,,85973,181
2419,182,PC,2023-04-14,07:00 PM,30,Lounge,Online Multiplayer,Controller,Spiderheck,PC,,87509,182
2420,150,PC,2023-04-14,08:00 PM,60,Lounge,Online Multiplayer,Controller,Risk of Rain 2,PC,,69787,150
2421,183,PC,2023-04-15,07:00 AM,45,Lounge,Singleplayer,Controller,Valheim,PC,,69132,183
2422,181,PC,2023-04-20,05:00 PM,45,Lounge,Online Multiplayer,Controller,F1 22,PC,,85973,181
2423,181,PC,2023-04-21,04:00 PM,30,Lounge,Online Multiplayer,Controller,F1 22,PC,,85973,181
2424,181,PC,2023-04-23,10:00 AM,30,Lounge,Online Multiplayer,Controller,F1 22,PC,,85973,181
2425,126,PC,2023-04-25,09:00 AM,30,Lounge,Online Multiplayer,Controller,Spelunky 2,PC,,62377,126
2426,182,PC,2023-04-25,09:00 AM,30,Lounge,Online Multiplayer,Controller,Spiderheck,PC,,87509,182
2427,126,PC,2023-05-11,06:00 PM,30,Lounge,Online Multiplayer,Controller,Spelunky 2,PC,,62377,126
2428,184,Switch,2023-05-12,04:00 PM,105,Lounge,Singleplayer,Controller,Legend of Zelda: Tears of the Kingdom,Nintendo Switch,,73813,184
2429,184,Switch,2023-05-13,01:00 PM,90,Lounge,Singleplayer,Controller,Legend of Zelda: Tears of the Kingdom,Nintendo Switch,,73813,184
2430,184,Switch,2023-05-14,07:00 AM,60,Lounge,Singleplayer,Controller,Legend of Zelda: Tears of the Kingdom,Nintendo Switch,,73813,184
2431,184,Switch,2023-05-14,09:00 AM,120,Lounge,Singleplayer,Controller,Legend of Zelda: Tears of the Kingdom,Nintendo Switch,,73813,184
2432,184,Switch,2023-05-14,03:00 PM,30,Lounge,Singleplayer,Controller,Legend of Zelda: Tears of the Kingdom,Nintendo Switch,,73813,184
2433,184,Switch,2023-05-15,12:00 PM,30,Lounge,Singleplayer,Controller,Legend of Zelda: Tears of the Kingdom,Nintendo Switch,,73813,184
2434,184,Switch,2023-05-15,04:00 PM,30,Lounge,Singleplayer,Controller,Legend of Zelda: Tears of the Kingdom,Nintendo Switch,,73813,184
2435,184,Switch,2023-05-15,10:00 PM,30,Lounge,Singleplayer,Controller,Legend of Zelda: Tears of the Kingdom,Nintendo Switch,,73813,184
2436,184,Switch,2023-05-16,12:00 PM,30,Lounge,Singleplayer,Controller,Legend of Zelda: Tears of the Kingdom,Nintendo Switch,,73813,184
2437,184,Switch,2023-05-16,04:00 PM,90,Lounge,Singleplayer,Controller,Legend of Zelda: Tears of the Kingdom,Nintendo Switch,,73813,184
2438,184,Switch,2023-05-16,10:00 PM,30,Lounge,Singleplayer,Controller,Legend of Zelda: Tears of the Kingdom,Nintendo Switch,,73813,184
2439,184,Switch,2023-05-17,04:00 PM,90,Lounge,Singleplayer,Controller,Legend of Zelda: Tears of the Kingdom,Nintendo Switch,,73813,184
2440,184,Switch,2023-05-18,12:00 PM,30,Lounge,Singleplayer,Controller,Legend of Zelda: Tears of the Kingdom,Nintendo Switch,,73813,184
2441,184,Switch,2023-05-18,04:00 PM,60,Lounge,Singleplayer,Controller,Legend of Zelda: Tears of the Kingdom,Nintendo Switch,,73813,184
2442,184,Switch,2023-05-19,04:00 PM,90,Lounge,Singleplayer,Controller,Legend of Zelda: Tears of the Kingdom,Nintendo Switch,,73813,184
2443,184,Switch,2023-05-20,07:00 AM,45,Lounge,Singleplayer,Controller,Legend of Zelda: Tears of the Kingdom,Nintendo Switch,,73813,184
2444,184,Switch,2023-05-21,08:00 AM,60,Lounge,Singleplayer,Controller,Legend of Zelda: Tears of the Kingdom,Nintendo Switch,,73813,184
2445,184,Switch,2023-05-21,07:00 PM,60,Lounge,Singleplayer,Controller,Legend of Zelda: Tears of the Kingdom,Nintendo Switch,,73813,184
2446,184,Switch,2023-05-22,12:00 PM,45,Lounge,Singleplayer,Controller,Legend of Zelda: Tears of the Kingdom,Nintendo Switch,,73813,184
2447,184,Switch,2023-05-23,05:00 PM,60,Lounge,Singleplayer,Controller,Legend of Zelda: Tears of the Kingdom,Nintendo Switch,,73813,184
2448,184,Switch,2023-05-24,07:00 AM,45,Lounge,Singleplayer,Controller,Legend of Zelda: Tears of the Kingdom,Nintendo Switch,,73813,184
2449,184,Switch,2023-05-24,01:00 PM,45,Lounge,Singleplayer,Controller,Legend of Zelda: Tears of the Kingdom,Nintendo Switch,,73813,184
2450,184,Switch,2023-05-25,04:00 PM,60,Lounge,Singleplayer,Controller,Legend of Zelda: Tears of the Kingdom,Nintendo Switch,,73813,184
2451,184,Switch,2023-05-25,06:00 PM,60,Lounge,Singleplayer,Controller,Legend of Zelda: Tears of the Kingdom,Nintendo Switch,,73813,184
2452,184,Switch,2023-05-26,07:00 AM,45,Lounge,Singleplayer,Controller,Legend of Zelda: Tears of the Kingdom,Nintendo Switch,,73813,184
2453,184,Switch,2023-05-27,07:00 AM,30,Lounge,Singleplayer,Controller,Legend of Zelda: Tears of the Kingdom,Nintendo Switch,,73813,184
2454,184,Switch,2023-05-27,09:00 PM,45,Lounge,Singleplayer,Controller,Legend of Zelda: Tears of the Kingdom,Nintendo Switch,,73813,184
2455,184,Switch,2023-05-28,08:00 AM,60,Lounge,Singleplayer,Controller,Legend of Zelda: Tears of the Kingdom,Nintendo Switch,,73813,184
2456,184,Switch,2023-05-28,07:00 PM,30,Lounge,Singleplayer,Controller,Legend of Zelda: Tears of the Kingdom,Nintendo Switch,,73813,184
2457,184,Switch,2023-05-28,09:00 PM,30,Lounge,Singleplayer,Controller,Legend of Zelda: Tears of the Kingdom,Nintendo Switch,,73813,184
2458,184,Switch,2023-05-29,12:00 PM,30,Lounge,Singleplayer,Controller,Legend of Zelda: Tears of the Kingdom,Nintendo Switch,,73813,184
2459,184,Switch,2023-05-30,12:00 PM,30,Lounge,Singleplayer,Controller,Legend of Zelda: Tears of the Kingdom,Nintendo Switch,,73813,184
2460,184,Switch,2023-05-30,04:00 PM,60,Lounge,Singleplayer,Controller,Legend of Zelda: Tears of the Kingdom,Nintendo Switch,,73813,184
2461,184,Switch,2023-06-01,12:00 PM,30,Lounge,Singleplayer,Controller,Legend of Zelda: Tears of the Kingdom,Nintendo Switch,,73813,184
2462,184,Switch,2023-06-01,04:00 PM,30,Lounge,Singleplayer,Controller,Legend of Zelda: Tears of the Kingdom,Nintendo Switch,,73813,184
2463,184,Switch,2023-06-01,08:00 PM,75,Lounge,Singleplayer,Controller,Legend of Zelda: Tears of the Kingdom,Nintendo Switch,,73813,184
2464,184,Switch,2023-06-01,04:00 PM,105,Lounge,Singleplayer,Controller,Legend of Zelda: Tears of the Kingdom,Nintendo Switch,,73813,184
2465,184,Switch,2023-06-02,07:00 AM,30,Lounge,Singleplayer,Controller,Legend of Zelda: Tears of the Kingdom,Nintendo Switch,,73813,184
2466,184,Switch,2023-06-02,09:00 PM,45,Lounge,Singleplayer,Controller,Legend of Zelda: Tears of the Kingdom,Nintendo Switch,,73813,184
2467,184,Switch,2023-06-04,07:00 AM,60,Lounge,Singleplayer,Controller,Legend of Zelda: Tears of the Kingdom,Nintendo Switch,,73813,184
2468,184,Switch,2023-06-04,06:00 PM,60,Lounge,Singleplayer,Controller,Legend of Zelda: Tears of the Kingdom,Nintendo Switch,,73813,184
2469,184,Switch,2023-06-06,12:00 PM,30,Lounge,Singleplayer,Controller,Legend of Zelda: Tears of the Kingdom,Nintendo Switch,,73813,184
2470,184,Switch,2023-06-06,04:00 PM,60,Lounge,Singleplayer,Controller,Legend of Zelda: Tears of the Kingdom,Nintendo Switch,,73813,184
2471,184,Switch,2023-06-07,04:00 PM,60,Lounge,Singleplayer,Controller,Legend of Zelda: Tears of the Kingdom,Nintendo Switch,,73813,184
2472,184,Switch,2023-06-07,09:00 PM,60,Lounge,Singleplayer,Controller,Legend of Zelda: Tears of the Kingdom,Nintendo Switch,,73813,184
2473,184,Switch,2023-06-08,08:00 PM,60,Lounge,Singleplayer,Controller,Legend of Zelda: Tears of the Kingdom,Nintendo Switch,,73813,184
2474,184,Switch,2023-06-09,09:00 AM,60,Plane,Singleplayer,Controller,Legend of Zelda: Tears of the Kingdom,Nintendo Switch,,73813,184
2475,184,Switch,2023-06-09,12:00 PM,45,Plane,Singleplayer,Controller,Legend of Zelda: Tears of the Kingdom,Nintendo Switch,,73813,184
2476,184,Switch,2023-06-10,06:00 AM,30,Bed,Singleplayer,Controller,Legend of Zelda: Tears of the Kingdom,Nintendo Switch,,73813,184
2477,184,Switch,2023-06-18,06:00 AM,30,Bed,Singleplayer,Controller,Legend of Zelda: Tears of the Kingdom,Nintendo Switch,,73813,184
2478,184,Switch,2023-06-19,06:00 AM,30,Bed,Singleplayer,Controller,Legend of Zelda: Tears of the Kingdom,Nintendo Switch,,73813,184
2479,184,Switch,2023-06-28,05:00 PM,45,Lounge,Singleplayer,Controller,Legend of Zelda: Tears of the Kingdom,Nintendo Switch,,73813,184
2480,184,Switch,2023-06-29,04:00 PM,30,Lounge,Singleplayer,Controller,Legend of Zelda: Tears of the Kingdom,Nintendo Switch,,73813,184
2481,184,Switch,2023-07-01,03:00 PM,60,Lounge,Singleplayer,Controller,Legend of Zelda: Tears of the Kingdom,Nintendo Switch,,73813,184
2482,184,Switch,2023-07-02,08:00 AM,60,Lounge,Singleplayer,Controller,Legend of Zelda: Tears of the Kingdom,Nintendo Switch,,73813,184
2483,126,PC,2023-07-04,06:00 PM,60,Lounge,Online Multiplayer,Controller,Spelunky 2,PC,,62377,126
2484,184,Switch,2023-07-06,05:00 PM,45,Lounge,Singleplayer,Controller,Legend of Zelda: Tears of the Kingdom,Nintendo Switch,,73813,184
2485,126,PC,2023-07-06,06:00 PM,60,Lounge,Online Multiplayer,Controller,Spelunky 2,PC,,62377,126
2486,184,Switch,2023-07-07,07:00 AM,45,Lounge,Singleplayer,Controller,Legend of Zelda: Tears of the Kingdom,Nintendo Switch,,73813,184
2487,184,Switch,2023-07-08,07:00 AM,30,Lounge,Singleplayer,Controller,Legend of Zelda: Tears of the Kingdom,Nintendo Switch,,73813,184
2488,184,Switch,2023-07-08,02:00 PM,60,Lounge,Singleplayer,Controller,Legend of Zelda: Tears of the Kingdom,Nintendo Switch,,73813,184
2489,184,Switch,2023-07-09,07:00 AM,60,Lounge,Singleplayer,Controller,Legend of Zelda: Tears of the Kingdom,Nintendo Switch,,73813,184
2490,184,Switch,2023-07-09,11:00 AM,60,Lounge,Singleplayer,Controller,Legend of Zelda: Tears of the Kingdom,Nintendo Switch,,73813,184
2491,184,Switch,2023-07-09,06:00 PM,30,Lounge,Singleplayer,Controller,Legend of Zelda: Tears of the Kingdom,Nintendo Switch,,73813,184
2492,184,Switch,2023-07-09,09:00 PM,30,Lounge,Singleplayer,Controller,Legend of Zelda: Tears of the Kingdom,Nintendo Switch,,73813,184
2493,184,Switch,2023-07-10,04:00 PM,60,Lounge,Singleplayer,Controller,Legend of Zelda: Tears of the Kingdom,Nintendo Switch,,73813,184
2494,184,Switch,2023-07-10,07:00 PM,60,Lounge,Singleplayer,Controller,Legend of Zelda: Tears of the Kingdom,Nintendo Switch,,73813,184
2495,184,Switch,2023-07-11,04:00 PM,60,Lounge,Singleplayer,Controller,Legend of Zelda: Tears of the Kingdom,Nintendo Switch,,73813,184
2496,126,PC,2023-07-11,06:00 PM,45,Lounge,Online Multiplayer,Controller,Spelunky 2,PC,,62377,126
2497,184,Switch,2023-07-12,04:00 PM,45,Lounge,Singleplayer,Controller,Legend of Zelda: Tears of the Kingdom,Nintendo Switch,,73813,184
2498,184,Switch,2023-07-13,08:00 AM,30,Lounge,Singleplayer,Controller,Legend of Zelda: Tears of the Kingdom,Nintendo Switch,,73813,184
2499,184,Switch,2023-07-13,04:00 PM,60,Lounge,Singleplayer,Controller,Legend of Zelda: Tears of the Kingdom,Nintendo Switch,,73813,184
2500,184,Switch,2023-07-14,07:00 AM,45,Lounge,Singleplayer,Controller,Legend of Zelda: Tears of the Kingdom,Nintendo Switch,,73813,184
2501,184,Switch,2023-07-14,06:00 PM,45,Lounge,Singleplayer,Controller,Legend of Zelda: Tears of the Kingdom,Nintendo Switch,,73813,184
2502,184,Switch,2023-07-15,08:00 AM,60,Lounge,Singleplayer,Controller,Legend of Zelda: Tears of the Kingdom,Nintendo Switch,,73813,184
2503,184,Switch,2023-07-16,07:00 AM,60,Lounge,Singleplayer,Controller,Legend of Zelda: Tears of the Kingdom,Nintendo Switch,,73813,184
2504,9,Switch,2023-07-16,01:00 PM,75,Lounge,Local Multiplayer,Controller,Mario Kart 8,Nintendo Switch,,42929,9
2505,184,Switch,2023-07-17,03:00 PM,60,Lounge,Singleplayer,Controller,Legend of Zelda: Tears of the Kingdom,Nintendo Switch,,73813,184
2506,184,Switch,2023-07-18,07:00 AM,60,Lounge,Singleplayer,Controller,Legend of Zelda: Tears of the Kingdom,Nintendo Switch,,73813,184
2507,184,Switch,2023-07-18,11:00 AM,45,Lounge,Singleplayer,Controller,Legend of Zelda: Tears of the Kingdom,Nintendo Switch,,73813,184
2508,184,Switch,2023-07-18,05:00 PM,45,Lounge,Singleplayer,Controller,Legend of Zelda: Tears of the Kingdom,Nintendo Switch,,73813,184
2509,184,Switch,2023-07-20,07:00 AM,30,Lounge,Singleplayer,Controller,Legend of Zelda: Tears of the Kingdom,Nintendo Switch,,73813,184
2510,184,Switch,2023-07-20,04:00 PM,60,Lounge,Singleplayer,Controller,Legend of Zelda: Tears of the Kingdom,Nintendo Switch,,73813,184
2511,184,Switch,2023-07-21,07:00 AM,30,Lounge,Singleplayer,Controller,Legend of Zelda: Tears of the Kingdom,Nintendo Switch,,73813,184
2512,184,Switch,2023-07-21,12:00 PM,45,Lounge,Singleplayer,Controller,Legend of Zelda: Tears of the Kingdom,Nintendo Switch,,73813,184
2513,184,Switch,2023-07-22,07:00 AM,45,Lounge,Singleplayer,Controller,Legend of Zelda: Tears of the Kingdom,Nintendo Switch,,73813,184
2514,184,Switch,2023-07-22,02:00 PM,60,Lounge,Singleplayer,Controller,Legend of Zelda: Tears of the Kingdom,Nintendo Switch,,73813,184
2515,184,Switch,2023-07-22,05:00 PM,30,Lounge,Singleplayer,Controller,Legend of Zelda: Tears of the Kingdom,Nintendo Switch,,73813,184
2516,184,Switch,2023-07-23,08:00 AM,45,Lounge,Singleplayer,Controller,Legend of Zelda: Tears of the Kingdom,Nintendo Switch,,73813,184
2517,184,Switch,2023-07-23,11:00 AM,30,Lounge,Singleplayer,Controller,Legend of Zelda: Tears of the Kingdom,Nintendo Switch,,73813,184
2518,184,Switch,2023-07-23,05:00 PM,30,Lounge,Singleplayer,Controller,Legend of Zelda: Tears of the Kingdom,Nintendo Switch,,73813,184
2519,184,Switch,2023-07-23,08:00 AM,30,Lounge,Singleplayer,Controller,Legend of Zelda: Tears of the Kingdom,Nintendo Switch,,73813,184
2520,184,Switch,2023-07-24,12:00 PM,30,Lounge,Singleplayer,Controller,Legend of Zelda: Tears of the Kingdom,Nintendo Switch,,73813,184
2521,184,Switch,2023-07-24,05:00 PM,60,Lounge,Singleplayer,Controller,Legend of Zelda: Tears of the Kingdom,Nintendo Switch,,73813,184
2522,184,Switch,2023-07-24,10:00 PM,30,Lounge,Singleplayer,Controller,Legend of Zelda: Tears of the Kingdom,Nintendo Switch,,73813,184
2523,184,Switch,2023-07-25,08:00 AM,30,Lounge,Singleplayer,Controller,Legend of Zelda: Tears of the Kingdom,Nintendo Switch,,73813,184
2524,184,Switch,2023-07-25,12:00 PM,30,Lounge,Singleplayer,Controller,Legend of Zelda: Tears of the Kingdom,Nintendo Switch,,73813,184
2525,184,Switch,2023-07-25,05:00 PM,75,Lounge,Singleplayer,Controller,Legend of Zelda: Tears of the Kingdom,Nintendo Switch,,73813,184
2526,184,Switch,2023-07-26,09:00 PM,30,Lounge,Singleplayer,Controller,Legend of Zelda: Tears of the Kingdom,Nintendo Switch,,73813,184
2527,184,Switch,2023-07-27,06:00 AM,30,Lounge,Singleplayer,Controller,Legend of Zelda: Tears of the Kingdom,Nintendo Switch,,73813,184
2528,184,Switch,2023-07-28,04:00 PM,30,Lounge,Singleplayer,Controller,Legend of Zelda: Tears of the Kingdom,Nintendo Switch,,73813,184
2529,184,Switch,2023-07-29,07:00 AM,30,Lounge,Singleplayer,Controller,Legend of Zelda: Tears of the Kingdom,Nintendo Switch,,73813,184
2530,184,Switch,2023-07-29,12:00 PM,60,Lounge,Singleplayer,Controller,Legend of Zelda: Tears of the Kingdom,Nintendo Switch,,73813,184
2531,184,Switch,2023-07-29,04:00 PM,45,Lounge,Singleplayer,Controller,Legend of Zelda: Tears of the Kingdom,Nintendo Switch,,73813,184
2532,184,Switch,2023-07-30,07:00 AM,30,Lounge,Singleplayer,Controller,Legend of Zelda: Tears of the Kingdom,Nintendo Switch,,73813,184
2533,184,Switch,2023-07-30,04:00 PM,60,Lounge,Singleplayer,Controller,Legend of Zelda: Tears of the Kingdom,Nintendo Switch,,73813,184
2534,184,Switch,2023-07-31,07:00 AM,30,Lounge,Singleplayer,Controller,Legend of Zelda: Tears of the Kingdom,Nintendo Switch,,73813,184
2535,184,Switch,2023-07-31,06:00 PM,60,Lounge,Singleplayer,Controller,Legend of Zelda: Tears of the Kingdom,Nintendo Switch,,73813,184
2536,184,Switch,2023-08-01,07:00 AM,30,Lounge,Singleplayer,Controller,Legend of Zelda: Tears of the Kingdom,Nintendo Switch,,73813,184
2537,184,Switch,2023-08-01,12:00 PM,60,Lounge,Singleplayer,Controller,Legend of Zelda: Tears of the Kingdom,Nintendo Switch,,73813,184
2538,184,Switch,2023-08-01,05:00 PM,30,Lounge,Singleplayer,Controller,Legend of Zelda: Tears of the Kingdom,Nintendo Switch,,73813,184
2539,184,Switch,2023-08-01,10:00 PM,30,Lounge,Singleplayer,Controller,Legend of Zelda: Tears of the Kingdom,Nintendo Switch,,73813,184
2540,184,Switch,2023-08-02,07:00 AM,30,Lounge,Singleplayer,Controller,Legend of Zelda: Tears of the Kingdom,Nintendo Switch,,73813,184
2541,184,Switch,2023-08-02,09:00 PM,15,Lounge,Singleplayer,Controller,Legend of Zelda: Tears of the Kingdom,Nintendo Switch,,73813,184
2542,184,Switch,2023-08-03,07:00 AM,30,Lounge,Singleplayer,Controller,Legend of Zelda: Tears of the Kingdom,Nintendo Switch,,73813,184
2543,184,Switch,2023-08-03,12:00 PM,30,Lounge,Singleplayer,Controller,Legend of Zelda: Tears of the Kingdom,Nintendo Switch,,73813,184
2544,184,Switch,2023-08-03,04:00 PM,75,Lounge,Singleplayer,Controller,Legend of Zelda: Tears of the Kingdom,Nintendo Switch,,73813,184
2545,150,PC,2023-08-03,07:00 PM,60,Lounge,Online Multiplayer,Controller,Risk of Rain 2,PC,,69787,150
2546,184,Switch,2023-08-04,08:00 AM,30,Lounge,Singleplayer,Controller,Legend of Zelda: Tears of the Kingdom,Nintendo Switch,,73813,184
2547,184,Switch,2023-08-04,12:00 PM,30,Lounge,Singleplayer,Controller,Legend of Zelda: Tears of the Kingdom,Nintendo Switch,,73813,184
2548,184,Switch,2023-08-04,04:00 PM,45,Lounge,Singleplayer,Controller,Legend of Zelda: Tears of the Kingdom,Nintendo Switch,,73813,184
2549,184,Switch,2023-08-05,07:00 AM,30,Lounge,Singleplayer,Controller,Legend of Zelda: Tears of the Kingdom,Nintendo Switch,,73813,184
2550,184,Switch,2023-08-05,03:00 PM,45,Lounge,Singleplayer,Controller,Legend of Zelda: Tears of the Kingdom,Nintendo Switch,,73813,184
2551,184,Switch,2023-08-06,07:00 AM,45,Lounge,Singleplayer,Controller,Legend of Zelda: Tears of the Kingdom,Nintendo Switch,,73813,184
2552,184,Switch,2023-08-06,11:00 AM,45,Lounge,Singleplayer,Controller,Legend of Zelda: Tears of the Kingdom,Nintendo Switch,,73813,184
2553,150,PC,2023-08-06,06:00 PM,60,Lounge,Online Multiplayer,Controller,Risk of Rain 2,PC,,69787,150
2554,184,Switch,2023-08-07,07:00 AM,30,Lounge,Singleplayer,Controller,Legend of Zelda: Tears of the Kingdom,Nintendo Switch,,73813,184
2555,184,Switch,2023-08-07,12:00 PM,30,Lounge,Singleplayer,Controller,Legend of Zelda: Tears of the Kingdom,Nintendo Switch,,73813,184
2556,184,Switch,2023-08-07,05:00 PM,90,Lounge,Singleplayer,Controller,Legend of Zelda: Tears of the Kingdom,Nintendo Switch,,73813,184
2557,184,Switch,2023-08-08,08:00 AM,30,Lounge,Singleplayer,Controller,Legend of Zelda: Tears of the Kingdom,Nintendo Switch,,73813,184
2558,184,Switch,2023-08-08,12:00 PM,30,Lounge,Singleplayer,Controller,Legend of Zelda: Tears of the Kingdom,Nintendo Switch,,73813,184
2559,184,Switch,2023-08-08,05:00 PM,45,Lounge,Singleplayer,Controller,Legend of Zelda: Tears of the Kingdom,Nintendo Switch,,73813,184
2560,184,Switch,2023-08-10,12:00 PM,30,Lounge,Singleplayer,Controller,Legend of Zelda: Tears of the Kingdom,Nintendo Switch,,73813,184
2561,184,Switch,2023-08-10,05:00 PM,30,Lounge,Singleplayer,Controller,Legend of Zelda: Tears of the Kingdom,Nintendo Switch,,73813,184
2562,184,Switch,2023-08-10,06:00 PM,30,Lounge,Singleplayer,Controller,Legend of Zelda: Tears of the Kingdom,Nintendo Switch,,73813,184
2563,150,PC,2023-08-10,07:00 PM,60,Lounge,Online Multiplayer,Controller,Risk of Rain 2,PC,,69787,150
2564,184,Switch,2023-08-11,08:00 AM,30,Lounge,Singleplayer,Controller,Legend of Zelda: Tears of the Kingdom,Nintendo Switch,,73813,184
2565,184,Switch,2023-08-11,01:00 AM,30,Lounge,Singleplayer,Controller,Legend of Zelda: Tears of the Kingdom,Nintendo Switch,,73813,184
2566,184,Switch,2023-08-11,05:00 PM,75,Lounge,Singleplayer,Controller,Legend of Zelda: Tears of the Kingdom,Nintendo Switch,,73813,184
2567,184,Switch,2023-08-12,07:00 AM,30,Lounge,Singleplayer,Controller,Legend of Zelda: Tears of the Kingdom,Nintendo Switch,,73813,184
2568,184,Switch,2023-08-12,02:00 PM,75,Lounge,Singleplayer,Controller,Legend of Zelda: Tears of the Kingdom,Nintendo Switch,,73813,184
2569,184,Switch,2023-08-13,07:00 AM,45,Lounge,Singleplayer,Controller,Legend of Zelda: Tears of the Kingdom,Nintendo Switch,,73813,184
2570,184,Switch,2023-08-13,10:00 AM,60,Lounge,Singleplayer,Controller,Legend of Zelda: Tears of the Kingdom,Nintendo Switch,,73813,184
2571,184,Switch,2023-08-13,04:00 PM,60,Lounge,Singleplayer,Controller,Legend of Zelda: Tears of the Kingdom,Nintendo Switch,,73813,184
2572,184,Switch,2023-08-14,07:00 AM,30,Lounge,Singleplayer,Controller,Legend of Zelda: Tears of the Kingdom,Nintendo Switch,,73813,184
2573,184,Switch,2023-08-14,12:00 PM,30,Lounge,Singleplayer,Controller,Legend of Zelda: Tears of the Kingdom,Nintendo Switch,,73813,184
2574,184,Switch,2023-08-14,05:00 PM,75,Lounge,Singleplayer,Controller,Legend of Zelda: Tears of the Kingdom,Nintendo Switch,,73813,184
2575,184,Switch,2023-08-14,10:00 PM,45,Lounge,Singleplayer,Controller,Legend of Zelda: Tears of the Kingdom,Nintendo Switch,,73813,184
2576,184,Switch,2023-08-15,07:00 AM,30,Lounge,Singleplayer,Controller,Legend of Zelda: Tears of the Kingdom,Nintendo Switch,,73813,184
2577,184,Switch,2023-08-15,12:00 PM,30,Lounge,Singleplayer,Controller,Legend of Zelda: Tears of the Kingdom,Nintendo Switch,,73813,184
2578,184,Switch,2023-08-15,05:00 PM,60,Lounge,Singleplayer,Controller,Legend of Zelda: Tears of the Kingdom,Nintendo Switch,,73813,184
2579,150,PC,2023-08-15,06:00 PM,75,Lounge,Online Multiplayer,Controller,Risk of Rain 2,PC,,69787,150
2580,184,Switch,2023-08-15,08:00 PM,60,Lounge,Singleplayer,Controller,Legend of Zelda: Tears of the Kingdom,Nintendo Switch,,73813,184
2581,184,Switch,2023-08-16,07:00 AM,30,Lounge,Singleplayer,Controller,Legend of Zelda: Tears of the Kingdom,Nintendo Switch,,73813,184
2582,9,Switch,2023-08-16,06:00 PM,60,Lounge,Local Multiplayer,Controller,Mario Kart 8,Nintendo Switch,,42929,9
2583,184,Switch,2023-08-17,07:00 AM,30,Lounge,Singleplayer,Controller,Legend of Zelda: Tears of the Kingdom,Nintendo Switch,,73813,184
2584,184,Switch,2023-08-17,12:00 PM,30,Lounge,Singleplayer,Controller,Legend of Zelda: Tears of the Kingdom,Nintendo Switch,,73813,184
2585,184,Switch,2023-08-17,04:00 PM,60,Lounge,Singleplayer,Controller,Legend of Zelda: Tears of the Kingdom,Nintendo Switch,,73813,184
2586,150,PC,2023-08-17,06:00 PM,75,Lounge,Online Multiplayer,Controller,Risk of Rain 2,PC,,69787,150
2587,184,Switch,2023-08-17,08:00 PM,75,Lounge,Singleplayer,Controller,Legend of Zelda: Tears of the Kingdom,Nintendo Switch,,73813,184
2588,184,Switch,2023-08-18,07:00 AM,30,Lounge,Singleplayer,Controller,Legend of Zelda: Tears of the Kingdom,Nintendo Switch,,73813,184
2589,184,Switch,2023-08-18,12:00 PM,30,Lounge,Singleplayer,Controller,Legend of Zelda: Tears of the Kingdom,Nintendo Switch,,73813,184
2590,184,Switch,2023-08-18,05:00 PM,75,Lounge,Singleplayer,Controller,Legend of Zelda: Tears of the Kingdom,Nintendo Switch,,73813,184
2591,184,Switch,2023-08-19,07:00 AM,60,Lounge,Singleplayer,Controller,Legend of Zelda: Tears of the Kingdom,Nintendo Switch,,73813,184
2592,184,Switch,2023-08-19,01:00 PM,45,Lounge,Singleplayer,Controller,Legend of Zelda: Tears of the Kingdom,Nintendo Switch,,73813,184
2593,9,Switch,2023-08-19,02:00 PM,60,Lounge,Local Multiplayer,Controller,Mario Kart 8,Nintendo Switch,,42929,9
2594,184,Switch,2023-08-19,04:00 PM,60,Lounge,Singleplayer,Controller,Legend of Zelda: Tears of the Kingdom,Nintendo Switch,,73813,184
2595,150,PC,2023-08-19,06:00 PM,180,Lounge,Online Multiplayer,Controller,Risk of Rain 2,PC,,69787,150
2596,184,Switch,2023-08-20,08:00 AM,60,Lounge,Singleplayer,Controller,Legend of Zelda: Tears of the Kingdom,Nintendo Switch,,73813,184
2597,184,Switch,2023-08-20,11:00 AM,30,Lounge,Singleplayer,Controller,Legend of Zelda: Tears of the Kingdom,Nintendo Switch,,73813,184
2598,9,Switch,2023-08-20,01:00 PM,60,Lounge,Local Multiplayer,Controller,Mario Kart 8,Nintendo Switch,,42929,9
2599,184,Switch,2023-08-20,04:00 PM,60,Lounge,Singleplayer,Controller,Legend of Zelda: Tears of the Kingdom,Nintendo Switch,,73813,184
2600,184,Switch,2023-08-21,07:00 AM,30,Lounge,Singleplayer,Controller,Legend of Zelda: Tears of the Kingdom,Nintendo Switch,,73813,184
2601,184,Switch,2023-08-21,12:00 PM,30,Lounge,Singleplayer,Controller,Legend of Zelda: Tears of the Kingdom,Nintendo Switch,,73813,184
2602,184,Switch,2023-08-21,05:00 PM,45,Lounge,Singleplayer,Controller,Legend of Zelda: Tears of the Kingdom,Nintendo Switch,,73813,184
2603,184,Switch,2023-08-22,07:00 AM,30,Lounge,Singleplayer,Controller,Legend of Zelda: Tears of the Kingdom,Nintendo Switch,,73813,184
2604,184,Switch,2023-08-22,05:00 PM,75,Lounge,Singleplayer,Controller,Legend of Zelda: Tears of the Kingdom,Nintendo Switch,,73813,184
2605,150,PC,2023-08-24,07:00 PM,60,Lounge,Online Multiplayer,Controller,Risk of Rain 2,PC,,69787,150
2606,150,PC,2023-08-25,06:00 PM,90,Lounge,Online Multiplayer,Controller,Risk of Rain 2,PC,,69787,150
2607,9,Switch,2023-08-26,02:00 PM,30,Lounge,Online Multiplayer,Controller,Mario Kart 8,Nintendo Switch,,42929,9
2608,175,PS4,2023-08-26,03:00 PM,30,Lounge,Singleplayer,Controller,Rogue Legacy 2,PS4,,77804,175
2609,175,PS4,2023-08-26,05:00 PM,30,Lounge,Singleplayer,Controller,Rogue Legacy 2,PS4,,77804,175
2610,175,PS4,2023-08-28,05:00 PM,60,Lounge,Singleplayer,Controller,Rogue Legacy 2,PS4,,77804,175
2611,175,PS4,2023-08-29,05:00 PM,30,Lounge,Singleplayer,Controller,Rogue Legacy 2,PS4,,77804,175
2612,175,PS4,2023-08-29,08:00 PM,45,Lounge,Singleplayer,Controller,Rogue Legacy 2,PS4,,77804,175
2613,175,PS4,2023-08-31,05:00 PM,45,Lounge,Singleplayer,Controller,Rogue Legacy 2,PS4,,77804,175
2614,150,PC,2023-08-31,06:00 PM,75,Lounge,Online Multiplayer,Controller,Risk of Rain 2,PC,,69787,150
2615,175,PS4,2023-08-31,08:00 PM,60,Lounge,Singleplayer,Controller,Rogue Legacy 2,PS4,,77804,175
2616,175,PS4,2023-09-01,07:00 AM,30,Lounge,Singleplayer,Controller,Rogue Legacy 2,PS4,,77804,175
2617,175,PS4,2023-09-01,05:00 PM,60,Lounge,Singleplayer,Controller,Rogue Legacy 2,PS4,,77804,175
2618,175,PS4,2023-09-02,07:00 AM,30,Lounge,Singleplayer,Controller,Rogue Legacy 2,PS4,,77804,175
2619,175,PS4,2023-09-02,03:00 PM,45,Lounge,Singleplayer,Controller,Rogue Legacy 2,PS4,,77804,175
2620,175,PS4,2023-09-03,09:00 AM,30,Lounge,Singleplayer,Controller,Rogue Legacy 2,PS4,,77804,175
2621,175,PS4,2023-09-03,01:00 PM,60,Lounge,Singleplayer,Controller,Rogue Legacy 2,PS4,,77804,175
2622,175,PS4,2023-09-04,12:00 PM,30,Lounge,Singleplayer,Controller,Rogue Legacy 2,PS4,,77804,175
2623,175,PS4,2023-09-05,12:00 PM,30,Lounge,Singleplayer,Controller,Rogue Legacy 2,PS4,,77804,175
2624,175,PS4,2023-09-06,07:00 AM,30,Lounge,Singleplayer,Controller,Rogue Legacy 2,PS4,,77804,175
2625,175,PS4,2023-09-06,09:00 PM,30,Lounge,Singleplayer,Controller,Rogue Legacy 2,PS4,,77804,175
2626,175,PS4,2023-09-07,07:00 AM,30,Lounge,Singleplayer,Controller,Rogue Legacy 2,PS4,,77804,175
2627,175,PS4,2023-09-07,05:00 PM,60,Lounge,Singleplayer,Controller,Rogue Legacy 2,PS4,,77804,175
2628,175,PS4,2023-09-07,08:00 PM,60,Lounge,Singleplayer,Controller,Rogue Legacy 2,PS4,,77804,175
2629,175,PS4,2023-09-08,07:00 AM,30,Lounge,Singleplayer,Controller,Rogue Legacy 2,PS4,,77804,175
2630,175,PS4,2023-09-09,07:00 AM,60,Lounge,Singleplayer,Controller,Rogue Legacy 2,PS4,,77804,175
2631,175,PS4,2023-09-10,08:00 AM,45,Lounge,Singleplayer,Controller,Rogue Legacy 2,PS4,,77804,175
2632,175,PS4,2023-09-11,07:00 AM,45,Lounge,Singleplayer,Controller,Rogue Legacy 2,PS4,,77804,175
2633,175,PS4,2023-09-12,07:00 AM,30,Lounge,Singleplayer,Controller,Rogue Legacy 2,PS4,,77804,175
2634,175,PS4,2023-09-12,04:00 PM,60,Lounge,Singleplayer,Controller,Rogue Legacy 2,PS4,,77804,175
2635,175,PS4,2023-09-13,06:00 AM,45,Lounge,Singleplayer,Controller,Rogue Legacy 2,PS4,,77804,175
2636,175,PS4,2023-09-13,08:00 PM,60,Lounge,Singleplayer,Controller,Rogue Legacy 2,PS4,,77804,175
2637,175,PS4,2023-09-15,12:00 PM,45,Lounge,Singleplayer,Controller,Rogue Legacy 2,PS4,,77804,175
2638,175,PS4,2023-09-15,04:00 PM,45,Lounge,Singleplayer,Controller,Rogue Legacy 2,PS4,,77804,175
2639,126,PC,2023-09-15,07:00 PM,60,Lounge,Online Multiplayer,Controller,Spelunky 2,PC,,62377,126
2640,175,PS4,2023-09-16,05:00 PM,45,Lounge,Singleplayer,Controller,Rogue Legacy 2,PS4,,77804,175
2641,175,PS4,2023-09-17,08:00 AM,60,Lounge,Singleplayer,Controller,Rogue Legacy 2,PS4,,77804,175
2642,175,PS4,2023-09-17,03:00 PM,45,Lounge,Singleplayer,Controller,Rogue Legacy 2,PS4,,77804,175
2643,175,PS4,2023-09-18,07:00 AM,45,Lounge,Singleplayer,Controller,Rogue Legacy 2,PS4,,77804,175
2644,175,PS4,2023-09-19,05:00 PM,75,Lounge,Singleplayer,Controller,Rogue Legacy 2,PS4,,77804,175
2645,185,PS4,2023-09-25,05:00 PM,45,Lounge,Singleplayer,Controller,Inscryption,PS4,,82965,185
2646,185,PS4,2023-09-26,12:00 PM,60,Lounge,Singleplayer,Controller,Inscryption,PS4,,82965,185
2647,185,PS4,2023-09-26,05:00 PM,60,Lounge,Singleplayer,Controller,Inscryption,PS4,,82965,185
2648,185,PS4,2023-09-28,05:00 PM,60,Lounge,Singleplayer,Controller,Inscryption,PS4,,82965,185
2649,185,PS4,2023-09-29,01:00 PM,60,Lounge,Singleplayer,Controller,Inscryption,PS4,,82965,185
2650,185,PS4,2023-09-30,07:00 AM,30,Lounge,Singleplayer,Controller,Inscryption,PS4,,82965,185
2651,185,PS4,2023-10-01,04:00 PM,75,Lounge,Singleplayer,Controller,Inscryption,PS4,,82965,185
2652,185,PS4,2023-10-01,06:00 PM,45,Lounge,Singleplayer,Controller,Inscryption,PS4,,82965,185
2653,185,PS4,2023-10-02,05:00 PM,60,Lounge,Singleplayer,Controller,Inscryption,PS4,,82965,185
2654,185,PS4,2023-10-02,08:00 PM,30,Lounge,Singleplayer,Controller,Inscryption,PS4,,82965,185
2655,185,PS4,2023-10-03,07:00 AM,60,Lounge,Singleplayer,Controller,Inscryption,PS4,,82965,185
2656,185,PS4,2023-10-03,10:00 AM,90,Lounge,Singleplayer,Controller,Inscryption,PS4,,82965,185
2657,185,PS4,2023-10-03,03:00 PM,30,Lounge,Singleplayer,Controller,Inscryption,PS4,,82965,185
2658,186,PS3,2023-10-07,08:00 PM,45,Jordans Garage,Local Multiplayer,Controller,Driver: San Fransisco,PS3,,31634,186
2659,187,PS3,2023-10-07,09:00 PM,30,Jordans Garage,Online Multiplayer,Controller,Battlefield: 1943,PS3,,25262,187
2660,188,PS3,2023-10-07,10:00 PM,90,Jordans Garage,Local Multiplayer,Controller,Ratchet: Gladiator,PS3,,18745,188
2661,189,Switch,2023-10-11,06:00 PM,90,Lounge,Online Multiplayer,Controller,Kirby & the Amazing Mirror,Nintendo Switch,,83983,189
2662,189,Switch,2023-10-12,07:00 PM,90,Lounge,Online Multiplayer,Controller,Kirby & the Amazing Mirror,Nintendo Switch,,83983,189
2663,190,Switch,2023-10-14,03:00 PM,30,Lounge,Online Multiplayer,Controller,F-Zero 99,Nintendo Switch,,89841,190
2664,189,Switch,2023-10-14,04:00 PM,60,Lounge,Online Multiplayer,Controller,Kirby & the Amazing Mirror,Nintendo Switch,,83983,189
2665,189,Switch,2023-10-16,05:00 PM,90,Lounge,Online Multiplayer,Controller,Kirby & the Amazing Mirror,Nintendo Switch,,83983,189
2666,191,PC,2023-10-16,07:00 PM,30,Lounge,Online Multiplayer,Controller,Mario Kart: Super Circuit,Nintendo Switch,,16769,191
2667,150,PC,2023-10-19,06:00 PM,120,Lounge,Online Multiplayer,Controller,Risk of Rain 2,PC,,69787,150
2668,192,Switch,2023-10-22,06:00 PM,30,Lounge,Singleplayer,Controller,Super Mario Bros: Wonder,Nintendo Switch,,89481,192
2669,192,Switch,2023-10-23,07:00 AM,30,Lounge,Singleplayer,Controller,Super Mario Bros: Wonder,Nintendo Switch,,89481,192
2670,192,Switch,2023-10-23,06:00 PM,45,Lounge,Singleplayer,Controller,Super Mario Bros: Wonder,Nintendo Switch,,89481,192
2671,126,PC,2023-10-24,07:00 PM,30,Lounge,Singleplayer,Controller,Spelunky 2,PC,,62377,126
2672,192,Switch,2023-10-24,08:00 PM,30,Lounge,Singleplayer,Controller,Super Mario Bros: Wonder,Nintendo Switch,,89481,192
2673,192,Switch,2023-10-26,07:00 AM,15,Lounge,Singleplayer,Controller,Super Mario Bros: Wonder,Nintendo Switch,,89481,192
2674,192,Switch,2023-10-26,07:00 PM,15,Lounge,Singleplayer,Controller,Super Mario Bros: Wonder,Nintendo Switch,,89481,192
2675,192,Switch,2023-10-26,08:00 PM,30,Lounge,Singleplayer,Controller,Super Mario Bros: Wonder,Nintendo Switch,,89481,192
2676,192,Switch,2023-10-27,05:00 PM,30,Lounge,Singleplayer,Controller,Super Mario Bros: Wonder,Nintendo Switch,,89481,192
2677,192,Switch,2023-10-27,08:00 PM,30,Lounge,Singleplayer,Controller,Super Mario Bros: Wonder,Nintendo Switch,,89481,192
2678,192,Switch,2023-10-28,03:00 PM,30,Lounge,Singleplayer,Controller,Super Mario Bros: Wonder,Nintendo Switch,,89481,192
2679,192,Switch,2023-10-31,05:00 PM,30,Lounge,Singleplayer,Controller,Super Mario Bros: Wonder,Nintendo Switch,,89481,192
2680,192,Switch,2023-10-31,09:00 PM,30,Lounge,Singleplayer,Controller,Super Mario Bros: Wonder,Nintendo Switch,,89481,192
2681,192,Switch,2023-11-01,05:00 PM,30,Lounge,Singleplayer,Controller,Super Mario Bros: Wonder,Nintendo Switch,,89481,192
2682,192,Switch,2023-11-02,07:00 PM,60,Lounge,Online Multiplayer,Controller,Super Mario Bros: Wonder,Nintendo Switch,,89481,192
2683,192,Switch,2023-11-03,07:00 AM,30,Lounge,Singleplayer,Controller,Super Mario Bros: Wonder,Nintendo Switch,,89481,192
2684,192,Switch,2023-11-03,05:00 PM,30,Lounge,Singleplayer,Controller,Super Mario Bros: Wonder,Nintendo Switch,,89481,192
2685,192,Switch,2023-11-03,07:00 PM,60,Lounge,Online Multiplayer,Controller,Super Mario Bros: Wonder,Nintendo Switch,,89481,192
2686,192,Switch,2023-11-04,08:00 AM,30,Lounge,Singleplayer,Controller,Super Mario Bros: Wonder,Nintendo Switch,,89481,192
2687,193,PC,2023-11-04,08:00 PM,60,Kyle & Simones,Local Multiplayer,Controller,Madden 23,PS4,,86321,193
2688,192,Switch,2023-11-05,09:00 AM,30,Lounge,Singleplayer,Controller,Super Mario Bros: Wonder,Nintendo Switch,,89481,192
2689,192,Switch,2023-11-05,05:00 PM,30,Lounge,Singleplayer,Controller,Super Mario Bros: Wonder,Nintendo Switch,,89481,192
2690,192,Switch,2023-11-05,07:00 PM,30,Lounge,Online Multiplayer,Controller,Super Mario Bros: Wonder,Nintendo Switch,,89481,192
2691,192,Switch,2023-11-06,04:00 PM,30,Lounge,Singleplayer,Controller,Super Mario Bros: Wonder,Nintendo Switch,,89481,192
2692,192,Switch,2023-11-06,05:00 PM,30,Lounge,Singleplayer,Controller,Super Mario Bros: Wonder,Nintendo Switch,,89481,192
2693,192,Switch,2023-11-06,08:00 PM,30,Lounge,Singleplayer,Controller,Super Mario Bros: Wonder,Nintendo Switch,,89481,192
2694,192,Switch,2023-11-07,06:00 AM,30,Lounge,Singleplayer,Controller,Super Mario Bros: Wonder,Nintendo Switch,,89481,192
2695,192,Switch,2023-11-07,10:00 AM,30,Lounge,Singleplayer,Controller,Super Mario Bros: Wonder,Nintendo Switch,,89481,192
2696,192,Switch,2023-11-07,08:00 PM,30,Lounge,Singleplayer,Controller,Super Mario Bros: Wonder,Nintendo Switch,,89481,192
2697,192,Switch,2023-11-08,07:00 AM,15,Lounge,Singleplayer,Controller,Super Mario Bros: Wonder,Nintendo Switch,,89481,192
2698,192,Switch,2023-11-09,05:00 PM,30,Lounge,Singleplayer,Controller,Super Mario Bros: Wonder,Nintendo Switch,,89481,192
2699,9,Switch,2023-11-09,06:00 PM,30,Lounge,Online Multiplayer,Controller,Mario Kart 8,Nintendo Switch,,42929,9
2700,194,Switch,2023-11-09,07:00 PM,75,Lounge,Online Multiplayer,Controller,Risk of Rain Returns,Nintendo Switch,,90118,194
2701,194,Switch,2023-11-10,08:00 AM,15,Lounge,Singleplayer,Controller,Risk of Rain Returns,Nintendo Switch,,90118,194
2702,194,Switch,2023-11-10,12:00 PM,15,Lounge,Singleplayer,Controller,Risk of Rain Returns,Nintendo Switch,,90118,194
2703,194,Switch,2023-11-10,01:00 PM,30,Lounge,Singleplayer,Controller,Risk of Rain Returns,Nintendo Switch,,90118,194
2704,194,Switch,2023-11-10,05:00 PM,30,Lounge,Singleplayer,Controller,Risk of Rain Returns,Nintendo Switch,,90118,194
2705,194,Switch,2023-11-10,06:00 PM,90,Lounge,Online Multiplayer,Controller,Risk of Rain Returns,Nintendo Switch,,90118,194
2706,194,Switch,2023-11-11,07:00 AM,30,Lounge,Singleplayer,Controller,Risk of Rain Returns,Nintendo Switch,,90118,194
2707,194,Switch,2023-11-11,08:00 AM,45,Lounge,Singleplayer,Controller,Risk of Rain Returns,Nintendo Switch,,90118,194
2708,194,Switch,2023-11-11,03:00 PM,90,Lounge,Online Multiplayer,Controller,Risk of Rain Returns,Nintendo Switch,,90118,194
2709,194,Switch,2023-11-12,05:00 PM,30,Lounge,Singleplayer,Controller,Risk of Rain Returns,Nintendo Switch,,90118,194
2710,195,Switch,2023-11-14,12:00 PM,45,Lounge,Singleplayer,Controller,Dave the Diver,Nintendo Switch,,87950,195
2711,195,Switch,2023-11-14,05:00 PM,30,Lounge,Singleplayer,Controller,Dave the Diver,Nintendo Switch,,87950,195
2712,194,Switch,2023-11-14,06:00 PM,90,Lounge,Online Multiplayer,Controller,Risk of Rain Returns,Nintendo Switch,,90118,194
2713,195,Switch,2023-11-16,12:00 PM,30,Lounge,Singleplayer,Controller,Dave the Diver,Nintendo Switch,,87950,195
2714,195,Switch,2023-11-16,05:00 PM,30,Lounge,Local Multiplayer,Controller,Dave the Diver,Nintendo Switch,,87950,195
2715,195,Switch,2023-11-17,07:00 AM,30,Lounge,Local Multiplayer,Controller,Dave the Diver,Nintendo Switch,,87950,195
2716,195,Switch,2023-11-17,05:00 PM,30,Lounge,Local Multiplayer,Controller,Dave the Diver,Nintendo Switch,,87950,195
2717,195,Switch,2023-11-18,07:00 AM,30,Lounge,Singleplayer,Controller,Dave the Diver,Nintendo Switch,,87950,195
2718,105,PC,2023-11-18,10:00 AM,120,Lounge,Local Multiplayer,Keyboard & Mouse,Satisfactory,PC,,68951,105
2719,105,PC,2023-11-18,01:00 PM,165,Lounge,Local Multiplayer,Keyboard & Mouse,Satisfactory,PC,,68951,105
2720,105,PC,2023-11-18,04:00 PM,270,Lounge,Local Multiplayer,Keyboard & Mouse,Satisfactory,PC,,68951,105
2721,105,PC,2023-11-19,08:00 AM,180,Lounge,Singleplayer,Keyboard & Mouse,Satisfactory,PC,,68951,105
2722,105,PC,2023-11-19,02:00 PM,45,Lounge,Singleplayer,Keyboard & Mouse,Satisfactory,PC,,68951,105
2723,105,PC,2023-11-19,03:00 PM,90,Lounge,Singleplayer,Keyboard & Mouse,Satisfactory,PC,,68951,105
2724,105,PC,2023-11-19,07:00 PM,90,Lounge,Singleplayer,Keyboard & Mouse,Satisfactory,PC,,68951,105
2725,105,PC,2023-11-20,09:00 AM,120,Lounge,Singleplayer,Keyboard & Mouse,Satisfactory,PC,,68951,105
2726,105,PC,2023-11-20,01:00 PM,60,Lounge,Singleplayer,Keyboard & Mouse,Satisfactory,PC,,68951,105
2727,105,PC,2023-11-20,05:00 PM,165,Lounge,Singleplayer,Keyboard & Mouse,Satisfactory,PC,,68951,105
2728,105,PC,2023-11-21,12:00 PM,30,Lounge,Singleplayer,Keyboard & Mouse,Satisfactory,PC,,68951,105
2729,105,PC,2023-11-21,06:00 PM,90,Lounge,Online Multiplayer,Keyboard & Mouse,Satisfactory,PC,,68951,105
2730,105,PC,2023-11-21,09:00 PM,90,Lounge,Singleplayer,Keyboard & Mouse,Satisfactory,PC,,68951,105
2731,105,PC,2023-11-23,05:00 PM,90,Lounge,Singleplayer,Keyboard & Mouse,Satisfactory,PC,,68951,105
2732,105,PC,2023-11-23,08:00 PM,120,Lounge,Singleplayer,Keyboard & Mouse,Satisfactory,PC,,68951,105
2733,105,PC,2023-11-24,08:00 AM,45,Lounge,Singleplayer,Keyboard & Mouse,Satisfactory,PC,,68951,105
2734,105,PC,2023-11-24,04:00 PM,90,Lounge,Singleplayer,Keyboard & Mouse,Satisfactory,PC,,68951,105
2735,105,PC,2023-11-25,07:00 AM,120,Lounge,Singleplayer,Keyboard & Mouse,Satisfactory,PC,,68951,105
2736,105,PC,2023-11-25,01:00 PM,60,Lounge,Singleplayer,Keyboard & Mouse,Satisfactory,PC,,68951,105
2737,105,PC,2023-11-26,08:00 AM,30,Lounge,Singleplayer,Keyboard & Mouse,Satisfactory,PC,,68951,105
2738,105,PC,2023-11-26,01:00 PM,60,Lounge,Singleplayer,Keyboard & Mouse,Satisfactory,PC,,68951,105
2739,105,PC,2023-11-26,05:00 PM,120,Lounge,Online Multiplayer,Keyboard & Mouse,Satisfactory,PC,,68951,105
2740,105,PC,2023-11-27,12:00 PM,30,Lounge,Singleplayer,Keyboard & Mouse,Satisfactory,PC,,68951,105
2741,195,Switch,2023-11-27,05:00 PM,30,Lounge,Singleplayer,Controller,Dave the Diver,Nintendo Switch,,87950,195
2742,195,Switch,2023-11-27,03:00 PM,30,Lounge,Singleplayer,Controller,Dave the Diver,Nintendo Switch,,87950,195
2743,195,Switch,2023-11-28,07:00 PM,30,Lounge,Singleplayer,Controller,Dave the Diver,Nintendo Switch,,87950,195
2744,195,Switch,2023-11-30,05:00 PM,30,Lounge,Singleplayer,Controller,Dave the Diver,Nintendo Switch,,87950,195
2745,195,Switch,2023-11-30,08:00 PM,30,Lounge,Singleplayer,Controller,Dave the Diver,Nintendo Switch,,87950,195
2746,195,Switch,2023-12-01,04:00 PM,30,Lounge,Singleplayer,Controller,Dave the Diver,Nintendo Switch,,87950,195
2747,195,Switch,2023-12-01,09:00 PM,30,Lounge,Singleplayer,Controller,Dave the Diver,Nintendo Switch,,87950,195
2748,195,Switch,2023-12-03,05:00 PM,30,Lounge,Singleplayer,Controller,Dave the Diver,Nintendo Switch,,87950,195
2749,195,Switch,2023-12-04,05:00 PM,30,Lounge,Singleplayer,Controller,Dave the Diver,Nintendo Switch,,87950,195
2750,195,Switch,2023-12-04,04:00 PM,30,Lounge,Singleplayer,Controller,Dave the Diver,Nintendo Switch,,87950,195
2751,195,Switch,2023-12-05,05:00 PM,30,Lounge,Singleplayer,Controller,Dave the Diver,Nintendo Switch,,87950,195
2752,195,Switch,2023-12-07,05:00 PM,30,Lounge,Singleplayer,Controller,Dave the Diver,Nintendo Switch,,87950,195
2753,195,Switch,2023-12-08,04:00 PM,45,Lounge,Singleplayer,Controller,Dave the Diver,Nintendo Switch,,87950,195
2754,195,Switch,2023-12-08,06:00 PM,60,Lounge,Singleplayer,Controller,Dave the Diver,Nintendo Switch,,87950,195
2755,195,Switch,2023-12-10,03:00 PM,30,Lounge,Singleplayer,Controller,Dave the Diver,Nintendo Switch,,87950,195
2756,195,Switch,2023-12-10,05:00 PM,30,Lounge,Singleplayer,Controller,Dave the Diver,Nintendo Switch,,87950,195
2757,195,Switch,2023-12-10,09:00 PM,30,Lounge,Singleplayer,Controller,Dave the Diver,Nintendo Switch,,87950,195
2758,195,Switch,2023-12-11,05:00 PM,30,Lounge,Singleplayer,Controller,Dave the Diver,Nintendo Switch,,87950,195
2759,195,Switch,2023-12-12,12:00 PM,30,Lounge,Singleplayer,Controller,Dave the Diver,Nintendo Switch,,87950,195
2760,195,Switch,2023-12-12,04:00 PM,30,Lounge,Singleplayer,Controller,Dave the Diver,Nintendo Switch,,87950,195
2761,195,Switch,2023-12-12,05:00 PM,30,Lounge,Singleplayer,Controller,Dave the Diver,Nintendo Switch,,87950,195
2762,195,Switch,2023-12-14,05:00 PM,45,Lounge,Singleplayer,Controller,Dave the Diver,Nintendo Switch,,87950,195
2763,195,Switch,2023-12-15,08:00 AM,30,Lounge,Singleplayer,Controller,Dave the Diver,Nintendo Switch,,87950,195
2764,195,Switch,2023-12-15,12:00 PM,30,Lounge,Singleplayer,Controller,Dave the Diver,Nintendo Switch,,87950,195
2765,195,Switch,2023-12-15,04:00 PM,30,Lounge,Singleplayer,Controller,Dave the Diver,Nintendo Switch,,87950,195
2766,195,Switch,2023-12-16,07:00 AM,30,Lounge,Singleplayer,Controller,Dave the Diver,Nintendo Switch,,87950,195
2767,195,Switch,2023-12-16,12:00 PM,30,Lounge,Singleplayer,Controller,Dave the Diver,Nintendo Switch,,87950,195
2768,195,Switch,2023-12-16,08:00 PM,30,Lounge,Singleplayer,Controller,Dave the Diver,Nintendo Switch,,87950,195
2769,195,Switch,2023-12-17,07:00 AM,45,Lounge,Singleplayer,Controller,Dave the Diver,Nintendo Switch,,87950,195
2770,195,Switch,2023-12-17,11:00 AM,30,Lounge,Singleplayer,Controller,Dave the Diver,Nintendo Switch,,87950,195
2771,195,Switch,2023-12-17,06:00 AM,30,Lounge,Singleplayer,Controller,Dave the Diver,Nintendo Switch,,87950,195
2772,195,Switch,2023-12-18,12:00 PM,30,Lounge,Singleplayer,Controller,Dave the Diver,Nintendo Switch,,87950,195
2773,195,Switch,2023-12-18,04:00 PM,45,Lounge,Singleplayer,Controller,Dave the Diver,Nintendo Switch,,87950,195
2774,195,Switch,2023-12-19,07:00 AM,30,Lounge,Singleplayer,Controller,Dave the Diver,Nintendo Switch,,87950,195
2775,195,Switch,2023-12-19,12:00 PM,45,Lounge,Singleplayer,Controller,Dave the Diver,Nintendo Switch,,87950,195
2776,195,Switch,2023-12-19,05:00 PM,45,Lounge,Singleplayer,Controller,Dave the Diver,Nintendo Switch,,87950,195
2777,150,PC,2023-12-19,05:00 PM,60,Lounge,Online Multiplayer,Controller,Risk of Rain 2,PC,,69787,150
2778,195,Switch,2023-12-19,09:00 PM,30,Lounge,Singleplayer,Controller,Dave the Diver,Nintendo Switch,,87950,195
2779,150,PC,2023-12-28,07:00 PM,90,Lounge,Online Multiplayer,Controller,Risk of Rain 2,PC,,69787,150
2780,150,PC,2023-12-29,07:00 PM,120,Lounge,Online Multiplayer,Controller,Risk of Rain 2,PC,,69787,150
2781,105,PC,2023-12-30,04:00 PM,120,Lounge,Online Multiplayer,Keyboard & Mouse,Satisfactory,PC,,68951,105
2782,105,PC,2023-12-31,10:00 AM,60,Lounge,Online Multiplayer,Keyboard & Mouse,Satisfactory,PC,,68951,105
2783,150,PC,2023-12-31,03:00 PM,75,Lounge,Online Multiplayer,Controller,Risk of Rain 2,PC,,69787,150
2784,105,PC,2024-01-01,12:00 PM,60,Lounge,Singleplayer,Keyboard & Mouse,Satisfactory,PC,,68951,105
2785,150,PC,2024-01-01,07:00 PM,150,Lounge,Online Multiplayer,Controller,Risk of Rain 2,PC,,69787,150
2786,82,PS4,2024-01-07,02:00 PM,45,Conor & Nats,Local Multiplayer,Controller,FIFA 19,PS4,,68608,82
2787,9,Switch,2024-01-07,09:00 PM,45,Jordan & Andreas,Local Multiplayer,Controller,Mario Kart 8,Nintendo Switch,,42929,9
2788,150,PC,2024-01-11,06:00 PM,60,Lounge,Online Multiplayer,Controller,Risk of Rain 2,PC,,69787,150
2789,196,PC,2024-01-14,03:00 PM,15,Lounge,Singleplayer,Controller,Superliminal,PC,,72742,196
2790,196,PC,2024-01-14,04:00 PM,60,Lounge,Singleplayer,Controller,Superliminal,PC,,72742,196
2791,196,PC,2024-01-14,09:00 PM,30,Lounge,Singleplayer,Controller,Superliminal,PC,,72742,196
2792,196,PC,2024-01-15,05:00 PM,30,Lounge,Singleplayer,Controller,Superliminal,PC,,72742,196
2793,150,PC,2024-01-19,07:00 PM,90,Lounge,Online Multiplayer,Controller,Risk of Rain 2,PC,,69787,150
2794,106,PC,2024-01-21,05:00 PM,75,Lounge,Online Multiplayer,Controller,Rocket League,PC,,34407,106
2795,105,PC,2024-01-27,09:00 AM,120,Lounge,Singleplayer,Keyboard & Mouse,Satisfactory,PC,,68951,105
2796,105,PC,2024-01-27,06:00 PM,60,Lounge,Singleplayer,Keyboard & Mouse,Satisfactory,PC,,68951,105
2797,105,PC,2024-01-28,05:00 PM,60,Lounge,Online Multiplayer,Keyboard & Mouse,Satisfactory,PC,,68951,105
2798,105,PC,2024-01-29,07:00 PM,60,Lounge,Singleplayer,Keyboard & Mouse,Satisfactory,PC,,68951,105
2799,105,PC,2024-01-30,06:00 PM,60,Lounge,Singleplayer,Keyboard & Mouse,Satisfactory,PC,,68951,105
2800,106,PC,2024-01-30,07:00 PM,60,Lounge,Online Multiplayer,Controller,Rocket League,PC,,34407,106
2801,105,PC,2024-02-01,05:00 PM,45,Lounge,Singleplayer,Keyboard & Mouse,Satisfactory,PC,,68951,105
2802,105,PC,2024-02-01,07:00 PM,60,Lounge,Singleplayer,Keyboard & Mouse,Satisfactory,PC,,68951,105
2803,106,PC,2024-02-06,07:00 PM,60,Lounge,Online Multiplayer,Controller,Rocket League,PC,,34407,106
2804,197,PC,2024-02-09,07:00 PM,150,Lounge,Online Multiplayer,Controller,Helldivers II,PC,,89235,197
2805,197,PC,2024-02-10,07:00 AM,60,Lounge,Online Multiplayer,Controller,Helldivers II,PC,,89235,197
2806,105,PC,2024-02-10,02:00 PM,45,Lounge,Singleplayer,Keyboard & Mouse,Satisfactory,PC,,68951,105
2807,197,PC,2024-02-10,04:00 PM,60,Lounge,Online Multiplayer,Controller,Helldivers II,PC,,89235,197
2808,197,PC,2024-02-11,11:00 AM,60,Lounge,Online Multiplayer,Controller,Helldivers II,PC,,89235,197
2809,197,PC,2024-02-12,09:00 PM,45,Lounge,Online Multiplayer,Controller,Helldivers II,PC,,89235,197
2810,197,PC,2024-02-13,07:00 PM,105,Lounge,Online Multiplayer,Controller,Helldivers II,PC,,89235,197
2811,197,PC,2024-02-14,09:00 PM,60,Lounge,Online Multiplayer,Controller,Helldivers II,PC,,89235,197
2812,197,PC,2024-02-15,07:00 PM,120,Lounge,Online Multiplayer,Controller,Helldivers II,PC,,89235,197
2813,197,PC,2024-02-16,03:00 PM,90,Lounge,Online Multiplayer,Controller,Helldivers II,PC,,89235,197
2814,29,Xbox,2024-02-16,08:00 PM,60,Kyle & Simones,Local Multiplayer,Controller,Overcooked,Xbox,,53284,29
2815,197,PC,2024-02-17,06:00 PM,30,Lounge,Online Multiplayer,Controller,Helldivers II,PC,,89235,197
2816,150,PC,2024-02-17,07:00 PM,60,Lounge,Online Multiplayer,Controller,Risk of Rain 2,PC,,69787,150
2817,105,PC,2024-02-18,05:00 PM,105,Lounge,Online Multiplayer,Keyboard & Mouse,Satisfactory,PC,,68951,105
2818,197,PC,2024-02-18,07:00 PM,90,Lounge,Online Multiplayer,Controller,Helldivers II,PC,,89235,197
2819,197,PC,2024-02-20,05:00 PM,15,Lounge,Online Multiplayer,Controller,Helldivers II,PC,,89235,197
2820,197,PC,2024-02-21,06:00 PM,45,Lounge,Online Multiplayer,Controller,Helldivers II,PC,,89235,197
2821,197,PC,2024-02-23,05:00 PM,45,Lounge,Online Multiplayer,Controller,Helldivers II,PC,,89235,197
2822,197,PC,2024-02-23,08:00 PM,60,Lounge,Online Multiplayer,Controller,Helldivers II,PC,,89235,197
2823,106,PC,2024-02-24,02:00 PM,120,Lounge,Online Multiplayer,Controller,Rocket League,PC,,34407,106
2824,197,PC,2024-02-24,06:00 PM,150,Lounge,Online Multiplayer,Controller,Helldivers II,PC,,89235,197
2825,197,PC,2024-02-25,07:00 PM,15,Lounge,Online Multiplayer,Controller,Helldivers II,PC,,89235,197
2826,197,PC,2024-02-27,06:00 PM,120,Lounge,Online Multiplayer,Controller,Helldivers II,PC,,89235,197
2827,197,PC,2024-02-28,06:00 PM,60,Lounge,Online Multiplayer,Controller,Helldivers II,PC,,89235,197
2828,105,PC,2024-03-01,05:00 PM,45,Lounge,Singleplayer,Keyboard & Mouse,Satisfactory,PC,,68951,105
2829,105,PC,2024-03-02,09:00 PM,120,Lounge,Online Multiplayer,Keyboard & Mouse,Satisfactory,PC,,68951,105
2830,105,PC,2024-03-02,01:00 PM,75,Lounge,Singleplayer,Keyboard & Mouse,Satisfactory,PC,,68951,105
2831,197,PC,2024-03-02,03:00 PM,60,Lounge,Online Multiplayer,Controller,Helldivers II,PC,,89235,197
2832,105,PC,2024-03-02,04:00 PM,30,Lounge,Singleplayer,Keyboard & Mouse,Satisfactory,PC,,68951,105
2833,105,PC,2024-03-03,10:00 AM,45,Lounge,Singleplayer,Keyboard & Mouse,Satisfactory,PC,,68951,105
2834,197,PC,2024-03-03,01:00 PM,90,Lounge,Online Multiplayer,Controller,Helldivers II,PC,,89235,197
2835,197,PC,2024-03-05,07:00 PM,120,Lounge,Online Multiplayer,Controller,Helldivers II,PC,,89235,197
2836,197,PC,2024-03-07,06:00 PM,90,Lounge,Online Multiplayer,Controller,Helldivers II,PC,,89235,197
2837,105,PC,2024-03-08,01:00 PM,30,Lounge,Singleplayer,Keyboard & Mouse,Satisfactory,PC,,68951,105
2838,105,PC,2024-03-08,03:00 PM,180,Lounge,Online Multiplayer,Keyboard & Mouse,Satisfactory,PC,,68951,105
2839,197,PC,2024-03-08,07:00 PM,90,Lounge,Online Multiplayer,Controller,Helldivers II,PC,,89235,197
2840,105,PC,2024-03-08,09:00 PM,120,Lounge,Online Multiplayer,Keyboard & Mouse,Satisfactory,PC,,68951,105
2841,105,PC,2024-03-10,10:00 AM,90,Lounge,Singleplayer,Keyboard & Mouse,Satisfactory,PC,,68951,105
2842,105,PC,2024-03-10,09:00 PM,60,Lounge,Singleplayer,Keyboard & Mouse,Satisfactory,PC,,68951,105
2843,105,PC,2024-03-11,09:00 AM,60,Lounge,Singleplayer,Keyboard & Mouse,Satisfactory,PC,,68951,105
2844,105,PC,2024-03-11,01:00 PM,30,Lounge,Singleplayer,Keyboard & Mouse,Satisfactory,PC,,68951,105
2845,105,PC,2024-03-11,04:00 PM,30,Lounge,Singleplayer,Keyboard & Mouse,Satisfactory,PC,,68951,105
2846,105,PC,2024-03-11,09:00 PM,30,Lounge,Singleplayer,Keyboard & Mouse,Satisfactory,PC,,68951,105
2847,105,PC,2024-03-12,08:00 PM,60,Lounge,Singleplayer,Keyboard & Mouse,Satisfactory,PC,,68951,105
2848,105,PC,2024-03-14,05:00 PM,45,Lounge,Singleplayer,Keyboard & Mouse,Satisfactory,PC,,68951,105
2849,197,PC,2024-03-14,06:00 PM,90,Lounge,Online Multiplayer,Controller,Helldivers II,PC,,89235,197
2850,197,PC,2024-03-14,07:00 PM,60,Lounge,Online Multiplayer,Controller,Helldivers II,PC,,89235,197
2851,105,PC,2024-03-15,05:00 PM,105,Lounge,Singleplayer,Keyboard & Mouse,Satisfactory,PC,,68951,105
2852,105,PC,2024-03-17,05:00 PM,45,Lounge,Singleplayer,Keyboard & Mouse,Satisfactory,PC,,68951,105
2853,197,PC,2024-03-17,06:00 PM,75,Lounge,Online Multiplayer,Controller,Helldivers II,PC,,89235,197
2854,105,PC,2024-03-17,08:00 PM,60,Lounge,Singleplayer,Keyboard & Mouse,Satisfactory,PC,,68951,105
2855,105,PC,2024-03-18,05:00 PM,30,Lounge,Online Multiplayer,Keyboard & Mouse,Satisfactory,PC,,68951,105
2856,197,PC,2024-03-19,06:00 PM,90,Lounge,Online Multiplayer,Controller,Helldivers II,PC,,89235,197
2857,105,PC,2024-03-19,08:00 PM,90,Lounge,Singleplayer,Keyboard & Mouse,Satisfactory,PC,,68951,105
2858,105,PC,2024-03-21,04:00 PM,90,Lounge,Singleplayer,Keyboard & Mouse,Satisfactory,PC,,68951,105
2859,197,PC,2024-03-21,06:00 PM,15,Lounge,Online Multiplayer,Controller,Helldivers II,PC,,89235,197
2860,105,PC,2024-03-22,04:00 PM,90,Lounge,Singleplayer,Keyboard & Mouse,Satisfactory,PC,,68951,105
2861,105,PC,2024-03-23,07:00 AM,45,Lounge,Singleplayer,Keyboard & Mouse,Satisfactory,PC,,68951,105
2862,105,PC,2024-03-26,07:00 AM,60,Lounge,Singleplayer,Keyboard & Mouse,Satisfactory,PC,,68951,105
2863,105,PC,2024-03-26,12:00 PM,30,Lounge,Singleplayer,Keyboard & Mouse,Satisfactory,PC,,68951,105
2864,105,PC,2024-03-26,05:00 PM,45,Lounge,Online Multiplayer,Keyboard & Mouse,Satisfactory,PC,,68951,105
2865,105,PC,2024-03-28,08:00 AM,45,Lounge,Singleplayer,Keyboard & Mouse,Satisfactory,PC,,68951,105
2866,105,PC,2024-03-28,03:00 PM,75,Lounge,Singleplayer,Keyboard & Mouse,Satisfactory,PC,,68951,105
2867,105,PC,2024-03-28,06:00 PM,45,Lounge,Singleplayer,Keyboard & Mouse,Satisfactory,PC,,68951,105
2868,105,PC,2024-03-29,04:00 PM,45,Lounge,Singleplayer,Keyboard & Mouse,Satisfactory,PC,,68951,105
2869,105,PC,2024-04-07,09:00 AM,105,Lounge,Singleplayer,Keyboard & Mouse,Satisfactory,PC,,68951,105
2870,105,PC,2024-04-07,04:00 PM,90,Lounge,Online Multiplayer,Keyboard & Mouse,Satisfactory,PC,,68951,105
2871,105,PC,2024-04-08,09:00 AM,45,Lounge,Singleplayer,Keyboard & Mouse,Satisfactory,PC,,68951,105
2872,105,PC,2024-04-09,09:00 AM,15,Lounge,Singleplayer,Keyboard & Mouse,Satisfactory,PC,,68951,105
2873,105,PC,2024-04-09,12:00 PM,30,Lounge,Singleplayer,Keyboard & Mouse,Satisfactory,PC,,68951,105
2874,105,PC,2024-04-09,04:00 PM,60,Lounge,Singleplayer,Keyboard & Mouse,Satisfactory,PC,,68951,105
2875,197,PC,2024-04-09,06:00 PM,60,Lounge,Online Multiplayer,Controller,Helldivers II,PC,,89235,197
2876,105,PC,2024-04-11,12:00 PM,60,Lounge,Singleplayer,Keyboard & Mouse,Satisfactory,PC,,68951,105
2877,105,PC,2024-04-11,04:00 PM,75,Lounge,Singleplayer,Keyboard & Mouse,Satisfactory,PC,,68951,105
2878,197,PC,2024-04-11,06:00 PM,90,Lounge,Online Multiplayer,Controller,Helldivers II,PC,,89235,197
2879,105,PC,2024-04-11,08:00 PM,60,Lounge,Singleplayer,Keyboard & Mouse,Satisfactory,PC,,68951,105
2880,105,PC,2024-04-12,08:00 AM,60,Lounge,Singleplayer,Keyboard & Mouse,Satisfactory,PC,,68951,105
2881,105,PC,2024-04-12,12:00 PM,60,Lounge,Singleplayer,Keyboard & Mouse,Satisfactory,PC,,68951,105
2882,105,PC,2024-04-12,04:00 PM,90,Lounge,Singleplayer,Keyboard & Mouse,Satisfactory,PC,,68951,105
2883,197,PC,2024-04-12,06:00 PM,90,Lounge,Online Multiplayer,Controller,Helldivers II,PC,,89235,197
2884,105,PC,2024-04-13,07:00 AM,60,Lounge,Singleplayer,Keyboard & Mouse,Satisfactory,PC,,68951,105
2885,105,PC,2024-04-14,08:00 AM,75,Lounge,Singleplayer,Keyboard & Mouse,Satisfactory,PC,,68951,105
2886,105,PC,2024-04-14,04:00 PM,120,Lounge,Singleplayer,Keyboard & Mouse,Satisfactory,PC,,68951,105
2887,105,PC,2024-04-14,08:00 PM,120,Lounge,Singleplayer,Keyboard & Mouse,Satisfactory,PC,,68951,105
2888,105,PC,2024-04-15,07:00 AM,30,Lounge,Singleplayer,Keyboard & Mouse,Satisfactory,PC,,68951,105
2889,105,PC,2024-04-15,12:00 PM,30,Lounge,Singleplayer,Keyboard & Mouse,Satisfactory,PC,,68951,105
2890,105,PC,2024-04-15,04:00 PM,75,Lounge,Singleplayer,Keyboard & Mouse,Satisfactory,PC,,68951,105
2891,105,PC,2024-04-16,07:00 AM,30,Lounge,Singleplayer,Keyboard & Mouse,Satisfactory,PC,,68951,105
2892,105,PC,2024-04-16,12:00 PM,45,Lounge,Singleplayer,Keyboard & Mouse,Satisfactory,PC,,68951,105
2893,105,PC,2024-04-18,02:00 PM,30,Lounge,Singleplayer,Keyboard & Mouse,Satisfactory,PC,,68951,105
2894,105,PC,2024-04-18,05:00 PM,30,Lounge,Singleplayer,Keyboard & Mouse,Satisfactory,PC,,68951,105
2895,197,PC,2024-04-19,07:00 PM,90,Lounge,Online Multiplayer,Controller,Helldivers II,PC,,89235,197
2896,105,PC,2024-04-19,07:00 AM,30,Lounge,Singleplayer,Keyboard & Mouse,Satisfactory,PC,,68951,105
2897,197,PC,2024-04-19,06:00 PM,75,Lounge,Online Multiplayer,Controller,Helldivers II,PC,,89235,197
2898,105,PC,2024-04-19,09:00 PM,60,Lounge,Singleplayer,Keyboard & Mouse,Satisfactory,PC,,68951,105
2899,105,PC,2024-04-20,01:00 PM,60,Lounge,Singleplayer,Keyboard & Mouse,Satisfactory,PC,,68951,105
2900,105,PC,2024-04-20,04:00 PM,105,Lounge,Singleplayer,Keyboard & Mouse,Satisfactory,PC,,68951,105
2901,105,PC,2024-04-20,09:00 PM,60,Lounge,Singleplayer,Keyboard & Mouse,Satisfactory,PC,,68951,105
2902,105,PC,2024-04-21,08:00 AM,60,Lounge,Singleplayer,Keyboard & Mouse,Satisfactory,PC,,68951,105
2903,105,PC,2024-04-21,12:00 PM,60,Lounge,Singleplayer,Keyboard & Mouse,Satisfactory,PC,,68951,105
2904,105,PC,2024-04-21,04:00 PM,120,Lounge,Online Multiplayer,Keyboard & Mouse,Satisfactory,PC,,68951,105
2905,197,PC,2024-04-21,07:00 PM,90,Lounge,Online Multiplayer,Controller,Helldivers II,PC,,89235,197
2906,105,PC,2024-04-22,12:00 PM,15,Lounge,Singleplayer,Keyboard & Mouse,Satisfactory,PC,,68951,105
2907,105,PC,2024-04-22,04:00 PM,45,Lounge,Singleplayer,Keyboard & Mouse,Satisfactory,PC,,68951,105
2908,105,PC,2024-04-23,07:00 AM,30,Lounge,Singleplayer,Keyboard & Mouse,Satisfactory,PC,,68951,105
2909,105,PC,2024-04-23,12:00 PM,45,Lounge,Singleplayer,Keyboard & Mouse,Satisfactory,PC,,68951,105
2910,105,PC,2024-04-23,06:00 PM,30,Lounge,Singleplayer,Keyboard & Mouse,Satisfactory,PC,,68951,105
2911,105,PC,2024-04-25,10:00 AM,195,Lounge,Online Multiplayer,Keyboard & Mouse,Satisfactory,PC,,68951,105
2912,105,PC,2024-04-25,02:00 PM,270,Lounge,Online Multiplayer,Keyboard & Mouse,Satisfactory,PC,,68951,105
2913,105,PC,2024-04-26,08:00 AM,30,Lounge,Singleplayer,Keyboard & Mouse,Satisfactory,PC,,68951,105
2914,105,PC,2024-04-26,12:00 PM,30,Lounge,Singleplayer,Keyboard & Mouse,Satisfactory,PC,,68951,105
2915,105,PC,2024-04-26,05:00 PM,45,Lounge,Singleplayer,Keyboard & Mouse,Satisfactory,PC,,68951,105
2916,197,PC,2024-04-26,07:00 PM,90,Lounge,Online Multiplayer,Controller,Helldivers II,PC,,89235,197
2917,105,PC,2024-04-27,10:00 AM,75,Lounge,Online Multiplayer,Keyboard & Mouse,Satisfactory,PC,,68951,105
2918,105,PC,2024-04-27,01:00 PM,60,Lounge,Singleplayer,Keyboard & Mouse,Satisfactory,PC,,68951,105
2919,105,PC,2024-04-27,04:00 PM,60,Lounge,Singleplayer,Keyboard & Mouse,Satisfactory,PC,,68951,105
2920,105,PC,2024-04-28,09:00 AM,75,Lounge,Singleplayer,Keyboard & Mouse,Satisfactory,PC,,68951,105
2921,105,PC,2024-04-28,02:00 PM,60,Lounge,Singleplayer,Keyboard & Mouse,Satisfactory,PC,,68951,105
2922,105,PC,2024-04-29,08:00 AM,45,Lounge,Singleplayer,Keyboard & Mouse,Satisfactory,PC,,68951,105
2923,105,PC,2024-04-29,12:00 PM,30,Lounge,Singleplayer,Keyboard & Mouse,Satisfactory,PC,,68951,105
2924,105,PC,2024-04-30,07:00 AM,30,Lounge,Singleplayer,Keyboard & Mouse,Satisfactory,PC,,68951,105
2925,105,PC,2024-05-02,08:00 PM,30,Lounge,Singleplayer,Keyboard & Mouse,Satisfactory,PC,,68951,105
2926,105,PC,2024-05-03,07:00 AM,45,Lounge,Singleplayer,Keyboard & Mouse,Satisfactory,PC,,68951,105
2927,105,PC,2024-05-07,04:00 PM,45,Lounge,Singleplayer,Keyboard & Mouse,Satisfactory,PC,,68951,105
2928,105,PC,2024-05-12,09:00 AM,60,Lounge,Singleplayer,Keyboard & Mouse,Satisfactory,PC,,68951,105
2929,105,PC,2024-05-14,12:00 PM,45,Lounge,Singleplayer,Keyboard & Mouse,Satisfactory,PC,,68951,105
2930,105,PC,2024-05-14,04:00 PM,60,Lounge,Singleplayer,Keyboard & Mouse,Satisfactory,PC,,68951,105
2931,197,PC,2024-05-14,06:00 PM,75,Lounge,Online Multiplayer,Controller,Helldivers II,PC,,89235,197
2932,105,PC,2024-05-14,09:00 PM,30,Lounge,Singleplayer,Keyboard & Mouse,Satisfactory,PC,,68951,105
2933,105,PC,2024-05-16,08:00 AM,60,Lounge,Singleplayer,Keyboard & Mouse,Satisfactory,PC,,68951,105
2934,105,PC,2024-05-16,04:00 PM,60,Lounge,Singleplayer,Keyboard & Mouse,Satisfactory,PC,,68951,105
2935,105,PC,2024-05-16,09:00 PM,60,Lounge,Singleplayer,Keyboard & Mouse,Satisfactory,PC,,68951,105
2936,105,PC,2024-05-17,04:00 PM,45,Lounge,Singleplayer,Keyboard & Mouse,Satisfactory,PC,,68951,105
2937,105,PC,2024-05-19,09:00 AM,90,Lounge,Singleplayer,Keyboard & Mouse,Satisfactory,PC,,68951,105
2938,105,PC,2024-05-19,02:00 PM,90,Lounge,Singleplayer,Keyboard & Mouse,Satisfactory,PC,,68951,105
2939,105,PC,2024-05-19,09:00 PM,30,Lounge,Singleplayer,Keyboard & Mouse,Satisfactory,PC,,68951,105
2940,105,PC,2024-05-20,12:00 PM,45,Lounge,Singleplayer,Keyboard & Mouse,Satisfactory,PC,,68951,105
2941,105,PC,2024-05-20,03:00 PM,90,Lounge,Singleplayer,Keyboard & Mouse,Satisfactory,PC,,68951,105
2942,105,PC,2024-05-21,08:00 AM,30,Lounge,Singleplayer,Keyboard & Mouse,Satisfactory,PC,,68951,105
2943,105,PC,2024-05-23,12:00 PM,15,Lounge,Singleplayer,Keyboard & Mouse,Satisfactory,PC,,68951,105
2944,105,PC,2024-05-23,02:00 PM,60,Lounge,Singleplayer,Keyboard & Mouse,Satisfactory,PC,,68951,105
2945,105,PC,2024-05-23,04:00 PM,15,Lounge,Singleplayer,Keyboard & Mouse,Satisfactory,PC,,68951,105
2946,197,PC,2024-05-23,07:00 PM,75,Lounge,Online Multiplayer,Controller,Helldivers II,PC,,89235,197
2947,105,PC,2024-05-23,09:00 PM,30,Lounge,Singleplayer,Keyboard & Mouse,Satisfactory,PC,,68951,105
2948,105,PC,2024-05-24,08:00 AM,15,Lounge,Singleplayer,Keyboard & Mouse,Satisfactory,PC,,68951,105
2949,105,PC,2024-05-24,12:00 PM,30,Lounge,Singleplayer,Keyboard & Mouse,Satisfactory,PC,,68951,105
2950,105,PC,2024-05-24,04:00 PM,45,Lounge,Singleplayer,Keyboard & Mouse,Satisfactory,PC,,68951,105
2951,105,PC,2024-05-25,08:00 AM,45,Lounge,Singleplayer,Keyboard & Mouse,Satisfactory,PC,,68951,105
2952,105,PC,2024-05-28,06:00 PM,75,Lounge,Singleplayer,Keyboard & Mouse,Satisfactory,PC,,68951,105
2953,105,PC,2024-05-28,08:00 PM,45,Lounge,Singleplayer,Keyboard & Mouse,Satisfactory,PC,,68951,105
2954,105,PC,2024-05-30,11:00 AM,45,Lounge,Singleplayer,Keyboard & Mouse,Satisfactory,PC,,68951,105
2955,105,PC,2024-05-30,12:00 PM,30,Lounge,Singleplayer,Keyboard & Mouse,Satisfactory,PC,,68951,105
2956,105,PC,2024-05-30,04:00 PM,45,Lounge,Singleplayer,Keyboard & Mouse,Satisfactory,PC,,68951,105
2957,105,PC,2024-05-30,07:00 PM,75,Lounge,Singleplayer,Keyboard & Mouse,Satisfactory,PC,,68951,105
2958,105,PC,2024-05-30,08:00 PM,15,Lounge,Singleplayer,Keyboard & Mouse,Satisfactory,PC,,68951,105
2959,105,PC,2024-05-31,08:00 AM,45,Lounge,Singleplayer,Keyboard & Mouse,Satisfactory,PC,,68951,105
2960,105,PC,2024-05-31,12:00 PM,45,Lounge,Singleplayer,Keyboard & Mouse,Satisfactory,PC,,68951,105
2961,105,PC,2024-05-31,04:00 PM,75,Lounge,Singleplayer,Keyboard & Mouse,Satisfactory,PC,,68951,105
2962,197,PC,2024-05-31,07:00 PM,60,Lounge,Online Multiplayer,Controller,Helldivers II,PC,,89235,197
2963,105,PC,2024-05-31,09:00 PM,60,Lounge,Singleplayer,Keyboard & Mouse,Satisfactory,PC,,68951,105
2964,105,PC,2024-06-03,04:00 PM,45,Lounge,Singleplayer,Keyboard & Mouse,Satisfactory,PC,,68951,105
2965,105,PC,2024-06-04,08:00 AM,30,Lounge,Singleplayer,Keyboard & Mouse,Satisfactory,PC,,68951,105
2966,105,PC,2024-06-04,05:00 PM,60,Lounge,Singleplayer,Keyboard & Mouse,Satisfactory,PC,,68951,105
2967,105,PC,2024-06-06,08:00 AM,30,Lounge,Singleplayer,Keyboard & Mouse,Satisfactory,PC,,68951,105
2968,105,PC,2024-06-06,09:00 PM,60,Lounge,Singleplayer,Keyboard & Mouse,Satisfactory,PC,,68951,105
2969,105,PC,2024-06-07,08:00 AM,45,Lounge,Singleplayer,Keyboard & Mouse,Satisfactory,PC,,68951,105
2970,105,PC,2024-06-07,12:00 PM,30,Lounge,Singleplayer,Keyboard & Mouse,Satisfactory,PC,,68951,105
2971,105,PC,2024-06-07,02:00 PM,15,Lounge,Singleplayer,Keyboard & Mouse,Satisfactory,PC,,68951,105
2972,105,PC,2024-06-11,04:00 PM,45,Lounge,Singleplayer,Keyboard & Mouse,Satisfactory,PC,,68951,105
2973,105,PC,2024-06-11,09:00 PM,30,Lounge,Singleplayer,Keyboard & Mouse,Satisfactory,PC,,68951,105
2974,105,PC,2024-06-13,08:00 AM,45,Lounge,Singleplayer,Keyboard & Mouse,Satisfactory,PC,,68951,105
2975,198,PC,2024-06-13,06:00 PM,30,Lounge,Online Multiplayer,Controller,Crash Team Racing: Online,PC,,71298,198
2976,150,PC,2024-06-13,07:00 PM,90,Lounge,Online Multiplayer,Controller,Risk of Rain 2,PC,,69787,150
2977,105,PC,2024-06-14,07:00 AM,30,Lounge,Singleplayer,Keyboard & Mouse,Satisfactory,PC,,68951,105
2978,105,PC,2024-06-14,04:00 PM,60,Lounge,Singleplayer,Keyboard & Mouse,Satisfactory,PC,,68951,105
2979,198,PC,2024-06-14,06:00 PM,15,Lounge,Online Multiplayer,Controller,Crash Team Racing: Online,PC,,71298,198
2980,150,PC,2024-06-14,07:00 PM,30,Lounge,Online Multiplayer,Controller,Risk of Rain 2,PC,,69787,150
2981,176,PS4,2024-06-14,08:00 PM,75,Lounge,Singleplayer,Controller,Elden Ring,PS4,,73745,176
2982,176,PS4,2024-06-15,08:00 AM,90,Lounge,Singleplayer,Controller,Elden Ring,PS4,,73745,176
2983,105,PC,2024-06-15,05:00 PM,15,Lounge,Singleplayer,Keyboard & Mouse,Satisfactory,PC,,68951,105
2984,176,PS4,2024-06-16,08:00 AM,90,Lounge,Singleplayer,Controller,Elden Ring,PS4,,73745,176
2985,176,PS4,2024-06-16,08:00 PM,75,Lounge,Online Multiplayer,Controller,Elden Ring,PS4,,73745,176
2986,105,PC,2024-06-17,09:00 AM,30,Lounge,Singleplayer,Keyboard & Mouse,Satisfactory,PC,,68951,105
2987,176,PS4,2024-06-17,12:00 PM,30,Lounge,Singleplayer,Controller,Elden Ring,PS4,,73745,176
2988,105,PC,2024-06-17,04:00 PM,45,Lounge,Singleplayer,Keyboard & Mouse,Satisfactory,PC,,68951,105
2989,176,PS4,2024-06-17,07:00 PM,90,Lounge,Singleplayer,Controller,Elden Ring,PS4,,73745,176
2990,105,PC,2024-06-18,08:00 AM,30,Lounge,Singleplayer,Keyboard & Mouse,Satisfactory,PC,,68951,105
2991,105,PC,2024-06-18,11:00 AM,30,Lounge,Singleplayer,Keyboard & Mouse,Satisfactory,PC,,68951,105
2992,105,PC,2024-06-18,02:00 PM,60,Lounge,Singleplayer,Keyboard & Mouse,Satisfactory,PC,,68951,105
2993,176,PS4,2024-06-18,05:00 PM,30,Lounge,Singleplayer,Controller,Elden Ring,PS4,,73745,176
2994,176,PS4,2024-06-18,07:00 PM,75,Lounge,Online Multiplayer,Controller,Elden Ring,PS4,,73745,176
2995,176,PS4,2024-06-21,07:00 AM,30,Lounge,Singleplayer,Controller,Elden Ring,PS4,,73745,176
2996,105,PC,2024-06-21,08:00 AM,30,Lounge,Singleplayer,Keyboard & Mouse,Satisfactory,PC,,68951,105
2997,105,PC,2024-06-21,11:00 AM,30,Lounge,Singleplayer,Keyboard & Mouse,Satisfactory,PC,,68951,105
2998,105,PC,2024-06-21,12:00 PM,60,Lounge,Singleplayer,Keyboard & Mouse,Satisfactory,PC,,68951,105
2999,176,PS4,2024-06-21,07:00 PM,60,Lounge,Online Multiplayer,Controller,Elden Ring,PS4,,73745,176
3000,105,PC,2024-06-21,09:00 PM,60,Lounge,Singleplayer,Keyboard & Mouse,Satisfactory,PC,,68951,105
3001,105,PC,2024-06-22,08:00 AM,60,Lounge,Singleplayer,Keyboard & Mouse,Satisfactory,PC,,68951,105
3002,176,PS4,2024-06-22,09:00 AM,90,Lounge,Online Multiplayer,Controller,Elden Ring,PS4,,73745,176
3003,176,PS4,2024-06-22,07:00 PM,90,Lounge,Online Multiplayer,Controller,Elden Ring,PS4,,73745,176
3004,105,PC,2024-06-23,10:00 AM,60,Lounge,Singleplayer,Keyboard & Mouse,Satisfactory,PC,,68951,105
3005,176,PS4,2024-06-23,07:00 PM,90,Lounge,Online Multiplayer,Controller,Elden Ring,PS4,,73745,176
3006,176,PS4,2024-06-24,12:00 PM,30,Lounge,Singleplayer,Controller,Elden Ring,PS4,,73745,176
3007,176,PS4,2024-06-24,05:00 PM,30,Lounge,Singleplayer,Controller,Elden Ring,PS4,,73745,176
3008,176,PS4,2024-06-24,05:00 PM,60,Lounge,Singleplayer,Controller,Elden Ring,PS4,,73745,176
3009,176,PS4,2024-06-24,08:00 PM,45,Lounge,Singleplayer,Controller,Elden Ring,PS4,,73745,176
3010,105,PC,2024-06-25,05:00 PM,45,Lounge,Singleplayer,Keyboard & Mouse,Satisfactory,PC,,68951,105
3011,176,PS4,2024-06-25,08:00 PM,60,Lounge,Singleplayer,Controller,Elden Ring,PS4,,73745,176
3012,176,PS4,2024-06-25,09:00 PM,60,Lounge,Online Multiplayer,Controller,Elden Ring,PS4,,73745,176
3013,176,PS4,2024-06-27,07:00 AM,30,Lounge,Singleplayer,Controller,Elden Ring,PS4,,73745,176
3014,176,PS4,2024-06-27,05:00 PM,45,Lounge,Singleplayer,Controller,Elden Ring,PS4,,73745,176
3015,176,PS4,2024-06-27,06:00 PM,90,Lounge,Online Multiplayer,Controller,Elden Ring,PS4,,73745,176
3016,176,PS4,2024-06-28,05:00 PM,30,Lounge,Singleplayer,Controller,Elden Ring,PS4,,73745,176
3017,176,PS4,2024-06-28,07:00 PM,60,Lounge,Online Multiplayer,Controller,Elden Ring,PS4,,73745,176
3018,176,PS4,2024-06-29,08:00 AM,60,Lounge,Singleplayer,Controller,Elden Ring,PS4,,73745,176
3019,176,PS4,2024-06-30,10:00 AM,60,Lounge,Singleplayer,Controller,Elden Ring,PS4,,73745,176
3020,176,PS4,2024-06-30,03:00 PM,60,Lounge,Singleplayer,Controller,Elden Ring,PS4,,73745,176
3021,176,PS4,2024-07-01,05:00 PM,45,Lounge,Singleplayer,Controller,Elden Ring,PS4,,73745,176
3022,176,PS4,2024-07-02,06:00 PM,75,Lounge,Online Multiplayer,Controller,Elden Ring,PS4,,73745,176
3023,176,PS4,2024-07-03,07:00 AM,30,Lounge,Singleplayer,Controller,Elden Ring,PS4,,73745,176
3024,176,PS4,2024-07-03,04:00 PM,60,Lounge,Singleplayer,Controller,Elden Ring,PS4,,73745,176
3025,176,PS4,2024-07-04,08:00 AM,45,Lounge,Singleplayer,Controller,Elden Ring,PS4,,73745,176
3026,176,PS4,2024-07-04,04:00 PM,75,Lounge,Singleplayer,Controller,Elden Ring,PS4,,73745,176
3027,176,PS4,2024-07-04,07:00 PM,90,Lounge,Online Multiplayer,Controller,Elden Ring,PS4,,73745,176
3028,176,PS4,2024-07-05,08:00 AM,30,Lounge,Singleplayer,Controller,Elden Ring,PS4,,73745,176
3029,176,PS4,2024-07-05,04:00 PM,75,Lounge,Singleplayer,Controller,Elden Ring,PS4,,73745,176
3030,176,PS4,2024-07-05,07:00 PM,75,Lounge,Online Multiplayer,Controller,Elden Ring,PS4,,73745,176
3031,176,PS4,2024-07-05,08:00 PM,30,Lounge,Singleplayer,Controller,Elden Ring,PS4,,73745,176
3032,176,PS4,2024-07-06,07:00 AM,60,Lounge,Singleplayer,Controller,Elden Ring,PS4,,73745,176
3033,176,PS4,2024-07-06,02:00 PM,30,Lounge,Singleplayer,Controller,Elden Ring,PS4,,73745,176
3034,176,PS4,2024-07-06,07:00 PM,120,Lounge,Online Multiplayer,Controller,Elden Ring,PS4,,73745,176
3035,150,PC,2024-07-16,06:00 PM,105,Lounge,Online Multiplayer,Controller,Risk of Rain 2,PC,,69787,150
3036,199,PS4,2024-07-18,04:00 PM,45,Lounge,Singleplayer,Controller,Elden Ring: Shadow of the Erdtree,PS4,,73745,199
3037,199,PS4,2024-07-18,06:00 PM,45,Lounge,Singleplayer,Controller,Elden Ring: Shadow of the Erdtree,PS4,,73745,199
3038,199,PS4,2024-07-18,07:00 PM,30,Lounge,Online Multiplayer,Controller,Elden Ring: Shadow of the Erdtree,PS4,,73745,199
3039,199,PS4,2024-07-19,07:00 AM,30,Lounge,Singleplayer,Controller,Elden Ring: Shadow of the Erdtree,PS4,,73745,199
3040,199,PS4,2024-07-19,10:00 AM,60,Lounge,Singleplayer,Controller,Elden Ring: Shadow of the Erdtree,PS4,,73745,199
3041,199,PS4,2024-07-19,03:00 PM,45,Lounge,Singleplayer,Controller,Elden Ring: Shadow of the Erdtree,PS4,,73745,199
3042,199,PS4,2024-07-19,06:00 PM,30,Lounge,Singleplayer,Controller,Elden Ring: Shadow of the Erdtree,PS4,,73745,199
3043,150,PC,2024-07-19,08:00 PM,90,Lounge,Online Multiplayer,Controller,Risk of Rain 2,PC,,69787,150
3044,199,PS4,2024-07-20,08:00 AM,30,Lounge,Singleplayer,Controller,Elden Ring: Shadow of the Erdtree,PS4,,73745,199
3045,199,PS4,2024-07-20,03:00 PM,45,Lounge,Singleplayer,Controller,Elden Ring: Shadow of the Erdtree,PS4,,73745,199
3046,29,Xbox,2024-07-20,09:00 PM,90,Lounge,Local Multiplayer,Controller,Overcooked,Xbox,,53284,29
3047,105,PC,2024-07-21,08:00 AM,90,Lounge,Singleplayer,Keyboard & Mouse,Satisfactory,PC,,68951,105
3048,199,PS4,2024-07-21,01:00 PM,45,Lounge,Singleplayer,Controller,Elden Ring: Shadow of the Erdtree,PS4,,73745,199
3049,105,PC,2024-07-21,04:00 PM,60,Lounge,Online Multiplayer,Keyboard & Mouse,Satisfactory,PC,,68951,105
3050,105,PC,2024-07-22,07:00 AM,30,Lounge,Singleplayer,Keyboard & Mouse,Satisfactory,PC,,68951,105
3051,105,PC,2024-07-22,12:00 PM,45,Lounge,Singleplayer,Keyboard & Mouse,Satisfactory,PC,,68951,105
3052,105,PC,2024-07-22,04:00 PM,45,Lounge,Singleplayer,Keyboard & Mouse,Satisfactory,PC,,68951,105
3053,105,PC,2024-07-23,07:00 AM,60,Lounge,Singleplayer,Keyboard & Mouse,Satisfactory,PC,,68951,105
3054,105,PC,2024-07-23,12:00 PM,45,Lounge,Singleplayer,Keyboard & Mouse,Satisfactory,PC,,68951,105
3055,105,PC,2024-07-23,04:00 PM,90,Lounge,Singleplayer,Keyboard & Mouse,Satisfactory,PC,,68951,105
3056,199,PS4,2024-07-23,08:00 PM,90,Lounge,Online Multiplayer,Controller,Elden Ring: Shadow of the Erdtree,PS4,,73745,199
3057,105,PC,2024-07-25,07:00 AM,30,Lounge,Singleplayer,Keyboard & Mouse,Satisfactory,PC,,68951,105
3058,105,PC,2024-07-25,12:00 PM,45,Lounge,Singleplayer,Keyboard & Mouse,Satisfactory,PC,,68951,105
3059,199,PS4,2024-07-25,08:00 PM,90,Lounge,Online Multiplayer,Controller,Elden Ring: Shadow of the Erdtree,PS4,,73745,199
3060,105,PC,2024-07-26,07:00 AM,60,Lounge,Singleplayer,Keyboard & Mouse,Satisfactory,PC,,68951,105
3061,105,PC,2024-07-26,02:00 PM,30,Lounge,Singleplayer,Keyboard & Mouse,Satisfactory,PC,,68951,105
3062,105,PC,2024-07-26,04:00 PM,60,Lounge,Singleplayer,Keyboard & Mouse,Satisfactory,PC,,68951,105
3063,199,PS4,2024-07-26,08:00 PM,75,Lounge,Online Multiplayer,Controller,Elden Ring: Shadow of the Erdtree,PS4,,73745,199
3064,199,PS4,2024-07-27,08:00 AM,60,Lounge,Singleplayer,Controller,Elden Ring: Shadow of the Erdtree,PS4,,73745,199
3065,199,PS4,2024-07-28,10:00 AM,60,Lounge,Singleplayer,Controller,Elden Ring: Shadow of the Erdtree,PS4,,73745,199
3066,199,PS4,2024-07-28,07:00 PM,60,Lounge,Online Multiplayer,Controller,Elden Ring: Shadow of the Erdtree,PS4,,73745,199
3067,150,PC,2024-07-30,06:00 PM,60,Lounge,Online Multiplayer,Controller,Risk of Rain 2,PC,,69787,150
3068,199,PS4,2024-07-30,08:00 PM,90,Lounge,Singleplayer,Controller,Elden Ring: Shadow of the Erdtree,PS4,,73745,199
3069,199,PS4,2024-08-01,12:00 PM,45,Lounge,Singleplayer,Controller,Elden Ring: Shadow of the Erdtree,PS4,,73745,199
3070,199,PS4,2024-08-02,08:00 AM,45,Lounge,Singleplayer,Controller,Elden Ring: Shadow of the Erdtree,PS4,,73745,199
3071,199,PS4,2024-08-02,12:00 PM,45,Lounge,Singleplayer,Controller,Elden Ring: Shadow of the Erdtree,PS4,,73745,199
3072,199,PS4,2024-08-02,05:00 PM,45,Lounge,Singleplayer,Controller,Elden Ring: Shadow of the Erdtree,PS4,,73745,199
3073,199,PS4,2024-08-02,07:00 PM,120,Lounge,Online Multiplayer,Controller,Elden Ring: Shadow of the Erdtree,PS4,,73745,199
3074,199,PS4,2024-08-03,07:00 AM,45,Lounge,Singleplayer,Controller,Elden Ring: Shadow of the Erdtree,PS4,,73745,199
3075,199,PS4,2024-08-03,06:00 PM,30,Lounge,Online Multiplayer,Controller,Elden Ring: Shadow of the Erdtree,PS4,,73745,199
3076,197,PC,2024-08-03,07:00 PM,60,Lounge,Online Multiplayer,Controller,Helldivers II,PC,,89235,197
3077,199,PS4,2024-08-03,08:00 PM,75,Lounge,Singleplayer,Controller,Elden Ring: Shadow of the Erdtree,PS4,,73745,199
3078,199,PS4,2024-08-12,05:00 PM,45,Lounge,Singleplayer,Controller,Elden Ring: Shadow of the Erdtree,PS4,,73745,199
3079,199,PS4,2024-08-13,07:00 AM,60,Lounge,Singleplayer,Controller,Elden Ring: Shadow of the Erdtree,PS4,,73745,199
3080,199,PS4,2024-08-13,12:00 PM,45,Lounge,Singleplayer,Controller,Elden Ring: Shadow of the Erdtree,PS4,,73745,199
3081,199,PS4,2024-08-13,06:00 PM,60,Lounge,Online Multiplayer,Controller,Elden Ring: Shadow of the Erdtree,PS4,,73745,199
3082,199,PS4,2024-08-13,09:00 PM,45,Lounge,Singleplayer,Controller,Elden Ring: Shadow of the Erdtree,PS4,,73745,199
3083,199,PS4,2024-08-14,09:00 PM,45,Lounge,Singleplayer,Controller,Elden Ring: Shadow of the Erdtree,PS4,,73745,199
3084,199,PS4,2024-08-15,09:00 PM,75,Lounge,Singleplayer,Controller,Elden Ring: Shadow of the Erdtree,PS4,,73745,199
3085,199,PS4,2024-08-16,07:00 AM,45,Lounge,Online Multiplayer,Controller,Elden Ring: Shadow of the Erdtree,PS4,,73745,199
3086,199,PS4,2024-08-17,09:00 PM,60,Lounge,Online Multiplayer,Controller,Elden Ring: Shadow of the Erdtree,PS4,,73745,199
3087,200,Switch,2024-08-18,06:00 PM,75,Lounge,Online Multiplayer,Controller,The Legend of Zelda: Four Swords Adventures,Nintendo Switch,,7856,200
3088,201,Switch,2024-08-21,08:00 AM,60,Plane,Singleplayer,Controller,Pikmin 4,Nintendo Switch,,50791,201
3089,201,Switch,2024-08-21,12:00 PM,60,Plane,Singleplayer,Controller,Pikmin 4,Nintendo Switch,,50791,201
3090,201,Switch,2024-08-22,11:00 AM,30,Hotel,Singleplayer,Controller,Pikmin 4,Nintendo Switch,,50791,201
3091,201,Switch,2024-08-22,02:00 PM,30,Hotel,Singleplayer,Controller,Pikmin 4,Nintendo Switch,,50791,201
3092,201,Switch,2024-08-23,06:00 AM,30,Hotel,Singleplayer,Controller,Pikmin 4,Nintendo Switch,,50791,201
3093,201,Switch,2024-08-24,06:00 AM,30,Hotel,Singleplayer,Controller,Pikmin 4,Nintendo Switch,,50791,201
3094,150,PC,2024-08-27,06:00 PM,90,Lounge,Online Multiplayer,Controller,Risk of Rain 2,PC,,69787,150
3095,201,Switch,2024-08-29,08:00 PM,45,Lounge,Singleplayer,Controller,Pikmin 4,Nintendo Switch,,50791,201
3096,201,Switch,2024-08-30,12:00 PM,45,Lounge,Singleplayer,Controller,Pikmin 4,Nintendo Switch,,50791,201
3097,201,Switch,2024-08-30,05:00 PM,30,Lounge,Singleplayer,Controller,Pikmin 4,Nintendo Switch,,50791,201
3098,150,PC,2024-08-30,06:00 PM,60,Lounge,Online Multiplayer,Controller,Risk of Rain 2,PC,,69787,150
3099,201,Switch,2024-08-31,03:00 PM,45,Lounge,Singleplayer,Controller,Pikmin 4,Nintendo Switch,,50791,201
3100,201,Switch,2024-08-31,05:00 PM,60,Lounge,Singleplayer,Controller,Pikmin 4,Nintendo Switch,,50791,201
3101,201,Switch,2024-08-31,08:00 PM,45,Lounge,Singleplayer,Controller,Pikmin 4,Nintendo Switch,,50791,201
3102,201,Switch,2024-09-01,08:00 AM,90,Lounge,Singleplayer,Controller,Pikmin 4,Nintendo Switch,,50791,201
3103,201,Switch,2024-09-01,05:00 PM,60,Lounge,Singleplayer,Controller,Pikmin 4,Nintendo Switch,,50791,201
3104,150,PC,2024-09-01,06:00 PM,75,Lounge,Online Multiplayer,Controller,Risk of Rain 2,PC,,69787,150
3105,201,Switch,2024-09-03,12:00 PM,45,Lounge,Singleplayer,Controller,Pikmin 4,Nintendo Switch,,50791,201
3106,201,Switch,2024-09-03,05:00 PM,45,Lounge,Singleplayer,Controller,Pikmin 4,Nintendo Switch,,50791,201
3107,201,Switch,2024-09-05,07:00 AM,60,Lounge,Singleplayer,Controller,Pikmin 4,Nintendo Switch,,50791,201
3108,202,PC,2024-09-05,07:00 PM,60,Lounge,Online Multiplayer,Controller,Chained Together,PC,,91513,202
3109,201,Switch,2024-09-06,07:00 AM,45,Lounge,Singleplayer,Controller,Pikmin 4,Nintendo Switch,,50791,201
3110,201,Switch,2024-09-06,03:00 PM,75,Lounge,Singleplayer,Controller,Pikmin 4,Nintendo Switch,,50791,201
3111,201,Switch,2024-09-06,06:00 PM,30,Lounge,Singleplayer,Controller,Pikmin 4,Nintendo Switch,,50791,201
3112,202,PC,2024-09-06,06:00 PM,75,Lounge,Online Multiplayer,Controller,Chained Together,PC,,91513,202
3113,150,PC,2024-09-08,06:00 PM,75,Lounge,Online Multiplayer,Controller,Risk of Rain 2,PC,,69787,150
3114,201,Switch,2024-09-09,07:00 AM,30,Lounge,Singleplayer,Controller,Pikmin 4,Nintendo Switch,,50791,201
3115,201,Switch,2024-09-09,05:00 PM,45,Lounge,Singleplayer,Controller,Pikmin 4,Nintendo Switch,,50791,201
3116,201,Switch,2024-09-10,07:00 AM,30,Lounge,Singleplayer,Controller,Pikmin 4,Nintendo Switch,,50791,201
3117,201,Switch,2024-09-10,03:00 PM,30,Lounge,Singleplayer,Controller,Pikmin 4,Nintendo Switch,,50791,201
3118,201,Switch,2024-09-10,05:00 PM,30,Lounge,Singleplayer,Controller,Pikmin 4,Nintendo Switch,,50791,201
3119,201,Switch,2024-09-11,09:00 PM,45,Airbnb,Singleplayer,Controller,Pikmin 4,Nintendo Switch,,50791,201
3120,201,Switch,2024-09-12,07:00 AM,45,Airbnb,Singleplayer,Controller,Pikmin 4,Nintendo Switch,,50791,201
3121,201,Switch,2024-09-13,05:00 PM,45,Airbnb,Singleplayer,Controller,Pikmin 4,Nintendo Switch,,50791,201
3122,201,Switch,2024-09-17,07:00 AM,45,Lounge,Singleplayer,Controller,Pikmin 4,Nintendo Switch,,50791,201
3123,201,Switch,2024-09-18,07:00 AM,30,Lounge,Singleplayer,Controller,Pikmin 4,Nintendo Switch,,50791,201
3124,201,Switch,2024-09-19,08:00 AM,30,Lounge,Singleplayer,Controller,Pikmin 4,Nintendo Switch,,50791,201
3125,197,PC,2024-09-19,07:00 PM,75,Lounge,Online Multiplayer,Controller,Helldivers II,PC,,89235,197
3126,201,Switch,2024-09-20,08:00 AM,45,Lounge,Singleplayer,Controller,Pikmin 4,Nintendo Switch,,50791,201
3127,201,Switch,2024-09-20,12:00 PM,30,Lounge,Singleplayer,Controller,Pikmin 4,Nintendo Switch,,50791,201
3128,203,PC,2024-09-21,05:00 PM,30,Lounge,Online Multiplayer,Controller,The Crew 2,PC,,59593,203
3129,106,PC,2024-09-29,12:00 PM,90,Lounge,Online Multiplayer,Controller,Rocket League,PC,,34407,106
3130,204,PC,2024-10-03,07:00 PM,45,Lounge,Singleplayer,Controller,Yokus Island Express,PC,,61116,204
3131,204,PC,2024-10-04,05:00 PM,45,Lounge,Singleplayer,Controller,Yokus Island Express,PC,,61116,204
3132,204,PC,2024-10-05,08:00 AM,45,Lounge,Singleplayer,Controller,Yokus Island Express,PC,,61116,204
3133,204,PC,2024-10-06,08:00 AM,60,Lounge,Singleplayer,Controller,Yokus Island Express,PC,,61116,204
3134,204,PC,2024-10-06,11:00 AM,45,Lounge,Singleplayer,Controller,Yokus Island Express,PC,,61116,204
3135,204,PC,2024-10-06,04:00 PM,45,Lounge,Singleplayer,Controller,Yokus Island Express,PC,,61116,204
3136,204,PC,2024-10-07,08:00 AM,30,Lounge,Singleplayer,Controller,Yokus Island Express,PC,,61116,204
3137,204,PC,2024-10-07,05:00 PM,15,Lounge,Singleplayer,Controller,Yokus Island Express,PC,,61116,204
3138,204,PC,2024-10-07,06:00 PM,30,Lounge,Singleplayer,Controller,Yokus Island Express,PC,,61116,204
3139,204,PC,2024-10-08,07:00 AM,45,Lounge,Singleplayer,Controller,Yokus Island Express,PC,,61116,204
3140,204,PC,2024-10-08,12:00 PM,45,Lounge,Singleplayer,Controller,Yokus Island Express,PC,,61116,204
3141,203,PC,2024-10-10,07:00 PM,105,Lounge,Online Multiplayer,Controller,The Crew 2,PC,,59593,203
3142,106,PC,2024-10-13,09:00 PM,90,Lounge,Online Multiplayer,Controller,Rocket League,PC,,34407,106
3143,203,PC,2024-10-24,08:00 PM,90,Lounge,Online Multiplayer,Controller,The Crew 2,PC,,59593,203
3144,203,PC,2024-10-25,01:00 PM,45,Lounge,Online Multiplayer,Controller,The Crew 2,PC,,59593,203
3145,203,PC,2024-10-25,04:00 PM,30,Lounge,Online Multiplayer,Controller,The Crew 2,PC,,59593,203
3146,205,PC,2024-10-25,06:00 PM,45,Lounge,Singleplayer,Controller,Europa,PC,,89326,205
3147,203,PC,2024-10-26,05:00 PM,45,Lounge,Online Multiplayer,Controller,The Crew 2,PC,,59593,203
3148,203,PC,2024-10-27,09:00 AM,30,Lounge,Singleplayer,Controller,The Crew 2,PC,,59593,203
3149,106,PC,2024-10-27,03:00 PM,75,Lounge,Online Multiplayer,Controller,Rocket League,PC,,34407,106
3150,203,PC,2024-10-29,07:00 PM,180,Lounge,Online Multiplayer,Controller,The Crew 2,PC,,59593,203
3151,203,PC,2024-10-31,03:00 PM,45,Lounge,Singleplayer,Controller,The Crew 2,PC,,59593,203
3152,203,PC,2024-11-03,07:00 PM,120,Lounge,Online Multiplayer,Controller,The Crew 2,PC,,59593,203
3153,203,PC,2024-11-04,10:00 AM,60,Lounge,Singleplayer,Controller,The Crew 2,PC,,59593,203
3154,206,PS4,2024-11-05,02:00 PM,45,Lounge,Singleplayer,Controller,Cult of the Lamb,PS4,,83764,206
3155,206,PS4,2024-11-05,04:00 PM,60,Lounge,Singleplayer,Controller,Cult of the Lamb,PS4,,83764,206
3156,206,PS4,2024-11-06,08:00 AM,60,Lounge,Singleplayer,Controller,Cult of the Lamb,PS4,,83764,206
3157,206,PS4,2024-11-06,12:00 PM,45,Lounge,Singleplayer,Controller,Cult of the Lamb,PS4,,83764,206
3158,206,PS4,2024-11-06,04:00 PM,60,Lounge,Singleplayer,Controller,Cult of the Lamb,PS4,,83764,206
3159,206,PS4,2024-11-07,07:00 AM,60,Lounge,Singleplayer,Controller,Cult of the Lamb,PS4,,83764,206
3160,164,PS4,2024-11-07,08:00 AM,30,Lounge,Singleplayer,Controller,FIFA 22,PS4,,83332,164
3161,164,PS4,2024-11-07,04:00 PM,30,Lounge,Singleplayer,Controller,FIFA 22,PS4,,83332,164
3162,203,PC,2024-11-07,07:00 PM,90,Lounge,Online Multiplayer,Controller,The Crew 2,PC,,59593,203
3163,206,PS4,2024-11-08,07:00 AM,75,Lounge,Singleplayer,Controller,Cult of the Lamb,PS4,,83764,206
3164,206,PS4,2024-11-08,12:00 PM,45,Lounge,Singleplayer,Controller,Cult of the Lamb,PS4,,83764,206
3165,206,PS4,2024-11-08,03:00 PM,90,Lounge,Singleplayer,Controller,Cult of the Lamb,PS4,,83764,206
3166,203,PC,2024-11-08,08:00 PM,120,Lounge,Online Multiplayer,Controller,The Crew 2,PC,,59593,203
3167,206,PS4,2024-11-09,07:00 AM,60,Lounge,Singleplayer,Controller,Cult of the Lamb,PS4,,83764,206
3168,206,PS4,2024-11-09,03:00 PM,60,Lounge,Singleplayer,Controller,Cult of the Lamb,PS4,,83764,206
3169,206,PS4,2024-11-10,12:00 PM,60,Lounge,Singleplayer,Controller,Cult of the Lamb,PS4,,83764,206
3170,203,PC,2024-11-10,06:00 PM,60,Lounge,Online Multiplayer,Controller,The Crew 2,PC,,59593,203
3171,203,PC,2024-11-10,07:00 PM,90,Lounge,Online Multiplayer,Controller,The Crew 2,PC,,59593,203
3172,206,PS4,2024-11-10,09:00 PM,45,Lounge,Singleplayer,Controller,Cult of the Lamb,PS4,,83764,206
3173,206,PS4,2024-11-11,06:00 AM,45,Lounge,Singleplayer,Controller,Cult of the Lamb,PS4,,83764,206
3174,206,PS4,2024-11-11,04:00 PM,60,Lounge,Singleplayer,Controller,Cult of the Lamb,PS4,,83764,206
3175,203,PC,2024-11-11,05:00 PM,30,Lounge,Singleplayer,Controller,The Crew 2,PC,,59593,203
3176,206,PS4,2024-11-12,07:00 AM,45,Lounge,Singleplayer,Controller,Cult of the Lamb,PS4,,83764,206
3177,206,PS4,2024-11-12,11:00 AM,60,Lounge,Singleplayer,Controller,Cult of the Lamb,PS4,,83764,206
3178,203,PC,2024-11-12,06:00 PM,120,Lounge,Online Multiplayer,Controller,The Crew 2,PC,,59593,203
3179,203,PC,2024-11-14,06:00 PM,90,Lounge,Online Multiplayer,Controller,The Crew 2,PC,,59593,203
3180,203,PC,2024-11-15,07:00 AM,30,Lounge,Singleplayer,Controller,The Crew 2,PC,,59593,203
3181,203,PC,2024-11-15,12:00 PM,45,Lounge,Singleplayer,Controller,The Crew 2,PC,,59593,203
3182,203,PC,2024-11-15,04:00 PM,45,Lounge,Singleplayer,Controller,The Crew 2,PC,,59593,203
3183,206,PS4,2024-11-16,07:00 AM,90,Lounge,Singleplayer,Controller,Cult of the Lamb,PS4,,83764,206
3184,203,PC,2024-11-16,06:00 PM,90,Lounge,Online Multiplayer,Controller,The Crew 2,PC,,59593,203
3185,203,PC,2024-11-16,09:00 PM,60,Lounge,Singleplayer,Controller,The Crew 2,PC,,59593,203
3186,203,PC,2024-11-17,08:00 AM,30,Lounge,Singleplayer,Controller,The Crew 2,PC,,59593,203
3187,203,PC,2024-11-17,09:00 AM,60,Lounge,Singleplayer,Controller,The Crew 2,PC,,59593,203
3188,203,PC,2024-11-17,06:00 PM,90,Lounge,Online Multiplayer,Controller,The Crew 2,PC,,59593,203
3189,203,PC,2024-11-19,07:00 PM,75,Lounge,Online Multiplayer,Controller,The Crew 2,PC,,59593,203
3190,207,PC,2024-11-22,07:00 PM,75,Lounge,Online Multiplayer,Keyboard & Mouse,Battlefield: 1,PC,,48113,207
3191,207,PC,2024-11-25,06:00 PM,75,Lounge,Online Multiplayer,Keyboard & Mouse,Battlefield: 1,PC,,48113,207
3192,107,PS4,2024-12-01,09:00 PM,30,Lounge,Singleplayer,Controller,The Last of Us: Part II,PS4,,57216,107
3193,203,PC,2024-12-03,06:00 PM,60,Lounge,Online Multiplayer,Controller,The Crew 2,PC,,59593,203
3194,207,PC,2024-12-03,07:00 PM,60,Lounge,Online Multiplayer,Keyboard & Mouse,Battlefield: 1,PC,,48113,207
3195,107,PS4,2024-12-03,09:00 PM,30,Lounge,Singleplayer,Controller,The Last of Us: Part II,PS4,,57216,107
3196,107,PS4,2024-12-04,07:00 AM,45,Lounge,Singleplayer,Controller,The Last of Us: Part II,PS4,,57216,107
3197,107,PS4,2024-12-04,03:00 PM,105,Lounge,Singleplayer,Controller,The Last of Us: Part II,PS4,,57216,107
3198,107,PS4,2024-12-06,08:00 AM,60,Lounge,Singleplayer,Controller,The Last of Us: Part II,PS4,,57216,107
3199,107,PS4,2024-12-06,11:00 AM,45,Lounge,Singleplayer,Controller,The Last of Us: Part II,PS4,,57216,107
3200,107,PS4,2024-12-06,05:00 PM,75,Lounge,Singleplayer,Controller,The Last of Us: Part II,PS4,,57216,107
3201,207,PC,2024-12-06,07:00 PM,75,Lounge,Online Multiplayer,Keyboard & Mouse,Battlefield: 1,PC,,48113,207
3202,107,PS4,2024-12-07,07:00 AM,30,Lounge,Singleplayer,Controller,The Last of Us: Part II,PS4,,57216,107
3203,107,PS4,2024-12-07,09:00 PM,60,Lounge,Singleplayer,Controller,The Last of Us: Part II,PS4,,57216,107
3204,107,PS4,2024-12-08,10:00 AM,30,Lounge,Singleplayer,Controller,The Last of Us: Part II,PS4,,57216,107
3205,107,PS4,2024-12-08,04:00 PM,75,Lounge,Singleplayer,Controller,The Last of Us: Part II,PS4,,57216,107
3206,107,PS4,2024-12-08,09:00 PM,45,Lounge,Singleplayer,Controller,The Last of Us: Part II,PS4,,57216,107
3207,107,PS4,2024-12-09,08:00 AM,30,Lounge,Singleplayer,Controller,The Last of Us: Part II,PS4,,57216,107
3208,107,PS4,2024-12-10,04:00 PM,30,Lounge,Singleplayer,Controller,The Last of Us: Part II,PS4,,57216,107
3209,208,PC,2024-12-10,07:00 PM,120,Lounge,Online Multiplayer,Controller,Oh Deer,PC,,0,208
3210,107,PS4,2024-12-10,09:00 PM,30,Lounge,Singleplayer,Controller,The Last of Us: Part II,PS4,,57216,107
3211,107,PS4,2024-12-12,09:00 AM,45,Lounge,Singleplayer,Controller,The Last of Us: Part II,PS4,,57216,107
3212,107,PS4,2024-12-12,01:00 PM,45,Lounge,Singleplayer,Controller,The Last of Us: Part II,PS4,,57216,107
3213,107,PS4,2024-12-13,08:00 AM,60,Lounge,Singleplayer,Controller,The Last of Us: Part II,PS4,,57216,107
3214,107,PS4,2024-12-13,12:00 PM,90,Lounge,Singleplayer,Controller,The Last of Us: Part II,PS4,,57216,107
3215,107,PS4,2024-12-13,04:00 PM,60,Lounge,Singleplayer,Controller,The Last of Us: Part II,PS4,,57216,107
3216,197,PC,2024-12-13,07:00 PM,45,Lounge,Online Multiplayer,Controller,Helldivers II,PC,,89235,197
3217,208,PC,2024-12-13,08:00 PM,45,Lounge,Online Multiplayer,Controller,Oh Deer,PC,,0,208
3218,209,PC,2024-12-13,09:00 PM,30,Lounge,Online Multiplayer,Keyboard & Mouse,Battlefield: V,PC,,66622,209
3219,208,PC,2024-12-13,10:00 PM,30,Lounge,Online Multiplayer,Controller,Oh Deer,PC,,0,208
3220,107,PS4,2024-12-14,07:00 AM,30,Lounge,Singleplayer,Controller,The Last of Us: Part II,PS4,,57216,107
3221,107,PS4,2024-12-14,01:00 PM,45,Lounge,Singleplayer,Controller,The Last of Us: Part II,PS4,,57216,107
3222,107,PS4,2024-12-14,04:00 PM,120,Lounge,Singleplayer,Controller,The Last of Us: Part II,PS4,,57216,107
3223,107,PS4,2024-12-15,07:00 AM,30,Lounge,Singleplayer,Controller,The Last of Us: Part II,PS4,,57216,107
3224,208,PC,2024-12-15,07:00 PM,30,Lounge,Online Multiplayer,Controller,Oh Deer,PC,,0,208
3225,107,PS4,2024-12-15,08:00 PM,45,Lounge,Singleplayer,Controller,The Last of Us: Part II,PS4,,57216,107
3226,107,PS4,2024-12-16,07:00 AM,75,Lounge,Singleplayer,Controller,The Last of Us: Part II,PS4,,57216,107
3227,197,PC,2024-12-17,07:00 PM,60,Lounge,Online Multiplayer,Controller,Helldivers II,PC,,89235,197
3228,208,PC,2024-12-17,09:00 PM,30,Lounge,Online Multiplayer,Controller,Oh Deer,PC,,0,208
3229,205,PC,2024-12-18,03:00 PM,45,Lounge,Singleplayer,Controller,Europa,PC,,89326,205
3230,205,PC,2024-12-20,07:00 AM,90,Lounge,Singleplayer,Controller,Europa,PC,,89326,205
3231,197,PC,2024-12-20,07:00 PM,60,Lounge,Online Multiplayer,Controller,Helldivers II,PC,,89235,197
3232,203,PC,2024-12-20,08:00 PM,60,Lounge,Online Multiplayer,Controller,The Crew 2,PC,,59593,203
3233,126,PC,2024-12-21,08:00 PM,60,Lounge,Online Multiplayer,Controller,Spelunky 2,PC,,62377,126
3234,82,PS4,2024-12-30,03:00 PM,90,Conor & Nats,Local Multiplayer,Controller,FIFA 19,PS4,,68608,82
3235,210,PC,2025-01-12,06:00 PM,45,Lounge,Singleplayer,Controller,Sifu,PC,,81911,210
3236,210,PC,2025-01-17,03:00 PM,45,Lounge,Singleplayer,Controller,Sifu,PC,,81911,210
3237,210,PC,2025-01-20,09:00 PM,45,Lounge,Singleplayer,Controller,Sifu,PC,,81911,210
3238,203,PC,2025-01-24,7:00 PM,60,Lounge,Online Multiplayer,Controller,The Crew 2,PC,,59593,203
3239,207,PC,2025-01-24,8:00 PM,30,Lounge,Online Multiplayer,Keyboard & Mouse,Battlefield: 1,PC,,48113,207
3242,210,PC,2025-01-27,4:00 PM,45,Lounge,Singleplayer,Controller,Sifu,PC,,81911,210
3243,210,PC,2025-01-28,5:00 PM,30,Lounge,Singleplayer,Controller,Sifu,PC,,81911,210
3244,210,PC,2025-01-29,10:00 AM,45,Lounge,Singleplayer,Controller,Sifu,PC,,81911,210
3245,210,PC,2025-01-29,5:00 PM,45,Lounge,Singleplayer,Controller,Sifu,PC,,81911,210
3246,210,PC,2025-01-31,11:00 AM,45,Lounge,Singleplayer,Controller,Sifu,PC,,81911,210
3247,210,PC,2025-01-31,3:00 PM,60,Lounge,Singleplayer,Controller,Sifu,PC,,81911,210
3248,210,PC,2025-02-01,3:00 PM,30,Lounge,Singleplayer,Controller,Sifu,PC,,81911,210
3249,211,PS4,2025-02-04,1:00 PM,60,Lounge,Singleplayer,Controller,Dredge,PS4,,87185,211
3250,211,PS4,2025-02-04,5:00 PM,15,Lounge,Singleplayer,Controller,Dredge,PS4,,87185,211
3251,211,PS4,2025-02-05,7:00 AM,60,Lounge,Singleplayer,Controller,Dredge,PS4,,87185,211
3252,211,PS4,2025-02-05,11:00 AM,45,Lounge,Singleplayer,Controller,Dredge,PS4,,87185,211
3253,211,PS4,2025-02-05,3:00 PM,60,Lounge,Singleplayer,Controller,Dredge,PS4,,87185,211
3254,211,PS4,2025-02-07,7:00 AM,45,Lounge,Singleplayer,Controller,Dredge,PS4,,87185,211
3255,211,PS4,2025-02-07,11:00 AM,45,Lounge,Singleplayer,Controller,Dredge,PS4,,87185,211
3256,211,PS4,2025-02-07,1:00 PM,60,Lounge,Singleplayer,Controller,Dredge,PS4,,87185,211
3257,211,PS4,2025-02-07,5:00 PM,30,Lounge,Singleplayer,Controller,Dredge,PS4,,87185,211
3258,207,PC,2025-02-07,8:00 PM,45,Lounge,Online Multiplayer,Keyboard & Mouse,Battlefield: 1,PC,,48113,207
3259,208,PC,2025-02-07,9:00 PM,30,Lounge,Online Multiplayer,Keyboard & Mouse,Oh Deer,PC,,0,208
3260,211,PS4,2025-02-08,4:00 PM,60,Lounge,Singleplayer,Controller,Dredge,PS4,,87185,211
3261,211,PS4,2025-02-10,7:00 AM,45,Lounge,Singleplayer,Controller,Dredge,PS4,,87185,211
3262,211,PS4,2025-02-10,5:00 PM,45,Lounge,Singleplayer,Controller,Dredge,PS4,,87185,211
3263,211,PS4,2025-02-11,11:00 AM,60,Lounge,Singleplayer,Controller,Dredge,PS4,,87185,211
3264,211,PS4,2025-02-11,4:00 PM,90,Lounge,Singleplayer,Controller,Dredge,PS4,,87185,211
3265,211,PS4,2025-02-12,4:00 PM,90,Lounge,Singleplayer,Controller,Dredge,PS4,,87185,211
3266,212,PS4,2025-02-19,7:00 AM,60,Lounge,Singleplayer,Controller,Marvel's Spider-Man: Miles Morales,PS4,,78950,212
3268,212,PS4,2025-02-19,1:00 PM,75,Lounge,Singleplayer,Controller,Marvel's Spider-Man: Miles Morales,PS4,,78950,212
3269,212,PS4,2025-02-21,5:00 PM,30,Lounge,Singleplayer,Controller,Marvel's Spider-Man: Miles Morales,PS4,,78950,212
3270,212,PS4,2025-02-22,4:00 PM,45,Lounge,Singleplayer,Controller,Marvel's Spider-Man: Miles Morales,PS4,,78950,212
3271,212,PS4,2025-02-23,4:00 PM,45,Lounge,Singleplayer,Controller,Marvel's Spider-Man: Miles Morales,PS4,,78950,212
3272,150,PC,2025-02-23,7:00 PM,90,Lounge,Online Multiplayer,Controller,Risk of Rain 2,PC,,69787,150
3273,212,PS4,2025-02-24,11:00 AM,45,Lounge,Singleplayer,Controller,Marvel's Spider-Man: Miles Morales,PS4,,78950,212
3274,212,PS4,2025-02-24,1:00 PM,75,Lounge,Singleplayer,Controller,Marvel's Spider-Man: Miles Morales,PS4,,78950,212
3275,212,PS4,2025-02-25,7:00 AM,45,Lounge,Singleplayer,Controller,Marvel's Spider-Man: Miles Morales,PS4,,78950,212
3276,212,PS4,2025-02-25,10:00 AM,60,Lounge,Singleplayer,Controller,Marvel's Spider-Man: Miles Morales,PS4,,78950,212
3277,212,PS4,2025-02-26,12:00 PM,45,Lounge,Singleplayer,Controller,Marvel's Spider-Man: Miles Morales,PS4,,78950,212
3278,212,PS4,2025-02-26,4:00 PM,60,Lounge,Singleplayer,Controller,Marvel's Spider-Man: Miles Morales,PS4,,78950,212
3279,212,PS4,2025-02-27,7:00 AM,60,Lounge,Singleplayer,Controller,Marvel's Spider-Man: Miles Morales,PS4,,78950,212
3280,212,PS4,2025-02-27,12:00 PM,90,Lounge,Singleplayer,Controller,Marvel's Spider-Man: Miles Morales,PS4,,78950,212
3281,216,PS4,2025-03-03,5:00 PM,45,Lounge,Singleplayer,Controller,Star Wars Jedi: Survivor,PS4,,84745,216
3282,216,PS4,2025-03-04,7:00 AM,45,Lounge,Singleplayer,Controller,Star Wars Jedi: Survivor,PS4,,84745,216
3283,216,PS4,2025-03-03,5:00 PM,45,Lounge,Singleplayer,Controller,Star Wars Jedi: Survivor,PS4,,84745,216
3284,216,PS4,2025-03-04,7:00 AM,45,Lounge,Singleplayer,Controller,Star Wars Jedi: Survivor,PS4,,84745,216
3285,216,PS4,2025-03-06,4:00 PM,45,Lounge,Singleplayer,Controller,Star Wars Jedi: Survivor,PS4,,84745,216
3286,216,PS4,2025-03-07,7:00 AM,45,Lounge,Singleplayer,Controller,Star Wars Jedi: Survivor,PS4,,84745,216
3287,216,PS4,2025-03-07,12:00 PM,30,Lounge,Singleplayer,Controller,Star Wars Jedi: Survivor,PS4,,84745,216
3288,216,PS4,2025-03-07,5:00 PM,45,Lounge,Singleplayer,Controller,Star Wars Jedi: Survivor,PS4,,84745,216
3289,216,PS4,2025-03-12,7:00 AM,45,Lounge,Singleplayer,Controller,Star Wars Jedi: Survivor,PS4,,84745,216
3290,216,PS4,2025-03-14,5:00 PM,60,Lounge,Singleplayer,Controller,Star Wars Jedi: Survivor,PS4,,84745,216
3291,216,PS4,2025-03-14,9:00 PM,60,Lounge,Singleplayer,Controller,Star Wars Jedi: Survivor,PS4,,84745,216
3292,216,PS4,2025-03-16,8:00 AM,45,Lounge,Singleplayer,Controller,Star Wars Jedi: Survivor,PS4,,84745,216
3293,216,PS4,2025-03-16,10:00 AM,60,Lounge,Singleplayer,Controller,Star Wars Jedi: Survivor,PS4,,84745,216
3294,216,PS4,2025-03-17,7:00 AM,30,Lounge,Singleplayer,Controller,Star Wars Jedi: Survivor,PS4,,84745,216
3295,216,PS4,2025-03-17,5:00 PM,30,Lounge,Singleplayer,Controller,Star Wars Jedi: Survivor,PS4,,84745,216
3296,216,PS4,2025-03-18,11:00 AM,30,Lounge,Singleplayer,Controller,Star Wars Jedi: Survivor,PS4,,84745,216
3297,216,PS4,2025-03-19,7:00 AM,60,Lounge,Singleplayer,Controller,Star Wars Jedi: Survivor,PS4,,84745,216
3298,216,PS4,2025-03-19,2:00 PM,45,Lounge,Singleplayer,Controller,Star Wars Jedi: Survivor,PS4,,84745,216
3299,216,PS4,2025-03-19,4:00 PM,30,Lounge,Singleplayer,Controller,Star Wars Jedi: Survivor,PS4,,84745,216
3300,216,PS4,2025-03-21,7:00 AM,45,Lounge,Singleplayer,Controller,Star Wars Jedi: Survivor,PS4,,84745,216
3301,216,PS4,2025-03-21,1:00 PM,30,Lounge,Singleplayer,Controller,Star Wars Jedi: Survivor,PS4,,84745,216
3302,216,PS4,2025-03-21,3:00 PM,45,Lounge,Singleplayer,Controller,Star Wars Jedi: Survivor,PS4,,84745,216
3303,126,PC,2025-03-21,7:00 PM,60,Lounge,Online Multiplayer,Controller,Spelunky 2,PC,,62377,126
3305,216,PS4,2025-03-24,12:00 PM,60,Lounge,Singleplayer,Controller,Star Wars Jedi: Survivor,PS4,,84745,216
3306,216,PS4,2025-03-24,3:00 PM,60,Lounge,Singleplayer,Controller,Star Wars Jedi: Survivor,PS4,,84745,216
3307,216,PS4,2025-03-25,7:00 AM,60,Lounge,Singleplayer,Controller,Star Wars Jedi: Survivor,PS4,,84745,216
3308,216,PS4,2025-03-25,2:00 PM,90,Lounge,Singleplayer,Controller,Star Wars Jedi: Survivor,PS4,,84745,216
3309,216,PS4,2025-03-26,7:00 AM,45,Lounge,Singleplayer,Controller,Star Wars Jedi: Survivor,PS4,,84745,216
3310,216,PS4,2025-03-26,12:00 PM,60,Lounge,Singleplayer,Controller,Star Wars Jedi: Survivor,PS4,,84745,216
3311,216,PS4,2025-03-26,4:00 PM,60,Lounge,Singleplayer,Controller,Star Wars Jedi: Survivor,PS4,,84745,216
3312,216,PS4,2025-03-28,7:00 AM,60,Lounge,Singleplayer,Controller,Star Wars Jedi: Survivor,PS4,,84745,216
3313,216,PS4,2025-03-28,11:00 AM,45,Lounge,Singleplayer,Controller,Star Wars Jedi: Survivor,PS4,,84745,216
3314,216,PS4,2025-03-28,1:00 PM,120,Lounge,Singleplayer,Controller,Star Wars Jedi: Survivor,PS4,,84745,216
3315,216,PS4,2025-03-30,5:00 PM,75,Lounge,Singleplayer,Controller,Star Wars Jedi: Survivor,PS4,,84745,216
3316,216,PS4,2025-03-31,7:00 AM,60,Lounge,Singleplayer,Controller,Star Wars Jedi: Survivor,PS4,,84745,216
3317,216,PS4,2025-03-31,12:00 PM,30,Lounge,Singleplayer,Controller,Star Wars Jedi: Survivor,PS4,,84745,216
3318,216,PS4,2025-03-31,2:00 PM,45,Lounge,Singleplayer,Controller,Star Wars Jedi: Survivor,PS4,,84745,216
3319,216,PS4,2025-03-31,4:00 PM,60,Lounge,Singleplayer,Controller,Star Wars Jedi: Survivor,PS4,,84745,216
3320,216,PS4,2025-04-01,7:00 AM,60,Lounge,Singleplayer,Controller,Star Wars Jedi: Survivor,PS4,,84745,216
3321,217,PS4,2025-04-03,7:00 AM,45,Lounge,Singleplayer,Controller,Prey,PS4,,54211,217
3322,217,PS4,2025-04-03,11:00 AM,60,Lounge,Singleplayer,Controller,Prey,PS4,,54211,217
3323,126,PC,2025-04-04,7:00 PM,45,Lounge,Online Multiplayer,Controller,Spelunky 2,PC,,62377,126
3324,218,PC,2025-04-04,8:00 PM,60,Lounge,Online Multiplayer,Controller,Split Fiction,PC,,92374,218
3325,217,PS4,2025-04-06,7:00 AM,90,Lounge,Singleplayer,Controller,Prey,PS4,,54211,217
3326,217,PS4,2025-04-07,7:00 AM,45,Lounge,Singleplayer,Controller,Prey,PS4,,54211,217
3327,217,PS4,2025-04-09,12:00 PM,45,Lounge,Singleplayer,Controller,Prey,PS4,,54211,217
3328,217,PS4,2025-04-09,4:00 PM,60,Lounge,Singleplayer,Controller,Prey,PS4,,54211,217
3329,217,PS4,2025-04-11,2:00 PM,60,Lounge,Singleplayer,Controller,Prey,PS4,,54211,217
3330,218,PC,2025-04-11,7:00 AM,90,Lounge,Online Multiplayer,Controller,Split Fiction,PC,,92374,218
3331,218,PC,2025-04-13,6:00 PM,60,Lounge,Online Multiplayer,Controller,Split Fiction,PC,,92374,218
3332,207,PC,2025-04-13,7:00 PM,45,Lounge,Online Multiplayer,Keyboard & Mouse,Battlefield: 1,PC,,48113,207
3333,197,PC,2025-04-13,8:00 PM,45,Lounge,Online Multiplayer,Controller,Helldivers II,PC,,89235,197
3334,218,PC,2025-04-15,7:00 PM,60,Lounge,Online Multiplayer,Controller,Split Fiction,PC,,92374,218
3335,207,PC,2025-04-15,8:00 PM,60,Lounge,Online Multiplayer,Keyboard & Mouse,Battlefield: 1,PC,,48113,207
3336,219,PC,2025-05-03,5:00 PM,30,Lounge,Singleplayer,Controller,Yooka-Laylee and the Impossible Lair,PC,,73741,219
3337,218,PC,2025-05-04,7:00 PM,90,Lounge,Online Multiplayer,Controller,Split Fiction,PC,,92374,218
3338,218,PC,2025-05-05,6:00 PM,60,Lounge,Online Multiplayer,Controller,Split Fiction,PC,,92374,218
3339,219,PC,2025-05-06,7:00 AM,45,Lounge,Singleplayer,Controller,Yooka-Laylee and the Impossible Lair,PC,,73741,219
3340,219,PC,2025-05-06,4:00 PM,60,Lounge,Singleplayer,Controller,Yooka-Laylee and the Impossible Lair,PC,,73741,219
3341,219,PC,2025-05-09,11:00 AM,30,Lounge,Singleplayer,Controller,Yooka-Laylee and the Impossible Lair,PC,,73741,219
3342,219,PC,2025-05-07,5:00 PM,60,Lounge,Singleplayer,Controller,Yooka-Laylee and the Impossible Lair,PC,,73741,219
3343,219,PC,2025-05-13,1:00 PM,60,Lounge,Singleplayer,Controller,Yooka-Laylee and the Impossible Lair,PC,,73741,219
3344,218,PC,2025-05-13,7:00 PM,90,Lounge,Online Multiplayer,Controller,Split Fiction,PC,,92374,218
3345,219,PC,2025-05-14,7:00 AM,30,Lounge,Singleplayer,Controller,Yooka-Laylee and the Impossible Lair,PC,,73741,219
3346,219,PC,2025-05-14,12:00 PM,45,Lounge,Singleplayer,Controller,Yooka-Laylee and the Impossible Lair,PC,,73741,219
3347,219,PC,2025-05-15,8:00 AM,45,Lounge,Singleplayer,Controller,Yooka-Laylee and the Impossible Lair,PC,,73741,219
3348,219,PC,2025-05-15,1:00 PM,60,Lounge,Singleplayer,Controller,Yooka-Laylee and the Impossible Lair,PC,,73741,219
3349,219,PC,2025-05-15,3:00 PM,60,Lounge,Singleplayer,Controller,Yooka-Laylee and the Impossible Lair,PC,,73741,219
3350,219,PC,2025-05-16,7:00 AM,75,Lounge,Singleplayer,Controller,Yooka-Laylee and the Impossible Lair,PC,,73741,219
3351,219,PC,2025-05-16,1:00 PM,60,Lounge,Singleplayer,Controller,Yooka-Laylee and the Impossible Lair,PC,,73741,219
3352,218,PC,2025-05-20,6:00 PM,75,Lounge,Online Multiplayer,Controller,Split Fiction,PC,,92374,218
3353,218,PC,2025-05-22,7:00 PM,75,Lounge,Online Multiplayer,Controller,Split Fiction,PC,,92374,218
3354,220,PC,2025-05-24,2:00 PM,105,Lounge,Singleplayer,Controller,Red Dead Redemption II,PC,,56725,220
3355,220,PC,2025-05-25,4:00 PM,60,Lounge,Singleplayer,Controller,Red Dead Redemption II,PC,,56725,220
3356,220,PC,2025-05-25,5:00 PM,30,Lounge,Singleplayer,Controller,Red Dead Redemption II,PC,,56725,220
3357,220,PC,2025-05-25,8:00 PM,45,Lounge,Singleplayer,Controller,Red Dead Redemption II,PC,,56725,220
3358,220,PC,2025-05-26,1:00 PM,60,Lounge,Singleplayer,Controller,Red Dead Redemption II,PC,,56725,220
3359,220,PC,2025-05-27,4:00 PM,60,Lounge,Singleplayer,Controller,Red Dead Redemption II,PC,,56725,220
3360,220,PC,2025-05-28,11:00 AM,45,Lounge,Singleplayer,Controller,Red Dead Redemption II,PC,,56725,220
3361,220,PC,2025-05-28,1:00 PM,45,Lounge,Singleplayer,Controller,Red Dead Redemption II,PC,,56725,220
3362,218,PC,2025-05-28,7:00 PM,90,Lounge,Online Multiplayer,Controller,Split Fiction,PC,,92374,218
3363,220,PC,2025-05-28,11:00 PM,30,Lounge,Singleplayer,Controller,Red Dead Redemption II,PC,,56725,220
3364,220,PC,2025-05-29,1:00 PM,75,Lounge,Singleplayer,Controller,Red Dead Redemption II,PC,,56725,220
3365,218,PC,2025-05-29,8:00 PM,90,Lounge,Online Multiplayer,Controller,Split Fiction,PC,,92374,218
3366,220,PC,2025-05-30,10:00 AM,60,Lounge,Singleplayer,Controller,Red Dead Redemption II,PC,,56725,220
3367,220,PC,2025-05-30,4:00 PM,60,Lounge,Singleplayer,Controller,Red Dead Redemption II,PC,,56725,220
3368,220,PC,2025-06-01,2:00 PM,45,Lounge,Singleplayer,Controller,Red Dead Redemption II,PC,,56725,220
3369,220,PC,2025-06-03,6:00 AM,45,Lounge,Singleplayer,Controller,Red Dead Redemption II,PC,,56725,220
3370,207,PC,2025-06-03,7:00 PM,30,Lounge,Online Multiplayer,Keyboard & Mouse,Battlefield: 1,PC,,48113,207
3371,220,PC,2025-06-04,7:00 AM,60,Lounge,Singleplayer,Controller,Red Dead Redemption II,PC,,56725,220
3372,220,PC,2025-06-05,8:00 PM,60,Lounge,Singleplayer,Controller,Red Dead Redemption II,PC,,56725,220
3373,220,PC,2025-06-06,8:00 AM,75,Lounge,Singleplayer,Controller,Red Dead Redemption II,PC,,56725,220
3374,220,PC,2025-06-10,8:00 PM,45,Lounge,Singleplayer,Controller,Red Dead Redemption II,PC,,56725,220
3375,220,PC,2025-06-11,8:00 PM,75,Lounge,Singleplayer,Controller,Red Dead Redemption II,PC,,56725,220
3376,220,PC,2025-06-12,7:00 AM,60,Lounge,Singleplayer,Controller,Red Dead Redemption II,PC,,56725,220
3377,220,PC,2025-06-24,3:00 PM,45,Lounge,Singleplayer,Controller,Red Dead Redemption II,PC,,56725,220
3378,220,PC,2025-06-24,6:00 PM,60,Lounge,Singleplayer,Controller,Red Dead Redemption II,PC,,56725,220
3379,220,PC,2025-06-25,7:00 AM,75,Lounge,Singleplayer,Controller,Red Dead Redemption II,PC,,56725,220
3380,207,PC,2025-06-24,7:00 PM,60,Lounge,Online Multiplayer,Keyboard & Mouse,Battlefield: 1,PC,,48113,207
3382,220,PC,2025-06-27,3:00 PM,60,Lounge,Singleplayer,Controller,Red Dead Redemption II,PC,,56725,220
3383,220,PC,2025-06-28,8:00 AM,60,Lounge,Singleplayer,Controller,Red Dead Redemption II,PC,,56725,220
3384,220,PC,2025-06-30,12:00 PM,45,Lounge,Singleplayer,Controller,Red Dead Redemption II,PC,,56725,220
3385,220,PC,2025-06-30,3:00 PM,75,Lounge,Singleplayer,Controller,Red Dead Redemption II,PC,,56725,220
3386,220,PC,2025-07-01,7:00 AM,60,Lounge,Singleplayer,Controller,Red Dead Redemption II,PC,,56725,220
3387,220,PC,2025-07-01,12:00 PM,60,Lounge,Singleplayer,Controller,Red Dead Redemption II,PC,,56725,220
3388,197,PC,2025-07-01,6:00 PM,30,Lounge,Online Multiplayer,Controller,Helldivers II,PC,,89235,197
3389,221,PC,2025-07-01,7:00 AM,30,Lounge,Online Multiplayer,Keyboard & Mouse,Star Wars Battlefront II,PC,,53692,221
3390,220,PC,2025-07-02,3:00 PM,60,Lounge,Singleplayer,Controller,Red Dead Redemption II,PC,,56725,220
3391,220,PC,2025-07-04,7:00 AM,60,Lounge,Singleplayer,Controller,Red Dead Redemption II,PC,,56725,220
3392,222,PC,2025-07-04,6:00 PM,60,Lounge,Online Multiplayer,Controller,Peak,PC,,93395,222
3393,208,PC,2025-07-04,8:00 PM,45,Lounge,Online Multiplayer,Keyboard & Mouse,Oh Deer,PC,,0,208
3394,220,PC,2025-07-07,7:00 AM,60,Lounge,Singleplayer,Controller,Red Dead Redemption II,PC,,56725,220
3395,221,PC,2025-07-07,7:00 PM,60,Lounge,Online Multiplayer,Keyboard & Mouse,Star Wars Battlefront II,PC,,53692,221
3396,220,PC,2025-07-08,7:00 AM,60,Lounge,Singleplayer,Controller,Red Dead Redemption II,PC,,56725,220
3397,220,PC,2025-07-09,7:00 AM,60,Lounge,Singleplayer,Controller,Red Dead Redemption II,PC,,56725,220
3398,220,PC,2025-07-14,8:00 AM,45,Lounge,Singleplayer,Controller,Red Dead Redemption II,PC,,56725,220
3399,220,PC,2025-07-15,7:00 AM,60,Lounge,Singleplayer,Controller,Red Dead Redemption II,PC,,56725,220
3400,222,PC,2025-07-15,6:00 PM,90,Lounge,Online Multiplayer,Controller,Peak,PC,,93395,222
3401,220,PC,2025-07-16,8:00 AM,60,Lounge,Singleplayer,Controller,Red Dead Redemption II,PC,,56725,220
3402,220,PC,2025-07-22,7:00 AM,60,Lounge,Singleplayer,Controller,Red Dead Redemption II,PC,,56725,220
3403,220,PC,2025-07-23,7:00 AM,75,Lounge,Singleplayer,Controller,Red Dead Redemption II,PC,,56725,220
3404,220,PC,2025-07-23,12:00 PM,60,Lounge,Singleplayer,Controller,Red Dead Redemption II,PC,,56725,220
3405,220,PC,2025-07-25,7:00 AM,60,Lounge,Singleplayer,Controller,Red Dead Redemption II,PC,,56725,220
3406,220,PC,2025-07-25,12:00 PM,45,Lounge,Singleplayer,Controller,Red Dead Redemption II,PC,,56725,220
3407,203,PC,2025-07-25,7:00 PM,75,Lounge,Online Multiplayer,Controller,The Crew 2,PC,,59593,203
3408,220,PC,2025-07-27,4:00 PM,60,Lounge,Singleplayer,Controller,Red Dead Redemption II,PC,,56725,220
3409,220,PC,2025-07-28,11:00 AM,75,Lounge,Singleplayer,Controller,Red Dead Redemption II,PC,,56725,220
3410,220,PC,2025-07-28,2:00 PM,60,Lounge,Singleplayer,Controller,Red Dead Redemption II,PC,,56725,220
3411,220,PC,2025-07-29,7:00 AM,60,Lounge,Singleplayer,Controller,Red Dead Redemption II,PC,,56725,220
3412,220,PC,2025-07-29,2:00 PM,60,Lounge,Singleplayer,Controller,Red Dead Redemption II,PC,,56725,220
3413,220,PC,2025-07-30,7:00 AM,60,Lounge,Singleplayer,Controller,Red Dead Redemption II,PC,,56725,220
3414,220,PC,2025-07-30,12:00 PM,45,Lounge,Singleplayer,Controller,Red Dead Redemption II,PC,,56725,220
3415,220,PC,2025-07-30,1:00 PM,90,Lounge,Singleplayer,Controller,Red Dead Redemption II,PC,,56725,220
3416,220,PC,2025-08-01,7:00 AM,60,Lounge,Singleplayer,Controller,Red Dead Redemption II,PC,,56725,220
3417,220,PC,2025-08-01,10:00 AM,30,Lounge,Singleplayer,Controller,Red Dead Redemption II,PC,,56725,220
3418,220,PC,2025-08-01,1:00 PM,30,Lounge,Singleplayer,Controller,Red Dead Redemption II,PC,,56725,220
3419,220,PC,2025-08-01,3:00 PM,75,Lounge,Singleplayer,Controller,Red Dead Redemption II,PC,,56725,220
3420,220,PC,2025-08-02,10:00 AM,60,Lounge,Singleplayer,Controller,Red Dead Redemption II,PC,,56725,220
3421,220,PC,2025-08-03,4:00 PM,120,Lounge,Singleplayer,Controller,Red Dead Redemption II,PC,,56725,220
3422,220,PC,2025-08-04,7:00 AM,30,Lounge,Singleplayer,Controller,Red Dead Redemption II,PC,,56725,220
3423,220,PC,2025-08-04,12:00 PM,45,Lounge,Singleplayer,Controller,Red Dead Redemption II,PC,,56725,220
3424,220,PC,2025-08-08,7:00 AM,45,Lounge,Singleplayer,Controller,Red Dead Redemption II,PC,,56725,220
3425,220,PC,2025-08-10,7:00 PM,45,Lounge,Singleplayer,Controller,Red Dead Redemption II,PC,,56725,220
3426,220,PC,2025-08-11,7:00 AM,45,Lounge,Singleplayer,Controller,Red Dead Redemption II,PC,,56725,220
3427,220,PC,2025-08-11,12:00 PM,45,Lounge,Singleplayer,Controller,Red Dead Redemption II,PC,,56725,220
3428,220,PC,2025-08-12,7:00 AM,45,Lounge,Singleplayer,Controller,Red Dead Redemption II,PC,,56725,220
3429,220,PC,2025-08-13,7:00 AM,60,Lounge,Singleplayer,Controller,Red Dead Redemption II,PC,,56725,220
3430,220,PC,2025-08-13,12:00 PM,30,Lounge,Singleplayer,Controller,Red Dead Redemption II,PC,,56725,220
3431,220,PC,2025-08-13,1:00 PM,30,Lounge,Singleplayer,Controller,Red Dead Redemption II,PC,,56725,220
3432,220,PC,2025-08-15,7:00 AM,75,Lounge,Singleplayer,Controller,Red Dead Redemption II,PC,,56725,220
3433,220,PC,2025-08-15,4:00 PM,90,Lounge,Singleplayer,Controller,Red Dead Redemption II,PC,,56725,220
3434,220,PC,2025-08-16,8:00 AM,90,Lounge,Singleplayer,Controller,Red Dead Redemption II,PC,,56725,220
3435,150,PC,2025-08-16,7:00 PM,90,Lounge,Online Multiplayer,Controller,Risk of Rain 2,PC,,69787,150
3436,220,PC,2025-08-17,8:00 AM,75,Lounge,Singleplayer,Controller,Red Dead Redemption II,PC,,56725,220
3437,220,PC,2025-08-18,7:00 AM,60,Lounge,Singleplayer,Controller,Red Dead Redemption II,PC,,56725,220
3438,220,PC,2025-08-18,4:00 PM,60,Lounge,Singleplayer,Controller,Red Dead Redemption II,PC,,56725,220
3439,220,PC,2025-08-19,7:00 AM,60,Lounge,Singleplayer,Controller,Red Dead Redemption II,PC,,56725,220
3440,220,PC,2025-08-20,7:00 AM,60,Lounge,Singleplayer,Controller,Red Dead Redemption II,PC,,56725,220
3441,220,PC,2025-08-20,3:00 PM,120,Lounge,Singleplayer,Controller,Red Dead Redemption II,PC,,56725,220
3442,220,PC,2025-08-22,7:00 AM,75,Lounge,Singleplayer,Controller,Red Dead Redemption II,PC,,56725,220
3443,220,PC,2025-08-22,3:00 PM,75,Lounge,Singleplayer,Controller,Red Dead Redemption II,PC,,56725,220
3444,134,PC,2025-08-26,7:00 AM,60,Lounge,Singleplayer,Controller,Control,PC,,68937,134
3445,134,PC,2025-08-27,7:00 AM,60,Lounge,Singleplayer,Controller,Control,PC,,68937,134
3446,134,PC,2025-08-28,7:00 AM,45,Lounge,Singleplayer,Controller,Control,PC,,68937,134
3447,223,PC,2025-09-07,8:00 AM,30,Lounge,Singleplayer,Keyboard & Mouse,LEGO Builder’s Journey,PC,,76480,223
3448,223,PC,2025-09-10,7:00 AM,45,Lounge,Singleplayer,Keyboard & Mouse,LEGO Builder’s Journey,PC,,76480,223
3449,223,PC,2025-09-11,7:00 AM,30,Lounge,Singleplayer,Keyboard & Mouse,LEGO Builder’s Journey,PC,,76480,223
3450,222,PC,2025-09-12,8:00 PM,30,Lounge,Online Multiplayer,Controller,Peak,PC,,93395,222
3451,224,Nintendo Switch,2025-10-05,7:00 AM,45,Bed,Singleplayer,Handheld,Mario + Rabbids: Sparks of Hope,Nintendo Switch,,82950,224
3452,225,PC,2025-10-07,3:00 PM,45,Lounge,Singleplayer,Controller,Hollow Knight: Silksong,PC,,72161,225
3453,225,PC,2025-10-08,7:00 AM,45,Lounge,Singleplayer,Controller,Hollow Knight: Silksong,PC,,72161,225
3454,225,PC,2025-10-08,5:00 PM,30,Lounge,Singleplayer,Controller,Hollow Knight: Silksong,PC,,72161,225
3455,222,PC,2025-10-09,7:00 PM,30,Lounge,Online Multiplayer,Controller,Peak,PC,,93395,222
3456,225,PC,2025-10-10,10:00 AM,60,Lounge,Singleplayer,Controller,Hollow Knight: Silksong,PC,,72161,225
3457,225,PC,2025-10-10,2:00 PM,45,Lounge,Singleplayer,Controller,Hollow Knight: Silksong,PC,,72161,225
3458,225,PC,2025-10-13,7:00 AM,45,Lounge,Singleplayer,Controller,Hollow Knight: Silksong,PC,,72161,225
3459,225,PC,2025-10-13,12:00 PM,45,Lounge,Singleplayer,Controller,Hollow Knight: Silksong,PC,,72161,225
3460,225,PC,2025-10-14,11:00 AM,45,Lounge,Singleplayer,Controller,Hollow Knight: Silksong,PC,,72161,225
3461,225,PC,2025-10-14,4:00 PM,60,Lounge,Singleplayer,Controller,Hollow Knight: Silksong,PC,,72161,225
3462,225,PC,2025-10-15,7:00 AM,60,Lounge,Singleplayer,Controller,Hollow Knight: Silksong,PC,,72161,225
3463,225,PC,2025-10-15,12:00 PM,45,Lounge,Singleplayer,Controller,Hollow Knight: Silksong,PC,,72161,225
3464,225,PC,2025-10-17,12:00 PM,30,Lounge,Singleplayer,Controller,Hollow Knight: Silksong,PC,,72161,225
3465,225,PC,2025-10-17,4:00 PM,90,Lounge,Singleplayer,Controller,Hollow Knight: Silksong,PC,,72161,225
3466,150,PC,2025-10-19,7:00 PM,60,Lounge,Online Multiplayer,Controller,Risk of Rain 2,PC,,69787,150
3467,225,PC,2025-10-20,12:00 PM,30,Lounge,Singleplayer,Controller,Hollow Knight: Silksong,PC,,72161,225
3468,225,PC,2025-10-21,7:00 AM,60,Lounge,Singleplayer,Controller,Hollow Knight: Silksong,PC,,72161,225
3469,225,PC,2025-10-21,12:00 PM,30,Lounge,Singleplayer,Controller,Hollow Knight: Silksong,PC,,72161,225
3470,225,PC,2025-10-21,4:00 PM,45,Lounge,Singleplayer,Controller,Hollow Knight: Silksong,PC,,72161,225
3471,225,PC,2025-10-22,6:00 PM,45,Lounge,Singleplayer,Controller,Hollow Knight: Silksong,PC,,72161,225
3472,225,PC,2025-10-23,7:00 AM,45,Lounge,Singleplayer,Controller,Hollow Knight: Silksong,PC,,72161,225
3473,225,PC,2025-10-23,11:00 AM,45,Lounge,Singleplayer,Controller,Hollow Knight: Silksong,PC,,72161,225
3474,225,PC,2025-10-23,12:00 PM,30,Lounge,Singleplayer,Controller,Hollow Knight: Silksong,PC,,72161,225
3475,225,PC,2025-10-24,7:00 AM,45,Lounge,Singleplayer,Controller,Hollow Knight: Silksong,PC,,72161,225
3476,225,PC,2025-10-24,11:00 AM,30,Lounge,Singleplayer,Controller,Hollow Knight: Silksong,PC,,72161,225
3477,225,PC,2025-10-24,12:00 PM,45,Lounge,Singleplayer,Controller,Hollow Knight: Silksong,PC,,72161,225
3478,225,PC,2025-10-24,3:00 PM,60,Lounge,Singleplayer,Controller,Hollow Knight: Silksong,PC,,72161,225
3479,225,PC,2025-10-26,4:00 PM,45,Lounge,Singleplayer,Controller,Hollow Knight: Silksong,PC,,72161,225
3480,225,PC,2025-10-27,12:00 PM,30,Lounge,Singleplayer,Controller,Hollow Knight: Silksong,PC,,72161,225
3481,225,PC,2025-10-27,3:00 PM,60,Lounge,Singleplayer,Controller,Hollow Knight: Silksong,PC,,72161,225
3482,225,PC,2025-10-28,7:00 AM,75,Lounge,Singleplayer,Controller,Hollow Knight: Silksong,PC,,72161,225
3483,225,PC,2025-10-28,11:00 AM,60,Lounge,Singleplayer,Controller,Hollow Knight: Silksong,PC,,72161,225
3484,225,PC,2025-10-28,1:00 PM,45,Lounge,Singleplayer,Controller,Hollow Knight: Silksong,PC,,72161,225
3485,225,PC,2025-10-28,4:00 PM,30,Lounge,Singleplayer,Controller,Hollow Knight: Silksong,PC,,72161,225
3486,225,PC,2025-10-29,7:00 AM,60,Lounge,Singleplayer,Controller,Hollow Knight: Silksong,PC,,72161,225
3487,225,PC,2025-10-29,11:00 AM,45,Lounge,Singleplayer,Controller,Hollow Knight: Silksong,PC,,72161,225
3488,225,PC,2025-10-29,12:00 PM,45,Lounge,Singleplayer,Controller,Hollow Knight: Silksong,PC,,72161,225
3489,225,PC,2025-10-29,2:00 PM,30,Lounge,Singleplayer,Controller,Hollow Knight: Silksong,PC,,72161,225
3490,225,PC,2025-10-29,4:00 PM,30,Lounge,Singleplayer,Controller,Hollow Knight: Silksong,PC,,72161,225
3491,225,PC,2025-10-30,7:00 AM,90,Lounge,Singleplayer,Controller,Hollow Knight: Silksong,PC,,72161,225
3492,225,PC,2025-10-30,2:00 PM,60,Lounge,Singleplayer,Controller,Hollow Knight: Silksong,PC,,72161,225
3493,225,PC,2025-10-31,7:00 AM,75,Lounge,Singleplayer,Controller,Hollow Knight: Silksong,PC,,72161,225
3494,225,PC,2025-10-31,12:00 PM,30,Lounge,Singleplayer,Controller,Hollow Knight: Silksong,PC,,72161,225
3495,225,PC,2025-10-31,4:00 PM,30,Lounge,Singleplayer,Controller,Hollow Knight: Silksong,PC,,72161,225
3496,225,PC,2025-10-31,5:00 PM,30,Lounge,Singleplayer,Controller,Hollow Knight: Silksong,PC,,72161,225
3497,225,PC,2025-11-01,8:00 AM,60,Lounge,Singleplayer,Controller,Hollow Knight: Silksong,PC,,72161,225
3498,225,PC,2025-11-01,7:00 AM,90,Lounge,Singleplayer,Controller,Hollow Knight: Silksong,PC,,72161,225
3499,225,PC,2025-11-01,5:00 PM,30,Lounge,Singleplayer,Controller,Hollow Knight: Silksong,PC,,72161,225
3500,150,PC,2025-11-01,8:00 PM,60,Lounge,Online Multiplayer,Controller,Risk of Rain 2,PC,,69787,150
3501,225,PC,2025-11-02,5:00 PM,60,Lounge,Singleplayer,Controller,Hollow Knight: Silksong,PC,,72161,225
3502,225,PC,2025-11-03,7:00 AM,60,Lounge,Singleplayer,Controller,Hollow Knight: Silksong,PC,,72161,225
3503,225,PC,2025-11-03,11:00 AM,30,Lounge,Singleplayer,Controller,Hollow Knight: Silksong,PC,,72161,225
3504,225,PC,2025-11-05,7:00 AM,45,Lounge,Singleplayer,Controller,Hollow Knight: Silksong,PC,,72161,225
3505,225,PC,2025-11-05,12:00 PM,30,Lounge,Singleplayer,Controller,Hollow Knight: Silksong,PC,,72161,225
3506,225,PC,2025-11-07,7:00 AM,45,Lounge,Singleplayer,Controller,Hollow Knight: Silksong,PC,,72161,225
3507,105,PC,2025-11-07,5:00 PM,120,Lounge,Local Multiplayer,Keyboard & Mouse,Satisfactory,PC,,68951,105
3508,105,PC,2025-11-07,8:00 PM,180,Lounge,Local Multiplayer,Keyboard & Mouse,Satisfactory,PC,,68951,105
3509,226,PC,2025-11-09,8:00 AM,30,Lounge,Singleplayer,Controller,Ratchet & Clank: Rift Apart,PC,,78952,226
3510,150,PC,2025-11-09,7:00 PM,75,Lounge,Online Multiplayer,Controller,Risk of Rain 2,PC,,69787,150
3511,9,Nintendo Switch,2025-11-21,7:00 PM,60,Lounge,Local Multiplayer,Controller,Mario Kart 8,Nintendo Switch,,42929,9
3512,1,Nintendo Switch,2025-11-23,8:00 PM,75,Lounge,Local Multiplayer,Controller,Stardew Valley,PC,,50899,1
3513,207,PC,2025-11-27,7:00 PM,60,Lounge,Online Multiplayer,Keyboard & Mouse,Battlefield: 1,PC,,48113,207
3514,150,PC,2025-12-05,7:00 PM,45,Lounge,Online Multiplayer,Controller,Risk of Rain 2,PC,,69787,150
3515,226,PC,2025-12-10,7:00 AM,60,Lounge,Singleplayer,Controller,Ratchet & Clank: Rift Apart,PC,,78952,226
3516,1,Nintendo Switch,2025-12-10,5:00 PM,30,Lounge,Singleplayer,Handheld,Stardew Valley,PC,,50899,1
3517,226,PC,2025-12-11,8:00 AM,45,Lounge,Singleplayer,Controller,Ratchet & Clank: Rift Apart,PC,,78952,226
3518,1,PC,2025-12-11,8:00 PM,60,Lounge,Local Multiplayer,Controller,Stardew Valley,PC,,50899,1
3519,1,PC,2025-12-14,5:00 PM,60,Lounge,Local Multiplayer,Controller,Stardew Valley,PC,,50899,1
3521,226,PC,2025-12-15,4:00 PM,45,Lounge,Singleplayer,Controller,Ratchet & Clank: Rift Apart,PC,,78952,226
3522,226,PC,2025-12-18,7:00 AM,45,Lounge,Singleplayer,Controller,Ratchet & Clank: Rift Apart,PC,,78952,226
3523,226,PC,2025-12-18,12:00 PM,45,Lounge,Singleplayer,Controller,Ratchet & Clank: Rift Apart,PC,,78952,226
3524,226,PC,2025-12-18,3:00 PM,60,Lounge,Singleplayer,Controller,Ratchet & Clank: Rift Apart,PC,,78952,226
3525,226,PC,2025-12-19,2:00 PM,60,Lounge,Singleplayer,Controller,Ratchet & Clank: Rift Apart,PC,,78952,226
3526,226,PC,2025-12-20,7:00 AM,75,Lounge,Singleplayer,Controller,Ratchet & Clank: Rift Apart,PC,,78952,226
3527,226,PC,2025-12-20,3:00 PM,45,Lounge,Singleplayer,Controller,Ratchet & Clank: Rift Apart,PC,,78952,226
3528,226,PC,2025-12-21,7:00 AM,30,Lounge,Singleplayer,Controller,Ratchet & Clank: Rift Apart,PC,,78952,226
3529,226,PC,2025-12-21,2:00 PM,45,Lounge,Singleplayer,Controller,Ratchet & Clank: Rift Apart,PC,,78952,226
3530,227,Nintendo Switch 2,2025-12-27,4:00 PM,60,Lounge,Local Multiplayer,Controller,Mario Kart World,Nintendo Switch 2,,0,227
3532,227,Nintendo Switch 2,2025-12-29,9:00 AM,45,Lounge,Singleplayer,Handheld,Mario Kart World,Nintendo Switch 2,,0,227
3533,227,Nintendo Switch 2,2025-12-29,3:00 PM,60,Lounge,Singleplayer,Handheld,Mario Kart World,Nintendo Switch 2,,0,227
3534,227,Nintendo Switch 2,2026-01-01,9:00 PM,30,Bed,Singleplayer,Handheld,Mario Kart World,Nintendo Switch 2,,0,227
3535,227,Nintendo Switch 2,2026-01-03,2:00 PM,30,Plane,Singleplayer,Handheld,Mario Kart World,Nintendo Switch 2,,0,227
3536,228,Nintendo Switch 2,2026-01-04,9:00 AM,45,Lounge,Singleplayer,Controller,Donkey Kong Bananza,Nintendo Switch 2,,0,228
3537,228,Nintendo Switch 2,2026-01-04,3:00 PM,45,Lounge,Singleplayer,Controller,Donkey Kong Bananza,Nintendo Switch 2,,0,228
3538,228,Nintendo Switch 2,2026-01-04,8:00 PM,30,Lounge,Singleplayer,Controller,Donkey Kong Bananza,Nintendo Switch 2,,0,228
3539,228,Nintendo Switch 2,2026-01-05,6:00 AM,30,Lounge,Singleplayer,Controller,Donkey Kong Bananza,Nintendo Switch 2,,0,228
3540,228,Nintendo Switch 2,2026-01-05,12:00 PM,30,Lounge,Singleplayer,Controller,Donkey Kong Bananza,Nintendo Switch 2,,0,228
3541,228,Nintendo Switch 2,2026-01-05,6:00 PM,30,Lounge,Singleplayer,Controller,Donkey Kong Bananza,Nintendo Switch 2,,0,228
3542,126,PC,2026-01-05,7:00 PM,60,Lounge,Online Multiplayer,Controller,Spelunky 2,PC,,62377,126
3544,228,Nintendo Switch 2,2026-01-07,10:00 AM,45,Lounge,Singleplayer,Controller,Donkey Kong Bananza,Nintendo Switch 2,,0,228
3545,228,Nintendo Switch 2,2026-01-07,12:00 PM,45,Lounge,Singleplayer,Controller,Donkey Kong Bananza,Nintendo Switch 2,,0,228
3546,126,PC,2026-01-07,7:00 PM,60,Lounge,Online Multiplayer,Controller,Spelunky 2,PC,,62377,126
3547,228,Nintendo Switch 2,2026-01-08,6:00 PM,30,Lounge,Singleplayer,Controller,Donkey Kong Bananza,Nintendo Switch 2,,0,228
3548,228,Nintendo Switch 2,2026-01-09,8:00 AM,30,Lounge,Singleplayer,Controller,Donkey Kong Bananza,Nintendo Switch 2,,0,228
3549,228,Nintendo Switch 2,2026-01-09,10:00 AM,30,Lounge,Singleplayer,Controller,Donkey Kong Bananza,Nintendo Switch 2,,0,228
3550,228,Nintendo Switch 2,2026-01-09,3:00 PM,30,Lounge,Singleplayer,Controller,Donkey Kong Bananza,Nintendo Switch 2,,0,228
3551,227,Nintendo Switch 2,2026-01-09,5:00 PM,45,Lounge,Singleplayer,Controller,Mario Kart World,Nintendo Switch 2,,0,227
3552,228,Nintendo Switch 2,2026-01-09,6:00 PM,15,Lounge,Singleplayer,Controller,Donkey Kong Bananza,Nintendo Switch 2,,0,228
3553,228,Nintendo Switch 2,2026-01-12,10:00 AM,45,Lounge,Singleplayer,Controller,Donkey Kong Bananza,Nintendo Switch 2,,0,228
3554,228,Nintendo Switch 2,2026-01-12,12:00 PM,30,Lounge,Singleplayer,Controller,Donkey Kong Bananza,Nintendo Switch 2,,0,228
3555,228,Nintendo Switch 2,2026-01-12,4:00 PM,60,Lounge,Singleplayer,Controller,Donkey Kong Bananza,Nintendo Switch 2,,0,228
3556,228,Nintendo Switch 2,2026-01-13,6:00 AM,45,Lounge,Singleplayer,Controller,Donkey Kong Bananza,Nintendo Switch 2,,0,228
3557,228,Nintendo Switch 2,2026-01-14,7:00 AM,45,Lounge,Singleplayer,Controller,Donkey Kong Bananza,Nintendo Switch 2,,0,228
3558,228,Nintendo Switch 2,2026-01-14,12:00 PM,30,Lounge,Singleplayer,Controller,Donkey Kong Bananza,Nintendo Switch 2,,0,228
3559,228,Nintendo Switch 2,2026-01-14,3:00 PM,30,Lounge,Singleplayer,Controller,Donkey Kong Bananza,Nintendo Switch 2,,0,228
3560,228,Nintendo Switch 2,2026-01-14,6:00 PM,30,Lounge,Singleplayer,Controller,Donkey Kong Bananza,Nintendo Switch 2,,0,228
3561,228,Nintendo Switch 2,2026-01-15,6:00 AM,30,Lounge,Singleplayer,Controller,Donkey Kong Bananza,Nintendo Switch 2,,0,228
3562,228,Nintendo Switch 2,2026-01-15,6:00 PM,30,Lounge,Singleplayer,Controller,Donkey Kong Bananza,Nintendo Switch 2,,0,228
3563,228,Nintendo Switch 2,2026-01-16,7:00 AM,30,Lounge,Singleplayer,Controller,Donkey Kong Bananza,Nintendo Switch 2,,0,228
3564,228,Nintendo Switch 2,2026-01-16,6:00 PM,30,Lounge,Singleplayer,Controller,Donkey Kong Bananza,Nintendo Switch 2,,0,228
3565,228,Nintendo Switch 2,2026-01-17,8:00 AM,45,Lounge,Singleplayer,Controller,Donkey Kong Bananza,Nintendo Switch 2,,0,228
3566,228,Nintendo Switch 2,2026-01-17,2:00 PM,30,Lounge,Singleplayer,Controller,Donkey Kong Bananza,Nintendo Switch 2,,0,228
3567,57,Nintendo Switch 2,2026-01-17,6:00 PM,45,Lounge,Local Multiplayer,Controller,Overcooked 2,PS4,,68948,57
3570,228,Nintendo Switch 2,2026-01-19,5:00 PM,45,Lounge,Singleplayer,Controller,Donkey Kong Bananza,Nintendo Switch 2,,0,228
3571,228,Nintendo Switch 2,2026-01-20,9:00 PM,45,Lounge,Singleplayer,Controller,Donkey Kong Bananza,Nintendo Switch 2,,0,228
3572,228,Nintendo Switch 2,2026-01-20,7:00 AM,45,Lounge,Singleplayer,Controller,Donkey Kong Bananza,Nintendo Switch 2,,0,228
3573,228,Nintendo Switch 2,2026-01-21,5:00 PM,30,Lounge,Singleplayer,Controller,Donkey Kong Bananza,Nintendo Switch 2,,0,228
3574,228,Nintendo Switch 2,2026-01-22,7:00 AM,45,Lounge,Singleplayer,Controller,Donkey Kong Bananza,Nintendo Switch 2,,0,228
3575,228,Nintendo Switch 2,2026-01-23,7:00 AM,45,Lounge,Singleplayer,Controller,Donkey Kong Bananza,Nintendo Switch 2,,0,228
3576,228,Nintendo Switch 2,2026-01-24,4:00 PM,30,Lounge,Singleplayer,Controller,Donkey Kong Bananza,Nintendo Switch 2,,0,228
3577,57,Nintendo Switch 2,2026-01-24,5:00 PM,60,Lounge,Local Multiplayer,Controller,Overcooked 2,PS4,,68948,57
3578,228,Nintendo Switch 2,2026-01-25,9:00 PM,45,Lounge,Singleplayer,Controller,Donkey Kong Bananza,Nintendo Switch 2,,0,228
3579,228,Nintendo Switch 2,2026-01-26,1:00 PM,30,Lounge,Singleplayer,Controller,Donkey Kong Bananza,Nintendo Switch 2,,0,228
3580,228,Nintendo Switch 2,2026-01-28,8:00 AM,45,Lounge,Singleplayer,Controller,Donkey Kong Bananza,Nintendo Switch 2,,0,228
3581,228,Nintendo Switch 2,2026-01-28,11:00 AM,45,Lounge,Singleplayer,Controller,Donkey Kong Bananza,Nintendo Switch 2,,0,228
3582,228,Nintendo Switch 2,2026-01-28,4:00 PM,45,Lounge,Singleplayer,Controller,Donkey Kong Bananza,Nintendo Switch 2,,0,228
3583,228,Nintendo Switch 2,2026-01-30,7:00 AM,45,Lounge,Singleplayer,Controller,Donkey Kong Bananza,Nintendo Switch 2,,0,228
3584,228,Nintendo Switch 2,2026-01-30,12:00 PM,30,Lounge,Singleplayer,Controller,Donkey Kong Bananza,Nintendo Switch 2,,0,228
3585,228,Nintendo Switch 2,2026-01-30,1:00 PM,45,Lounge,Singleplayer,Controller,Donkey Kong Bananza,Nintendo Switch 2,,0,228
3586,228,Nintendo Switch 2,2026-01-31,8:00 AM,45,Lounge,Singleplayer,Controller,Donkey Kong Bananza,Nintendo Switch 2,,0,228
3587,228,Nintendo Switch 2,2026-02-04,7:00 AM,30,Lounge,Singleplayer,Controller,Donkey Kong Bananza,Nintendo Switch 2,,0,228
3588,228,Nintendo Switch 2,2026-02-04,11:00 AM,30,Lounge,Singleplayer,Controller,Donkey Kong Bananza,Nintendo Switch 2,,0,228
3589,228,Nintendo Switch 2,2026-02-04,3:00 PM,105,Lounge,Singleplayer,Controller,Donkey Kong Bananza,Nintendo Switch 2,,0,228
3590,228,Nintendo Switch 2,2026-02-05,7:00 AM,45,Lounge,Singleplayer,Controller,Donkey Kong Bananza,Nintendo Switch 2,,0,228
3591,228,Nintendo Switch 2,2026-02-06,7:00 AM,30,Lounge,Singleplayer,Controller,Donkey Kong Bananza,Nintendo Switch 2,,0,228
3592,228,Nintendo Switch 2,2026-02-06,11:00 AM,30,Lounge,Singleplayer,Controller,Donkey Kong Bananza,Nintendo Switch 2,,0,228
3593,105,PC,2026-02-06,8:00 PM,135,Lounge,Online Multiplayer,Keyboard & Mouse,Satisfactory,PC,,68951,105
3595,228,Nintendo Switch 2,2026-02-09,5:00 PM,30,Lounge,Singleplayer,Keyboard & Mouse,Donkey Kong Bananza,Nintendo Switch 2,,0,228
3596,105,PC,2026-02-10,9:00 PM,60,Lounge,Singleplayer,Keyboard & Mouse,Satisfactory,PC,,68951,105
3597,228,Nintendo Switch 2,2026-02-11,7:00 AM,30,Lounge,Singleplayer,Controller,Donkey Kong Bananza,Nintendo Switch 2,,0,228
3598,228,Nintendo Switch 2,2026-02-11,11:00 AM,30,Lounge,Singleplayer,Controller,Donkey Kong Bananza,Nintendo Switch 2,,0,228
3599,228,Nintendo Switch 2,2026-02-11,3:00 PM,105,Lounge,Singleplayer,Controller,Donkey Kong Bananza,Nintendo Switch 2,,0,228
3600,228,Nintendo Switch 2,2026-02-13,7:00 AM,45,Lounge,Singleplayer,Controller,Donkey Kong Bananza,Nintendo Switch 2,,0,228
3601,228,Nintendo Switch 2,2026-02-13,2:00 PM,30,Lounge,Singleplayer,Controller,Donkey Kong Bananza,Nintendo Switch 2,,0,228
3602,105,PC,2026-02-13,5:00 PM,60,Lounge,Singleplayer,Controller,Satisfactory,PC,,68951,105
3603,207,PC,2026-02-13,7:00 PM,60,Lounge,Online Multiplayer,Keyboard & Mouse,Battlefield: 1,PC,,48113,207
3604,105,PC,2026-02-13,8:00 PM,135,Lounge,Online Multiplayer,Keyboard & Mouse,Satisfactory,PC,,68951,105
3605,105,PC,2026-02-14,2:00 PM,105,Lounge,Singleplayer,Keyboard & Mouse,Satisfactory,PC,,68951,105
3606,105,PC,2026-02-15,7:00 AM,75,Lounge,Singleplayer,Keyboard & Mouse,Satisfactory,PC,,68951,105
3607,105,PC,2026-02-18,12:00 PM,60,Lounge,Singleplayer,Keyboard & Mouse,Satisfactory,PC,,68951,105
3608,105,PC,2026-02-20,7:00 AM,105,Lounge,Singleplayer,Keyboard & Mouse,Satisfactory,PC,,68951,105
3609,105,PC,2026-02-20,12:00 PM,120,Lounge,Singleplayer,Keyboard & Mouse,Satisfactory,PC,,68951,105
3610,105,PC,2026-02-22,7:00 AM,90,Lounge,Singleplayer,Keyboard & Mouse,Satisfactory,PC,,68951,105
3611,105,PC,2026-02-22,3:00 PM,120,Lounge,Singleplayer,Keyboard & Mouse,Satisfactory,PC,,68951,105
3612,105,PC,2026-02-25,7:00 AM,60,Lounge,Singleplayer,Keyboard & Mouse,Satisfactory,PC,,68951,105
3613,105,PC,2026-02-25,12:00 PM,90,Lounge,Singleplayer,Keyboard & Mouse,Satisfactory,PC,,68951,105
3614,105,PC,2026-02-27,7:00 AM,90,Lounge,Singleplayer,Keyboard & Mouse,Satisfactory,PC,,68951,105
3615,105,PC,2026-02-28,12:00 PM,120,Lounge,Singleplayer,Keyboard & Mouse,Satisfactory,PC,,68951,105
3616,229,Nintendo Switch 2,2026-03-06,9:00 PM,60,Lounge,Singleplayer,Controller,Pokopia,Nintendo Switch 2,,0,229
3617,229,Nintendo Switch 2,2026-03-07,7:00 AM,45,Lounge,Singleplayer,Controller,Pokopia,Nintendo Switch 2,,0,229
3618,229,Nintendo Switch 2,2026-03-11,4:00 PM,75,Lounge,Singleplayer,Controller,Pokopia,Nintendo Switch 2,,0,229
3619,229,Nintendo Switch 2,2026-03-12,8:00 PM,30,Plane,Singleplayer,Handheld,Pokopia,Nintendo Switch 2,,0,229
3620,229,Nintendo Switch 2,2026-03-13,1:00 PM,60,Plane,Singleplayer,Handheld,Pokopia,Nintendo Switch 2,,0,229
3621,229,Nintendo Switch 2,2026-03-14,9:00 AM,45,Airbnb,Singleplayer,Handheld,Pokopia,Nintendo Switch 2,,0,229
3622,229,Nintendo Switch 2,2026-03-15,9:00 AM,30,Bed,Singleplayer,Handheld,Pokopia,Nintendo Switch 2,,0,229
3623,229,Nintendo Switch 2,2026-03-16,10:00 AM,45,Plane,Singleplayer,Handheld,Pokopia,Nintendo Switch 2,,0,229
3624,229,Nintendo Switch 2,2026-03-18,7:00 AM,30,Lounge,Singleplayer,Controller,Pokopia,Nintendo Switch 2,,0,229
3625,229,Nintendo Switch 2,2026-03-18,12:00 PM,60,Lounge,Singleplayer,Controller,Pokopia,Nintendo Switch 2,,0,229
3626,229,Nintendo Switch 2,2026-03-18,4:00 PM,60,Lounge,Singleplayer,Controller,Pokopia,Nintendo Switch 2,,0,229
3627,229,Nintendo Switch 2,2026-03-20,7:00 AM,60,Lounge,Singleplayer,Controller,Pokopia,Nintendo Switch 2,,0,229
3628,229,Nintendo Switch 2,2026-03-20,12:00 PM,90,Lounge,Singleplayer,Controller,Pokopia,Nintendo Switch 2,,0,229
3629,229,Nintendo Switch 2,2026-03-20,4:00 PM,60,Lounge,Singleplayer,Controller,Pokopia,Nintendo Switch 2,,0,229
3630,229,Nintendo Switch 2,2026-03-21,8:00 AM,45,Lounge,Singleplayer,Controller,Pokopia,Nintendo Switch 2,,0,229
3631,229,Nintendo Switch 2,2026-03-21,1:00 PM,30,Lounge,Singleplayer,Controller,Pokopia,Nintendo Switch 2,,0,229
3632,229,Nintendo Switch 2,2026-03-21,4:00 PM,60,Lounge,Singleplayer,Controller,Pokopia,Nintendo Switch 2,,0,229
3633,229,Nintendo Switch 2,2026-03-22,8:00 AM,60,Lounge,Singleplayer,Controller,Pokopia,Nintendo Switch 2,,0,229
3634,229,Nintendo Switch 2,2026-03-23,5:00 PM,30,Lounge,Singleplayer,Controller,Pokopia,Nintendo Switch 2,,0,229
3635,229,Nintendo Switch 2,2026-03-24,9:00 AM,75,Lounge,Singleplayer,Controller,Pokopia,Nintendo Switch 2,,0,229
3636,229,Nintendo Switch 2,2026-03-24,8:00 PM,45,Lounge,Singleplayer,Controller,Pokopia,Nintendo Switch 2,,0,229
3637,229,Nintendo Switch 2,2026-03-25,9:00 AM,30,Plane,Singleplayer,Handheld,Pokopia,Nintendo Switch 2,,0,229
3638,229,Nintendo Switch 2,2026-03-25,11:00 AM,30,Plane,Singleplayer,Handheld,Pokopia,Nintendo Switch 2,,0,229
3639,229,Nintendo Switch 2,2026-03-25,4:00 PM,30,Plane,Singleplayer,Handheld,Pokopia,Nintendo Switch 2,,0,229
3640,229,Nintendo Switch 2,2026-03-26,8:00 AM,30,Bed,Singleplayer,Handheld,Pokopia,Nintendo Switch 2,,0,229
3641,229,Nintendo Switch 2,2026-03-26,10:00 AM,45,Lounge,Singleplayer,Handheld,Pokopia,Nintendo Switch 2,,0,229
3642,229,Nintendo Switch 2,2026-03-26,1:00 PM,30,Lounge,Singleplayer,Handheld,Pokopia,Nintendo Switch 2,,0,229
3643,229,Nintendo Switch 2,2026-03-26,8:00 PM,45,Lounge,Singleplayer,Handheld,Pokopia,Nintendo Switch 2,,0,229
3644,82,PS4,2026-03-27,8:00 PM,30,Conor & Nat's Place,Local Multiplayer,Controller,FIFA 19,PS4,,68608,82
3645,230,Nintendo Switch,2026-03-28,4:00 PM,45,Lounge,Local Multiplayer,Controller,Absolum,Nintendo Switch,,0,230
3646,230,Nintendo Switch,2026-03-29,3:00 PM,45,Lounge,Local Multiplayer,Controller,Absolum,Nintendo Switch,,0,230
3648,229,Nintendo Switch 2,2026-03-31,11:00 AM,60,Lounge,Singleplayer,Controller,Pokopia,Nintendo Switch 2,,0,229
3649,229,Nintendo Switch 2,2026-03-31,3:00 PM,75,Lounge,Singleplayer,Controller,Pokopia,Nintendo Switch 2,,0,229
3650,229,Nintendo Switch 2,2026-04-01,7:00 AM,60,Lounge,Singleplayer,Controller,Pokopia,Nintendo Switch 2,,0,229
3651,229,Nintendo Switch 2,2026-04-01,11:00 AM,60,Lounge,Singleplayer,Controller,Pokopia,Nintendo Switch 2,,0,229
3652,229,Nintendo Switch 2,2026-04-01,12:00 PM,60,Lounge,Singleplayer,Controller,Pokopia,Nintendo Switch 2,,0,229
3653,229,Nintendo Switch 2,2026-04-01,4:00 PM,60,Lounge,Singleplayer,Controller,Pokopia,Nintendo Switch 2,,0,229
3654,229,Nintendo Switch 2,2026-04-01,5:00 PM,60,Lounge,Singleplayer,Controller,Pokopia,Nintendo Switch 2,,0,229
3655,229,Nintendo Switch 2,2026-04-03,7:00 AM,75,Lounge,Singleplayer,Controller,Pokopia,Nintendo Switch 2,,0,229
3656,229,Nintendo Switch 2,2026-04-03,7:00 PM,30,Lounge,Singleplayer,Controller,Pokopia,Nintendo Switch 2,,0,229
3657,229,Nintendo Switch 2,2026-04-04,7:00 AM,45,Lounge,Singleplayer,Controller,Pokopia,Nintendo Switch 2,,0,229
3658,229,Nintendo Switch 2,2026-04-06,7:00 AM,75,Lounge,Singleplayer,Controller,Pokopia,Nintendo Switch 2,,0,229
3659,229,Nintendo Switch 2,2026-04-06,7:00 PM,30,Lounge,Singleplayer,Controller,Pokopia,Nintendo Switch 2,,0,229
3660,229,Nintendo Switch 2,2026-04-07,6:00 AM,30,Lounge,Singleplayer,Controller,Pokopia,Nintendo Switch 2,,0,229
3661,229,Nintendo Switch 2,2026-04-07,8:00 PM,30,Lounge,Singleplayer,Controller,Pokopia,Nintendo Switch 2,,0,229
3662,229,Nintendo Switch 2,2026-04-08,7:00 AM,30,Lounge,Singleplayer,Controller,Pokopia,Nintendo Switch 2,,0,229
3663,229,Nintendo Switch 2,2026-04-08,4:00 PM,90,Lounge,Singleplayer,Controller,Pokopia,Nintendo Switch 2,,0,229
3664,229,Nintendo Switch 2,2026-04-09,7:00 AM,60,Lounge,Singleplayer,Controller,Pokopia,Nintendo Switch 2,,0,229
